,Unnamed: 0,UDI,Machine_Id,Machine_type,Air_Temp_K,Process_Temp_K, Rotational_Speed_RPM,Torque_Nm,Tool_Wear_Min,Machine_Failure,Tool_Wear_Failure,Heat_Dissipation_Failure,Power_Failure,Overstrain_Failure,Random_Failure,temperature_diff,Total_failure_count,Torque_Category,RPM_type,Tool_Wear_type,High_Risk_flag
0,0,1,M14860,M,298.1,308.6,1551,42.8,0,0,0,0,0,0,0,10.5,0,Medium,Medium,Low,No
1,1,2,L47181,L,298.2,308.7,1408,46.3,3,0,0,0,0,0,0,10.5,0,High,Medium,Low,No
2,2,3,L47182,L,298.1,308.5,1498,49.4,5,0,0,0,0,0,0,10.399999999999977,0,High,Medium,Low,No
3,3,4,L47183,L,298.2,308.6,1433,39.5,7,0,0,0,0,0,0,10.400000000000034,0,Medium,Medium,Low,No
4,4,5,L47184,L,298.2,308.7,1408,40.0,9,0,0,0,0,0,0,10.5,0,Medium,Medium,Low,No
5,5,6,M14865,M,298.1,308.6,1425,41.9,11,0,0,0,0,0,0,10.5,0,Medium,Medium,Low,No
6,6,7,L47186,L,298.1,308.6,1558,42.4,14,0,0,0,0,0,0,10.5,0,Medium,Medium,Low,No
7,7,8,L47187,L,298.1,308.6,1527,40.2,16,0,0,0,0,0,0,10.5,0,Medium,Medium,Low,No
8,8,9,M14868,M,298.3,308.7,1667,28.6,18,0,0,0,0,0,0,10.399999999999977,0,Medium,High,Low,No
9,9,10,M14869,M,298.5,309.0,1741,28.0,21,0,0,0,0,0,0,10.5,0,Medium,High,Low,No
10,10,11,H29424,H,298.4,308.9,1782,23.9,24,0,0,0,0,0,0,10.5,0,Low,High,Low,No
11,11,12,H29425,H,298.6,309.1,1423,44.3,29,0,0,0,0,0,0,10.5,0,Medium,Medium,Low,No
12,12,13,M14872,M,298.6,309.1,1339,51.1,34,0,0,0,0,0,0,10.5,0,High,Medium,Low,No
13,13,14,M14873,M,298.6,309.2,1742,30.0,37,0,0,0,0,0,0,10.599999999999966,0,Medium,High,Low,No
14,14,15,L47194,L,298.6,309.2,2035,19.6,40,0,0,0,0,0,0,10.599999999999966,0,Low,High,Low,No
15,15,16,L47195,L,298.6,309.2,1542,48.4,42,0,0,0,0,0,0,10.599999999999966,0,High,Medium,Low,No
16,16,17,M14876,M,298.6,309.2,1311,46.6,44,0,0,0,0,0,0,10.599999999999966,0,High,Medium,Low,No
17,17,18,M14877,M,298.7,309.2,1410,45.6,47,0,0,0,0,0,0,10.5,0,High,Medium,Low,No
18,18,19,H29432,H,298.8,309.2,1306,54.5,50,0,0,0,0,0,0,10.399999999999977,0,High,Medium,Low,No
19,19,20,M14879,M,298.9,309.3,1632,32.5,55,0,0,0,0,0,0,10.400000000000034,0,Medium,Medium,Low,No
20,20,21,H29434,H,298.9,309.3,1375,42.7,58,0,0,0,0,0,0,10.400000000000034,0,Medium,Medium,Low,No
21,21,22,L47201,L,298.8,309.3,1450,44.8,63,0,0,0,0,0,0,10.5,0,Medium,Medium,Low,No
22,22,23,M14882,M,298.9,309.3,1581,30.7,65,0,0,0,0,0,0,10.400000000000034,0,Medium,Medium,Low,No
23,23,24,L47203,L,299.0,309.4,1758,25.7,68,0,0,0,0,0,0,10.399999999999977,0,High,High,Low,No
24,24,25,M14884,M,299.0,309.4,1561,37.3,70,0,0,0,0,0,0,10.399999999999977,0,Medium,Medium,Low,No
25,25,26,L47205,L,299.0,309.5,1861,23.3,73,0,0,0,0,0,0,10.5,0,Low,High,Low,No
26,26,27,L47206,L,299.1,309.5,1512,39.0,75,0,0,0,0,0,0,10.399999999999977,0,Medium,Medium,Low,No
27,27,28,H29441,H,299.1,309.4,1811,24.6,77,0,0,0,0,0,0,10.299999999999955,0,Low,High,Low,No
28,28,29,L47208,L,299.1,309.4,1439,44.2,82,0,0,0,0,0,0,10.299999999999955,0,Medium,Medium,Medium,No
29,29,30,L47209,L,299.0,309.4,1693,30.1,84,0,0,0,0,0,0,10.399999999999977,0,Medium,High,Medium,No
30,30,31,M14890,M,299.1,309.5,1339,48.2,86,0,0,0,0,0,0,10.399999999999977,0,High,Medium,Medium,No
31,31,32,L47211,L,299.0,309.4,1798,25.5,89,0,0,0,0,0,0,10.399999999999977,0,High,High,Medium,No
32,32,33,L47212,L,299.0,309.4,1419,48.3,91,0,0,0,0,0,0,10.399999999999977,0,High,Medium,Medium,No
33,33,34,L47213,L,298.9,309.3,1665,32.5,93,0,0,0,0,0,0,10.400000000000034,0,Medium,High,Medium,No
34,34,35,M14894,M,298.8,309.1,1559,34.7,95,0,0,0,0,0,0,10.300000000000011,0,Medium,Medium,Medium,No
35,35,36,M14895,M,298.8,309.2,1452,48.6,98,0,0,0,0,0,0,10.399999999999977,0,High,Medium,Medium,No
36,36,37,M14896,M,298.9,309.2,1581,36.7,101,0,0,0,0,0,0,10.300000000000011,0,Medium,Medium,Medium,No
37,37,38,L47217,L,298.8,309.1,1439,39.2,104,0,0,0,0,0,0,10.300000000000011,0,Medium,Medium,Medium,No
38,38,39,H29452,H,298.9,309.2,1379,50.7,106,0,0,0,0,0,0,10.300000000000011,0,High,Medium,Medium,No
39,39,40,L47219,L,298.8,309.1,1350,52.5,111,0,0,0,0,0,0,10.300000000000011,0,High,Medium,Medium,No
40,40,41,L47220,L,298.8,309.1,1362,45.4,113,0,0,0,0,0,0,10.300000000000011,0,High,Medium,Medium,No
41,41,42,L47221,L,298.8,309.1,1368,50.8,115,0,0,0,0,0,0,10.300000000000011,0,High,Medium,Medium,No
42,42,43,M14902,M,298.8,309.1,1368,49.1,117,0,0,0,0,0,0,10.300000000000011,0,High,Medium,Medium,No
43,43,44,H29457,H,298.8,309.2,1372,48.5,120,0,0,0,0,0,0,10.399999999999977,0,High,Medium,Medium,No
44,44,45,M14904,M,298.8,309.1,1472,47.5,125,0,0,0,0,0,0,10.300000000000011,0,High,Medium,Medium,No
45,45,46,L47225,L,298.8,309.1,1489,49.1,128,0,0,0,0,0,0,10.300000000000011,0,High,Medium,Medium,No
46,46,47,M14906,M,298.7,309.0,1843,25.8,130,0,0,0,0,0,0,10.300000000000011,0,High,High,Medium,No
47,47,48,L47227,L,298.8,309.1,1418,46.3,133,0,0,0,0,0,0,10.300000000000011,0,High,Medium,High,No
48,48,49,H29462,H,298.8,309.2,1425,53.9,135,0,0,0,0,0,0,10.399999999999977,0,High,Medium,High,No
49,49,50,M14909,M,298.9,309.2,1412,44.1,140,0,0,0,0,0,0,10.300000000000011,0,Medium,Medium,High,No
50,50,51,L47230,L,298.9,309.1,2861,4.6,143,1,0,0,1,0,0,10.200000000000045,1,Low,High,High,No
51,51,52,L47231,L,298.9,309.1,1383,54.9,145,0,0,0,0,0,0,10.200000000000045,0,High,Medium,High,No
52,52,53,H29466,H,298.8,309.0,1497,43.8,147,0,0,0,0,0,0,10.199999999999989,0,Medium,Medium,High,No
53,53,54,L47233,L,298.7,309.0,1565,35.1,152,0,0,0,0,0,0,10.300000000000011,0,Medium,Medium,High,No
54,54,55,L47234,L,298.7,309.0,1691,30.1,154,0,0,0,0,0,0,10.300000000000011,0,Medium,High,High,No
55,55,56,L47235,L,298.8,309.1,1512,40.7,156,0,0,0,0,0,0,10.300000000000011,0,Medium,Medium,High,No
56,56,57,L47236,L,298.8,309.1,1477,42.4,158,0,0,0,0,0,0,10.300000000000011,0,Medium,Medium,High,No
57,57,58,L47237,L,298.8,309.1,1513,40.3,160,0,0,0,0,0,0,10.300000000000011,0,Medium,Medium,High,No
58,58,59,M14918,M,298.8,309.0,1661,29.5,162,0,0,0,0,0,0,10.199999999999989,0,Medium,High,High,No
59,59,60,L47239,L,298.8,309.1,1378,54.4,165,0,0,0,0,0,0,10.300000000000011,0,High,Medium,High,No
60,60,61,L47240,L,298.8,309.1,1393,52.6,167,0,0,0,0,0,0,10.300000000000011,0,High,Medium,High,No
61,61,62,M14921,M,298.8,309.0,1592,38.2,169,0,0,0,0,0,0,10.199999999999989,0,Medium,Medium,High,No
62,62,63,L47242,L,298.8,309.0,1829,22.9,172,0,0,0,0,0,0,10.199999999999989,0,Low,High,High,No
63,63,64,M14923,M,298.9,309.0,1812,25.9,174,0,0,0,0,0,0,10.100000000000023,0,High,High,High,No
64,64,65,L47244,L,299.0,309.1,1523,38.6,177,0,0,0,0,0,0,10.100000000000023,0,Medium,Medium,High,No
65,65,66,L47245,L,299.0,309.1,1394,45.1,179,0,0,0,0,0,0,10.100000000000023,0,High,Medium,High,No
66,66,67,M14926,M,298.9,308.9,1679,28.7,181,0,0,0,0,0,0,10.0,0,Medium,High,High,No
67,67,68,H29481,H,298.8,308.9,1466,44.1,184,0,0,0,0,0,0,10.099999999999966,0,Medium,Medium,High,No
68,68,69,L47248,L,298.8,308.9,1527,32.4,189,0,0,0,0,0,0,10.099999999999966,0,Medium,Medium,High,No
69,69,70,L47249,L,298.9,309.0,1410,65.7,191,1,0,0,1,1,0,10.100000000000023,2,High,Medium,High,No
70,70,71,M14930,M,298.9,309.0,1924,22.6,193,0,0,0,0,0,0,10.100000000000023,0,Low,High,High,No
71,71,72,L47251,L,298.9,309.1,1452,45.5,196,0,0,0,0,0,0,10.200000000000045,0,High,Medium,High,No
72,72,73,L47252,L,298.9,309.1,1369,44.4,198,0,0,0,0,0,0,10.200000000000045,0,Medium,Medium,High,No
73,73,74,L47253,L,299.0,309.1,1592,35.0,200,0,0,0,0,0,0,10.100000000000023,0,Medium,Medium,High,No
74,74,75,L47254,L,298.9,309.0,1601,32.3,202,0,0,0,0,0,0,10.100000000000023,0,Medium,Medium,High,No
75,75,76,L47255,L,298.8,308.9,1379,46.7,204,0,0,0,0,0,0,10.099999999999966,0,High,Medium,High,No
76,76,77,L47256,L,298.8,308.9,1461,47.9,206,0,0,0,0,0,0,10.099999999999966,0,High,Medium,High,No
77,77,78,L47257,L,298.8,308.9,1455,41.3,208,1,1,0,0,0,0,10.099999999999966,1,Medium,Medium,High,No
78,78,79,L47258,L,298.8,308.9,1398,51.5,0,0,0,0,0,0,0,10.099999999999966,0,High,Medium,Low,No
79,79,80,L47259,L,298.8,308.9,1402,37.9,2,0,0,0,0,0,0,10.099999999999966,0,Medium,Medium,Low,No
80,80,81,H29494,H,298.8,308.8,1445,49.9,4,0,0,0,0,0,0,10.0,0,High,Medium,Low,No
81,81,82,L47261,L,298.9,308.9,1450,47.5,9,0,0,0,0,0,0,10.0,0,High,Medium,Low,No
82,82,83,L47262,L,298.9,308.9,1453,40.8,11,0,0,0,0,0,0,10.0,0,Medium,Medium,Low,No
83,83,84,L47263,L,299.0,309.0,1469,40.1,13,0,0,0,0,0,0,10.0,0,Medium,Medium,Low,No
84,84,85,L47264,L,298.9,308.9,1422,47.6,15,0,0,0,0,0,0,10.0,0,High,Medium,Low,No
85,85,86,M14945,M,299.0,309.0,1804,26.8,17,0,0,0,0,0,0,10.0,0,Medium,High,Low,No
86,86,87,H29500,H,299.0,309.0,1436,43.9,20,0,0,0,0,0,0,10.0,0,Medium,Medium,Low,No
87,87,88,L47267,L,299.0,309.0,1544,31.8,25,0,0,0,0,0,0,10.0,0,Medium,Medium,Low,No
88,88,89,M14948,M,299.0,309.0,1419,45.2,27,0,0,0,0,0,0,10.0,0,High,Medium,Low,No
89,89,90,M14949,M,298.9,308.9,1487,39.5,30,0,0,0,0,0,0,10.0,0,Medium,Medium,Low,No
90,90,91,L47270,L,298.9,308.9,1753,25.8,33,0,0,0,0,0,0,10.0,0,High,High,Low,No
91,91,92,L47271,L,298.9,308.9,1830,24.9,35,0,0,0,0,0,0,10.0,0,Low,High,Low,No
92,92,93,M14952,M,298.9,308.9,1727,27.1,37,0,0,0,0,0,0,10.0,0,Medium,High,Low,No
93,93,94,L47273,L,299.1,309.0,1450,43.0,40,0,0,0,0,0,0,9.899999999999977,0,Medium,Medium,Low,No
94,94,95,L47274,L,299.0,308.9,1622,31.9,42,0,0,0,0,0,0,9.899999999999977,0,Medium,Medium,Low,No
95,95,96,M14955,M,299.0,309.0,1351,52.2,44,0,0,0,0,0,0,10.0,0,High,Medium,Low,No
96,96,97,M14956,M,299.0,309.0,1575,35.3,47,0,0,0,0,0,0,10.0,0,Medium,Medium,Low,No
97,97,98,M14957,M,298.9,308.9,1750,29.9,50,0,0,0,0,0,0,10.0,0,Medium,High,Low,No
98,98,99,L47278,L,298.9,308.8,1529,32.7,53,0,0,0,0,0,0,9.900000000000034,0,Medium,Medium,Low,No
99,99,100,L47279,L,298.8,308.8,1523,44.4,55,0,0,0,0,0,0,10.0,0,Medium,Medium,Low,No
100,100,101,L47280,L,298.8,308.9,1852,25.0,57,0,0,0,0,0,0,10.099999999999966,0,Low,High,Low,No
101,101,102,L47281,L,298.8,308.8,1991,20.7,59,0,0,0,0,0,0,10.0,0,Low,High,Low,No
102,102,103,L47282,L,298.8,308.8,1555,40.6,61,0,0,0,0,0,0,10.0,0,Medium,Medium,Low,No
103,103,104,M14963,M,298.8,308.8,1441,40.5,63,0,0,0,0,0,0,10.0,0,Medium,Medium,Low,No
104,104,105,L47284,L,298.8,308.7,1450,43.4,66,0,0,0,0,0,0,9.899999999999977,0,Medium,Medium,Low,No
105,105,106,L47285,L,298.8,308.7,1591,31.1,68,0,0,0,0,0,0,9.899999999999977,0,Medium,Medium,Low,No
106,106,107,L47286,L,298.8,308.7,1445,48.5,70,0,0,0,0,0,0,9.899999999999977,0,High,Medium,Low,No
107,107,108,M14967,M,298.8,308.8,1497,46.8,72,0,0,0,0,0,0,10.0,0,High,Medium,Low,No
108,108,109,H29522,H,298.9,308.8,1621,32.7,75,0,0,0,0,0,0,9.900000000000034,0,Medium,Medium,Low,No
109,109,110,L47289,L,298.9,308.7,1572,34.1,80,0,0,0,0,0,0,9.800000000000011,0,Medium,Medium,Low,No
110,110,111,L47290,L,298.8,308.6,1872,22.5,82,0,0,0,0,0,0,9.800000000000011,0,Low,High,Medium,No
111,111,112,H29525,H,298.7,308.6,1499,43.5,84,0,0,0,0,0,0,9.900000000000034,0,Medium,Medium,Medium,No
112,112,113,M14972,M,298.8,308.7,1498,39.5,89,0,0,0,0,0,0,9.899999999999977,0,Medium,Medium,Medium,No
113,113,114,M14973,M,298.8,308.6,1486,41.9,92,0,0,0,0,0,0,9.800000000000011,0,Medium,Medium,Medium,No
114,114,115,L47294,L,298.8,308.6,1680,29.4,95,0,0,0,0,0,0,9.800000000000011,0,Medium,High,Medium,No
115,115,116,L47295,L,298.8,308.6,1431,45.7,97,0,0,0,0,0,0,9.800000000000011,0,High,Medium,Medium,No
116,116,117,L47296,L,298.9,308.7,1564,34.1,99,0,0,0,0,0,0,9.800000000000011,0,Medium,Medium,Medium,No
117,117,118,L47297,L,298.8,308.6,1599,33.0,101,0,0,0,0,0,0,9.800000000000011,0,Medium,Medium,Medium,No
118,118,119,M14978,M,298.8,308.6,1707,28.1,103,0,0,0,0,0,0,9.800000000000011,0,Medium,High,Medium,No
119,119,120,L47299,L,298.7,308.5,1467,40.7,106,0,0,0,0,0,0,9.800000000000011,0,Medium,Medium,Medium,No
120,120,121,L47300,L,298.9,308.7,1433,44.7,108,0,0,0,0,0,0,9.800000000000011,0,Medium,Medium,Medium,No
121,121,122,L47301,L,298.9,308.7,1558,41.2,110,0,0,0,0,0,0,9.800000000000011,0,Medium,Medium,Medium,No
122,122,123,L47302,L,299.0,308.8,1310,50.7,112,0,0,0,0,0,0,9.800000000000011,0,High,Medium,Medium,No
123,123,124,L47303,L,298.9,308.7,1546,43.4,114,0,0,0,0,0,0,9.800000000000011,0,Medium,Medium,Medium,No
124,124,125,L47304,L,298.9,308.7,1727,29.4,116,0,0,0,0,0,0,9.800000000000011,0,Medium,High,Medium,No
125,125,126,L47305,L,298.9,308.6,1560,32.2,118,0,0,0,0,0,0,9.700000000000045,0,Medium,Medium,Medium,No
126,126,127,L47306,L,299.0,308.6,1329,60.5,120,0,0,0,0,0,0,9.600000000000023,0,High,Medium,Medium,No
127,127,128,L47307,L,298.9,308.6,1413,46.5,122,0,0,0,0,0,0,9.700000000000045,0,High,Medium,Medium,No
128,128,129,L47308,L,299.0,308.6,1587,38.6,124,0,0,0,0,0,0,9.600000000000023,0,Medium,Medium,Medium,No
129,129,130,L47309,L,298.9,308.5,1559,34.3,126,0,0,0,0,0,0,9.600000000000023,0,Medium,Medium,Medium,No
130,130,131,L47310,L,298.8,308.4,1473,41.1,128,0,0,0,0,0,0,9.599999999999966,0,Medium,Medium,Medium,No
131,131,132,L47311,L,298.8,308.4,1737,27.7,130,0,0,0,0,0,0,9.599999999999966,0,Medium,High,Medium,No
132,132,133,M14992,M,298.7,308.4,1441,43.2,132,0,0,0,0,0,0,9.699999999999989,0,Medium,Medium,High,No
133,133,134,M14993,M,298.7,308.4,1430,49.6,135,0,0,0,0,0,0,9.699999999999989,0,High,Medium,High,No
134,134,135,L47314,L,298.8,308.4,1369,53.0,138,0,0,0,0,0,0,9.599999999999966,0,High,Medium,High,No
135,135,136,M14995,M,298.8,308.5,1711,28.5,140,0,0,0,0,0,0,9.699999999999989,0,Medium,High,High,No
136,136,137,H29550,H,298.7,308.5,1420,45.7,143,0,0,0,0,0,0,9.800000000000011,0,High,Medium,High,No
137,137,138,L47317,L,298.7,308.6,1297,55.3,148,0,0,0,0,0,0,9.900000000000034,0,High,Medium,High,No
138,138,139,H29552,H,298.8,308.6,1449,49.4,150,0,0,0,0,0,0,9.800000000000011,0,High,Medium,High,No
139,139,140,L47319,L,298.8,308.6,1268,55.8,155,0,0,0,0,0,0,9.800000000000011,0,High,Medium,High,No
140,140,141,L47320,L,298.8,308.6,1511,36.1,157,0,0,0,0,0,0,9.800000000000011,0,Medium,Medium,High,No
141,141,142,L47321,L,298.7,308.5,1544,35.2,159,0,0,0,0,0,0,9.800000000000011,0,Medium,Medium,High,No
142,142,143,M15002,M,298.6,308.4,1778,28.2,161,0,0,0,0,0,0,9.799999999999955,0,Medium,High,High,No
143,143,144,H29557,H,298.6,308.4,1407,50.5,164,0,0,0,0,0,0,9.799999999999955,0,High,Medium,High,No
144,144,145,M15004,M,298.6,308.4,1391,42.4,169,0,0,0,0,0,0,9.799999999999955,0,Medium,Medium,High,No
145,145,146,L47325,L,298.5,308.4,1513,33.6,172,0,0,0,0,0,0,9.899999999999977,0,Medium,Medium,High,No
146,146,147,H29560,H,298.5,308.4,1612,36.1,174,0,0,0,0,0,0,9.899999999999977,0,Medium,Medium,High,No
147,147,148,L47327,L,298.4,308.4,1515,40.1,179,0,0,0,0,0,0,10.0,0,Medium,Medium,High,No
148,148,149,M15008,M,298.3,308.3,1379,48.0,181,0,0,0,0,0,0,10.0,0,High,Medium,High,No
149,149,150,L47329,L,298.4,308.3,1473,39.9,184,0,0,0,0,0,0,9.900000000000034,0,Medium,Medium,High,No
150,150,151,L47330,L,298.4,308.3,1422,42.7,186,0,0,0,0,0,0,9.900000000000034,0,Medium,Medium,High,No
151,151,152,M15011,M,298.4,308.2,1463,37.6,188,0,0,0,0,0,0,9.800000000000011,0,Medium,Medium,High,No
152,152,153,M15012,M,298.4,308.2,1584,41.0,191,0,0,0,0,0,0,9.800000000000011,0,Medium,Medium,High,No
153,153,154,L47333,L,298.4,308.2,1850,27.0,194,0,0,0,0,0,0,9.800000000000011,0,Medium,High,High,No
154,154,155,L47334,L,298.4,308.2,1528,36.2,196,0,0,0,0,0,0,9.800000000000011,0,Medium,Medium,High,No
155,155,156,H29569,H,298.4,308.2,1987,19.8,198,0,0,0,0,0,0,9.800000000000011,0,Low,High,High,No
156,156,157,M15016,M,298.4,308.1,1495,46.0,203,0,0,0,0,0,0,9.700000000000045,0,High,Medium,High,No
157,157,158,H29571,H,298.4,308.2,1478,43.5,206,0,0,0,0,0,0,9.800000000000011,0,Medium,Medium,High,No
158,158,159,M15018,M,298.4,308.2,1499,40.0,211,0,0,0,0,0,0,9.800000000000011,0,Medium,Medium,High,No
159,159,160,L47339,L,298.4,308.2,1471,47.0,214,0,0,0,0,0,0,9.800000000000011,0,High,Medium,High,No
160,160,161,L47340,L,298.4,308.2,1282,60.7,216,1,0,0,0,1,0,9.800000000000011,1,High,Medium,High,No
161,161,162,L47341,L,298.3,308.1,1412,52.3,218,1,0,0,0,1,0,9.800000000000011,1,High,Medium,High,No
162,162,163,L47342,L,298.3,308.1,1586,35.5,0,0,0,0,0,0,0,9.800000000000011,0,Medium,Medium,Low,No
163,163,164,M15023,M,298.4,308.2,1468,43.8,2,0,0,0,0,0,0,9.800000000000011,0,Medium,Medium,Low,No
164,164,165,M15024,M,298.5,308.3,1440,43.6,5,0,0,0,0,0,0,9.800000000000011,0,Medium,Medium,Low,No
165,165,166,L47345,L,298.5,308.4,1733,26.0,8,0,0,0,0,0,0,9.899999999999977,0,Medium,High,Low,No
166,166,167,H29580,H,298.4,308.2,1612,32.6,10,0,0,0,0,0,0,9.800000000000011,0,Medium,Medium,Low,No
167,167,168,H29581,H,298.4,308.3,1458,42.9,15,0,0,0,0,0,0,9.900000000000034,0,Medium,Medium,Low,No
168,168,169,L47348,L,298.4,308.3,1433,62.3,20,1,0,0,1,0,0,9.900000000000034,1,High,Medium,Low,No
169,169,170,L47349,L,298.4,308.3,1318,59.1,22,0,0,0,0,0,0,9.900000000000034,0,High,Medium,Low,No
170,170,171,M15030,M,298.4,308.2,1610,35.0,24,0,0,0,0,0,0,9.800000000000011,0,Medium,Medium,Low,No
171,171,172,L47351,L,298.2,308.1,1462,50.8,27,0,0,0,0,0,0,9.900000000000034,0,High,Medium,Low,No
172,172,173,M15032,M,298.1,308.0,1924,20.8,29,0,0,0,0,0,0,9.899999999999977,0,Low,High,Low,No
173,173,174,M15033,M,298.2,308.0,1591,33.7,32,0,0,0,0,0,0,9.800000000000011,0,Medium,Medium,Low,No
174,174,175,L47354,L,298.2,308.1,1306,58.3,35,0,0,0,0,0,0,9.900000000000034,0,High,Medium,Low,No
175,175,176,L47355,L,298.2,308.1,1382,43.5,37,0,0,0,0,0,0,9.900000000000034,0,Medium,Medium,Low,No
176,176,177,L47356,L,298.2,308.1,1618,34.7,39,0,0,0,0,0,0,9.900000000000034,0,Medium,Medium,Low,No
177,177,178,L47357,L,298.2,308.2,1988,21.4,41,0,0,0,0,0,0,10.0,0,Low,High,Low,No
178,178,179,L47358,L,298.2,308.2,1436,50.2,43,0,0,0,0,0,0,10.0,0,High,Medium,Low,No
179,179,180,L47359,L,298.2,308.3,1304,49.8,45,0,0,0,0,0,0,10.100000000000023,0,High,Medium,Low,No
180,180,181,L47360,L,298.2,308.3,1475,49.9,47,0,0,0,0,0,0,10.100000000000023,0,High,Medium,Low,No
181,181,182,H29595,H,298.2,308.3,1824,24.2,49,0,0,0,0,0,0,10.100000000000023,0,Low,High,Low,No
182,182,183,M15042,M,298.1,308.2,1342,48.1,54,0,0,0,0,0,0,10.099999999999966,0,High,Medium,Low,No
183,183,184,L47363,L,298.1,308.2,1485,40.7,57,0,0,0,0,0,0,10.099999999999966,0,Medium,Medium,Low,No
184,184,185,L47364,L,298.2,308.2,1667,30.6,59,0,0,0,0,0,0,10.0,0,Medium,High,Low,No
185,185,186,L47365,L,298.2,308.2,1446,38.2,61,0,0,0,0,0,0,10.0,0,Medium,Medium,Low,No
186,186,187,L47366,L,298.1,308.3,1301,56.0,63,0,0,0,0,0,0,10.199999999999989,0,High,Medium,Low,No
187,187,188,L47367,L,298.2,308.4,1379,43.1,65,0,0,0,0,0,0,10.199999999999989,0,Medium,Medium,Low,No
188,188,189,L47368,L,298.3,308.5,1606,33.6,67,0,0,0,0,0,0,10.199999999999989,0,Medium,Medium,Low,No
189,189,190,M15049,M,298.3,308.4,1539,43.4,69,0,0,0,0,0,0,10.099999999999966,0,Medium,Medium,Low,No
190,190,191,L47370,L,298.2,308.4,1477,49.9,72,0,0,0,0,0,0,10.199999999999989,0,High,Medium,Low,No
191,191,192,L47371,L,298.2,308.4,1666,34.6,74,0,0,0,0,0,0,10.199999999999989,0,Medium,High,Low,No
192,192,193,H29606,H,298.2,308.4,1398,51.8,76,0,0,0,0,0,0,10.199999999999989,0,High,Medium,Low,No
193,193,194,H29607,H,298.2,308.4,1678,34.6,81,0,0,0,0,0,0,10.199999999999989,0,Medium,High,Medium,No
194,194,195,M15054,M,298.2,308.5,2678,10.7,86,1,0,0,1,0,0,10.300000000000011,1,Low,High,Medium,No
195,195,196,L47375,L,298.3,308.5,1453,42.9,89,0,0,0,0,0,0,10.199999999999989,0,Medium,Medium,Medium,No
196,196,197,H29610,H,298.3,308.6,1432,49.5,91,0,0,0,0,0,0,10.300000000000011,0,High,Medium,Medium,No
197,197,198,M15057,M,298.4,308.6,1527,40.9,96,0,0,0,0,0,0,10.200000000000045,0,Medium,Medium,Medium,No
198,198,199,L47378,L,298.4,308.7,1588,35.0,99,0,0,0,0,0,0,10.300000000000011,0,Medium,Medium,Medium,No
199,199,200,L47379,L,298.4,308.6,1433,47.1,101,0,0,0,0,0,0,10.200000000000045,0,High,Medium,Medium,No
200,200,201,L47380,L,298.4,308.6,1609,35.0,103,0,0,0,0,0,0,10.200000000000045,0,Medium,Medium,Medium,No
201,201,202,L47381,L,298.3,308.5,1575,41.2,105,0,0,0,0,0,0,10.199999999999989,0,Medium,Medium,Medium,No
202,202,203,M15062,M,298.4,308.5,1636,35.7,107,0,0,0,0,0,0,10.100000000000023,0,Medium,Medium,Medium,No
203,203,204,L47383,L,298.4,308.5,1490,37.9,110,0,0,0,0,0,0,10.100000000000023,0,Medium,Medium,Medium,No
204,204,205,L47384,L,298.4,308.5,1741,32.8,112,0,0,0,0,0,0,10.100000000000023,0,Medium,High,Medium,No
205,205,206,M15065,M,298.5,308.6,1344,53.0,114,0,0,0,0,0,0,10.100000000000023,0,High,Medium,Medium,No
206,206,207,L47386,L,298.5,308.7,1609,35.3,117,0,0,0,0,0,0,10.199999999999989,0,Medium,Medium,Medium,No
207,207,208,M15067,M,298.4,308.7,1421,60.7,119,1,0,0,1,0,0,10.300000000000011,1,High,Medium,Medium,No
208,208,209,L47388,L,298.4,308.6,1591,36.7,122,0,0,0,0,0,0,10.200000000000045,0,Medium,Medium,Medium,No
209,209,210,L47389,L,298.4,308.6,1477,44.0,124,0,0,0,0,0,0,10.200000000000045,0,Medium,Medium,Medium,No
210,210,211,L47390,L,298.4,308.7,1523,36.1,126,0,0,0,0,0,0,10.300000000000011,0,Medium,Medium,Medium,No
211,211,212,L47391,L,298.5,308.7,1575,33.9,128,0,0,0,0,0,0,10.199999999999989,0,Medium,Medium,Medium,No
212,212,213,H29626,H,298.4,308.7,1344,52.9,130,0,0,0,0,0,0,10.300000000000011,0,High,Medium,Medium,No
213,213,214,L47393,L,298.4,308.7,1386,44.9,135,0,0,0,0,0,0,10.300000000000011,0,Medium,Medium,High,No
214,214,215,M15074,M,298.3,308.6,1589,37.1,137,0,0,0,0,0,0,10.300000000000011,0,Medium,Medium,High,No
215,215,216,L47395,L,298.3,308.6,1548,40.3,140,0,0,0,0,0,0,10.300000000000011,0,Medium,Medium,High,No
216,216,217,L47396,L,298.3,308.6,1499,38.3,142,0,0,0,0,0,0,10.300000000000011,0,Medium,Medium,High,No
217,217,218,L47397,L,298.3,308.5,1664,31.6,144,0,0,0,0,0,0,10.199999999999989,0,Medium,High,High,No
218,218,219,L47398,L,298.3,308.6,1447,38.1,146,0,0,0,0,0,0,10.300000000000011,0,Medium,Medium,High,No
219,219,220,M15079,M,298.3,308.5,1434,46.2,148,0,0,0,0,0,0,10.199999999999989,0,High,Medium,High,No
220,220,221,L47400,L,298.3,308.5,1416,52.7,151,0,0,0,0,0,0,10.199999999999989,0,High,Medium,High,No
221,221,222,H29635,H,298.4,308.5,1827,24.3,153,0,0,0,0,0,0,10.100000000000023,0,Low,High,High,No
222,222,223,L47402,L,298.4,308.6,1304,45.0,158,0,0,0,0,0,0,10.200000000000045,0,Medium,Medium,High,No
223,223,224,L47403,L,298.4,308.6,1569,34.4,160,0,0,0,0,0,0,10.200000000000045,0,Medium,Medium,High,No
224,224,225,L47404,L,298.3,308.6,1584,29.3,162,0,0,0,0,0,0,10.300000000000011,0,Medium,Medium,High,No
225,225,226,L47405,L,298.3,308.5,1362,53.8,164,0,0,0,0,0,0,10.199999999999989,0,High,Medium,High,No
226,226,227,L47406,L,298.3,308.4,1329,49.2,166,0,0,0,0,0,0,10.099999999999966,0,High,Medium,High,No
227,227,228,L47407,L,298.3,308.5,1539,36.1,168,0,0,0,0,0,0,10.199999999999989,0,Medium,Medium,High,No
228,228,229,M15088,M,298.3,308.5,1629,37.1,170,0,0,0,0,0,0,10.199999999999989,0,Medium,Medium,High,No
229,229,230,L47409,L,298.3,308.5,1538,32.2,173,0,0,0,0,0,0,10.199999999999989,0,Medium,Medium,High,No
230,230,231,L47410,L,298.3,308.6,1570,34.8,175,0,0,0,0,0,0,10.300000000000011,0,Medium,Medium,High,No
231,231,232,L47411,L,298.3,308.4,1408,43.1,177,0,0,0,0,0,0,10.099999999999966,0,Medium,Medium,High,No
232,232,233,L47412,L,298.2,308.4,1424,47.6,179,0,0,0,0,0,0,10.199999999999989,0,High,Medium,High,No
233,233,234,L47413,L,298.2,308.4,1512,34.9,181,0,0,0,0,0,0,10.199999999999989,0,Medium,Medium,High,No
234,234,235,L47414,L,298.2,308.4,1478,42.9,183,0,0,0,0,0,0,10.199999999999989,0,Medium,Medium,High,No
235,235,236,M15095,M,298.1,308.3,1680,33.7,185,0,0,0,0,0,0,10.199999999999989,0,Medium,High,High,No
236,236,237,L47416,L,298.1,308.3,1495,38.7,188,0,0,0,0,0,0,10.199999999999989,0,Medium,Medium,High,No
237,237,238,M15097,M,298.0,308.1,1552,36.6,190,0,0,0,0,0,0,10.100000000000023,0,Medium,Medium,High,No
238,238,239,L47418,L,297.9,308.1,1393,50.3,193,0,0,0,0,0,0,10.200000000000045,0,High,Medium,High,No
239,239,240,L47419,L,298.0,308.2,1611,30.6,195,0,0,0,0,0,0,10.199999999999989,0,Medium,Medium,High,No
240,240,241,M15100,M,298.0,308.1,1339,51.6,197,0,0,0,0,0,0,10.100000000000023,0,High,Medium,High,No
241,241,242,L47421,L,298.0,308.1,1777,24.3,200,0,0,0,0,0,0,10.100000000000023,0,Low,High,High,No
242,242,243,L47422,L,298.0,308.2,1348,58.8,202,1,0,0,0,1,0,10.199999999999989,1,High,Medium,High,No
243,243,244,L47423,L,298.0,308.2,1442,44.1,204,0,0,0,0,0,0,10.199999999999989,0,Medium,Medium,High,No
244,244,245,M15104,M,298.0,308.2,1395,49.1,206,0,0,0,0,0,0,10.199999999999989,0,High,Medium,High,No
245,245,246,M15105,M,297.9,308.1,1627,31.4,209,0,0,0,0,0,0,10.200000000000045,0,Medium,Medium,High,No
246,246,247,L47426,L,297.9,308.1,1585,33.5,212,0,0,0,0,0,0,10.200000000000045,0,Medium,Medium,High,No
247,247,248,L47427,L,298.0,308.2,1469,45.5,214,0,0,0,0,0,0,10.199999999999989,0,High,Medium,High,No
248,248,249,L47428,L,298.0,308.3,1362,56.8,216,1,0,0,0,1,0,10.300000000000011,1,High,Medium,High,No
249,249,250,L47429,L,298.0,308.3,1405,56.2,218,1,0,0,0,1,0,10.300000000000011,1,High,Medium,High,No
250,250,251,L47430,L,298.0,308.3,1662,32.7,0,0,0,0,0,0,0,10.300000000000011,0,Medium,High,Low,No
251,251,252,M15111,M,298.0,308.2,1466,42.6,2,0,0,0,0,0,0,10.199999999999989,0,Medium,Medium,Low,No
252,252,253,L47432,L,298.0,308.2,1620,35.8,5,0,0,0,0,0,0,10.199999999999989,0,Medium,Medium,Low,No
253,253,254,L47433,L,298.0,308.2,1357,48.2,7,0,0,0,0,0,0,10.199999999999989,0,High,Medium,Low,No
254,254,255,L47434,L,298.0,308.2,1514,37.9,9,0,0,0,0,0,0,10.199999999999989,0,Medium,Medium,Low,No
255,255,256,L47435,L,298.0,308.2,1489,40.4,11,0,0,0,0,0,0,10.199999999999989,0,Medium,Medium,Low,No
256,256,257,L47436,L,298.1,308.3,1331,63.0,13,0,0,0,0,0,0,10.199999999999989,0,High,Medium,Low,No
257,257,258,L47437,L,298.0,308.0,1615,29.5,15,0,0,0,0,0,0,10.0,0,Medium,Medium,Low,No
258,258,259,L47438,L,298.1,308.2,1482,37.9,17,0,0,0,0,0,0,10.099999999999966,0,Medium,Medium,Low,No
259,259,260,M15119,M,298.1,308.2,1420,63.9,19,1,0,0,1,0,0,10.099999999999966,1,High,Medium,Low,No
260,260,261,M15120,M,298.2,308.3,1522,49.1,22,0,0,0,0,0,0,10.100000000000023,0,High,Medium,Low,No
261,261,262,L47441,L,298.1,308.2,1654,32.1,25,0,0,0,0,0,0,10.099999999999966,0,Medium,High,Low,No
262,262,263,M15122,M,298.1,308.2,1736,26.8,27,0,0,0,0,0,0,10.099999999999966,0,Medium,High,Low,No
263,263,264,M15123,M,298.0,308.1,1587,32.3,30,0,0,0,0,0,0,10.100000000000023,0,Medium,Medium,Low,No
264,264,265,L47444,L,298.1,308.2,1390,47.5,33,0,0,0,0,0,0,10.099999999999966,0,High,Medium,Low,No
265,265,266,L47445,L,298.0,308.1,1454,37.1,35,0,0,0,0,0,0,10.100000000000023,0,Medium,Medium,Low,No
266,266,267,H29680,H,298.0,308.1,1440,43.7,37,0,0,0,0,0,0,10.100000000000023,0,Medium,Medium,Low,No
267,267,268,L47447,L,297.9,308.0,1954,21.1,42,0,0,0,0,0,0,10.100000000000023,0,Low,High,Low,No
268,268,269,H29682,H,297.9,308.0,1800,24.8,44,0,0,0,0,0,0,10.100000000000023,0,Low,High,Low,No
269,269,270,L47449,L,298.0,308.0,1524,37.0,49,0,0,0,0,0,0,10.0,0,Medium,Medium,Low,No
270,270,271,H29684,H,298.0,308.0,1520,39.6,51,0,0,0,0,0,0,10.0,0,Medium,Medium,Low,No
271,271,272,M15131,M,298.1,308.1,1452,40.8,56,0,0,0,0,0,0,10.0,0,Medium,Medium,Low,No
272,272,273,L47452,L,298.1,308.1,1484,40.4,59,0,0,0,0,0,0,10.0,0,Medium,Medium,Low,No
273,273,274,L47453,L,298.1,308.0,1426,46.0,61,0,0,0,0,0,0,9.899999999999977,0,High,Medium,Low,No
274,274,275,L47454,L,298.1,308.0,1652,28.5,63,0,0,0,0,0,0,9.899999999999977,0,Medium,High,Low,No
275,275,276,L47455,L,298.0,308.0,1401,54.7,65,0,0,0,0,0,0,10.0,0,High,Medium,Low,No
276,276,277,M15136,M,298.0,307.9,1750,26.6,67,0,0,0,0,0,0,9.899999999999977,0,Medium,High,Low,No
277,277,278,H29691,H,298.0,308.0,1479,50.7,70,0,0,0,0,0,0,10.0,0,High,Medium,Low,No
278,278,279,M15138,M,298.0,308.0,1620,29.4,75,0,0,0,0,0,0,10.0,0,Medium,Medium,Low,No
279,279,280,L47459,L,298.0,308.1,1819,23.4,78,0,0,0,0,0,0,10.100000000000023,0,Low,High,Low,No
280,280,281,M15140,M,298.1,308.1,1456,43.7,80,0,0,0,0,0,0,10.0,0,Medium,Medium,Low,No
281,281,282,L47461,L,298.1,308.0,1626,36.5,83,0,0,0,0,0,0,9.899999999999977,0,Medium,Medium,Medium,No
282,282,283,M15142,M,298.1,308.1,1390,49.8,85,0,0,0,0,0,0,10.0,0,High,Medium,Medium,No
283,283,284,L47463,L,298.2,308.2,1469,43.0,88,0,0,0,0,0,0,10.0,0,Medium,Medium,Medium,No
284,284,285,L47464,L,298.2,308.3,2051,19.2,90,0,0,0,0,0,0,10.100000000000023,0,Low,High,Medium,No
285,285,286,L47465,L,298.2,308.3,1568,36.0,92,0,0,0,0,0,0,10.100000000000023,0,Medium,Medium,Medium,No
286,286,287,L47466,L,298.2,308.3,1589,33.2,94,0,0,0,0,0,0,10.100000000000023,0,Medium,Medium,Medium,No
287,287,288,L47467,L,298.2,308.3,1805,31.6,96,0,0,0,0,0,0,10.100000000000023,0,Medium,High,Medium,No
288,288,289,H29702,H,298.2,308.4,1385,42.2,98,0,0,0,0,0,0,10.199999999999989,0,Medium,Medium,Medium,No
289,289,290,L47469,L,298.1,308.4,1436,46.7,103,0,0,0,0,0,0,10.299999999999955,0,High,Medium,Medium,No
290,290,291,L47470,L,298.1,308.4,1438,45.6,105,0,0,0,0,0,0,10.299999999999955,0,High,Medium,Medium,No
291,291,292,L47471,L,298.0,308.3,1473,42.6,107,0,0,0,0,0,0,10.300000000000011,0,Medium,Medium,Medium,No
292,292,293,L47472,L,298.1,308.4,1335,40.2,109,0,0,0,0,0,0,10.299999999999955,0,Medium,Medium,Medium,No
293,293,294,H29707,H,298.1,308.5,1392,44.8,111,0,0,0,0,0,0,10.399999999999977,0,Medium,Medium,Medium,No
294,294,295,M15154,M,298.1,308.5,1372,51.1,116,0,0,0,0,0,0,10.399999999999977,0,High,Medium,Medium,No
295,295,296,M15155,M,298.1,308.6,1716,30.7,119,0,0,0,0,0,0,10.5,0,Medium,High,Medium,No
296,296,297,L47476,L,298.0,308.5,1395,46.2,122,0,0,0,0,0,0,10.5,0,High,Medium,Medium,No
297,297,298,L47477,L,298.0,308.5,1713,25.3,124,0,0,0,0,0,0,10.5,0,High,High,Medium,No
298,298,299,H29712,H,297.9,308.5,2129,18.7,126,0,0,0,0,0,0,10.600000000000023,0,Low,High,Medium,No
299,299,300,M15159,M,297.8,308.3,1567,35.6,131,0,0,0,0,0,0,10.5,0,Medium,Medium,High,No
300,300,301,L47480,L,297.8,308.4,1622,38.3,134,0,0,0,0,0,0,10.599999999999966,0,Medium,Medium,High,No
301,301,302,L47481,L,297.7,308.4,1740,27.1,136,0,0,0,0,0,0,10.699999999999989,0,Medium,High,High,No
302,302,303,H29716,H,297.8,308.4,1512,35.1,138,0,0,0,0,0,0,10.599999999999966,0,Medium,Medium,High,No
303,303,304,M15163,M,297.8,308.4,1479,43.5,143,0,0,0,0,0,0,10.599999999999966,0,Medium,Medium,High,No
304,304,305,L47484,L,297.8,308.4,1737,27.5,146,0,0,0,0,0,0,10.599999999999966,0,Medium,High,High,No
305,305,306,L47485,L,297.8,308.4,2129,19.2,148,0,0,0,0,0,0,10.599999999999966,0,Low,High,High,No
306,306,307,L47486,L,297.8,308.4,1374,47.1,150,0,0,0,0,0,0,10.599999999999966,0,High,Medium,High,No
307,307,308,M15167,M,297.8,308.4,1579,36.6,152,0,0,0,0,0,0,10.599999999999966,0,Medium,Medium,High,No
308,308,309,L47488,L,297.9,308.5,1305,47.2,155,0,0,0,0,0,0,10.600000000000023,0,High,Medium,High,No
309,309,310,M15169,M,297.9,308.5,1449,40.8,157,0,0,0,0,0,0,10.600000000000023,0,Medium,Medium,High,No
310,310,311,H29724,H,298.0,308.6,1526,41.8,160,0,0,0,0,0,0,10.600000000000023,0,Medium,Medium,High,No
311,311,312,M15171,M,298.0,308.6,1453,44.1,165,0,0,0,0,0,0,10.600000000000023,0,Medium,Medium,High,No
312,312,313,L47492,L,297.9,308.6,1468,36.0,168,0,0,0,0,0,0,10.700000000000045,0,Medium,Medium,High,No
313,313,314,L47493,L,298.0,308.6,1313,50.8,170,0,0,0,0,0,0,10.600000000000023,0,High,Medium,High,No
314,314,315,M15174,M,297.9,308.5,1300,53.0,172,0,0,0,0,0,0,10.600000000000023,0,High,Medium,High,No
315,315,316,L47495,L,297.9,308.4,1646,40.6,175,0,0,0,0,0,0,10.5,0,Medium,Medium,High,No
316,316,317,L47496,L,297.8,308.4,1714,33.2,177,0,0,0,0,0,0,10.599999999999966,0,Medium,High,High,No
317,317,318,L47497,L,297.8,308.4,1685,28.4,179,0,0,0,0,0,0,10.599999999999966,0,Medium,High,High,No
318,318,319,L47498,L,297.8,308.4,1512,39.9,181,0,0,0,0,0,0,10.599999999999966,0,Medium,Medium,High,No
319,319,320,L47499,L,297.8,308.4,1612,32.1,183,0,0,0,0,0,0,10.599999999999966,0,Medium,Medium,High,No
320,320,321,H29734,H,297.8,308.4,1550,38.2,185,0,0,0,0,0,0,10.599999999999966,0,Medium,Medium,High,No
321,321,322,L47501,L,297.8,308.4,1518,32.5,190,0,0,0,0,0,0,10.599999999999966,0,Medium,Medium,High,No
322,322,323,L47502,L,297.8,308.5,1448,40.0,192,0,0,0,0,0,0,10.699999999999989,0,Medium,Medium,High,No
323,323,324,L47503,L,297.8,308.5,1561,46.3,194,0,0,0,0,0,0,10.699999999999989,0,High,Medium,High,No
324,324,325,M15184,M,297.8,308.5,1488,41.9,196,0,0,0,0,0,0,10.699999999999989,0,Medium,Medium,High,No
325,325,326,L47505,L,297.8,308.5,1699,27.8,199,0,0,0,0,0,0,10.699999999999989,0,Medium,High,High,No
326,326,327,L47506,L,297.7,308.5,1501,41.4,201,0,0,0,0,0,0,10.800000000000011,0,Medium,Medium,High,No
327,327,328,L47507,L,297.7,308.5,1373,56.7,203,1,0,0,0,1,0,10.800000000000011,1,High,Medium,High,No
328,328,329,H29742,H,297.6,308.4,1703,31.4,205,0,0,0,0,0,0,10.799999999999955,0,Medium,High,High,No
329,329,330,H29743,H,297.7,308.5,1720,29.9,210,0,0,0,0,0,0,10.800000000000011,0,Medium,High,High,No
330,330,331,M15190,M,297.6,308.4,1398,41.9,215,0,0,0,0,0,0,10.799999999999955,0,Medium,Medium,High,No
331,331,332,M15191,M,297.6,308.4,1391,51.9,218,0,0,0,0,0,0,10.799999999999955,0,High,Medium,High,No
332,332,333,M15192,M,297.6,308.3,1538,40.2,0,0,0,0,0,0,0,10.699999999999989,0,Medium,Medium,Low,No
333,333,334,L47513,L,297.5,308.2,1647,31.3,3,0,0,0,0,0,0,10.699999999999989,0,Medium,Medium,Low,No
334,334,335,M15194,M,297.5,308.1,1469,44.8,5,0,0,0,0,0,0,10.600000000000023,0,Medium,Medium,Low,No
335,335,336,L47515,L,297.4,308.1,1749,25.9,8,0,0,0,0,0,0,10.700000000000045,0,High,High,Low,No
336,336,337,M15196,M,297.6,308.2,1995,20.5,10,0,0,0,0,0,0,10.599999999999966,0,Low,High,Low,No
337,337,338,L47517,L,297.6,308.3,1742,27.7,13,0,0,0,0,0,0,10.699999999999989,0,Medium,High,Low,No
338,338,339,L47518,L,297.5,308.2,1563,38.2,15,0,0,0,0,0,0,10.699999999999989,0,Medium,Medium,Low,No
339,339,340,M15199,M,297.5,308.2,1713,32.2,17,0,0,0,0,0,0,10.699999999999989,0,Medium,High,Low,No
340,340,341,L47520,L,297.4,308.1,1474,39.4,20,0,0,0,0,0,0,10.700000000000045,0,Medium,Medium,Low,No
341,341,342,M15201,M,297.4,308.2,1530,32.6,22,0,0,0,0,0,0,10.800000000000011,0,Medium,Medium,Low,No
342,342,343,L47522,L,297.4,308.2,1471,46.5,25,0,0,0,0,0,0,10.800000000000011,0,High,Medium,Low,No
343,343,344,L47523,L,297.5,308.3,1388,48.6,27,0,0,0,0,0,0,10.800000000000011,0,High,Medium,Low,No
344,344,345,M15204,M,297.5,308.2,2448,13.8,29,0,0,0,0,0,0,10.699999999999989,0,Low,High,Low,No
345,345,346,L47525,L,297.5,308.3,1585,32.9,32,0,0,0,0,0,0,10.800000000000011,0,Medium,Medium,Low,No
346,346,347,M15206,M,297.5,308.3,1459,45.2,34,0,0,0,0,0,0,10.800000000000011,0,High,Medium,Low,No
347,347,348,L47527,L,297.5,308.3,1544,40.8,37,0,0,0,0,0,0,10.800000000000011,0,Medium,Medium,Low,No
348,348,349,L47528,L,297.6,308.3,1617,31.7,39,0,0,0,0,0,0,10.699999999999989,0,Medium,Medium,Low,No
349,349,350,L47529,L,297.6,308.3,1595,34.3,41,0,0,0,0,0,0,10.699999999999989,0,Medium,Medium,Low,No
350,350,351,H29764,H,297.6,308.3,1400,44.3,43,0,0,0,0,0,0,10.699999999999989,0,Medium,Medium,Low,No
351,351,352,M15211,M,297.6,308.4,1611,31.0,48,0,0,0,0,0,0,10.799999999999955,0,Medium,Medium,Low,No
352,352,353,M15212,M,297.6,308.4,1507,46.0,51,0,0,0,0,0,0,10.799999999999955,0,High,Medium,Low,No
353,353,354,H29767,H,297.5,308.3,1674,30.0,54,0,0,0,0,0,0,10.800000000000011,0,Medium,High,Low,No
354,354,355,L47534,L,297.6,308.3,1658,34.3,59,0,0,0,0,0,0,10.699999999999989,0,Medium,High,Low,No
355,355,356,L47535,L,297.6,308.3,1623,36.9,61,0,0,0,0,0,0,10.699999999999989,0,Medium,Medium,Low,No
356,356,357,M15216,M,297.6,308.4,1398,48.9,63,0,0,0,0,0,0,10.799999999999955,0,High,Medium,Low,No
357,357,358,L47537,L,297.6,308.4,1517,34.2,66,0,0,0,0,0,0,10.799999999999955,0,Medium,Medium,Low,No
358,358,359,M15218,M,297.6,308.3,1467,36.7,68,0,0,0,0,0,0,10.699999999999989,0,Medium,Medium,Low,No
359,359,360,M15219,M,297.6,308.3,1567,34.6,71,0,0,0,0,0,0,10.699999999999989,0,Medium,Medium,Low,No
360,360,361,M15220,M,297.5,308.3,1521,38.2,74,0,0,0,0,0,0,10.800000000000011,0,Medium,Medium,Low,No
361,361,362,L47541,L,297.5,308.3,1596,36.8,77,0,0,0,0,0,0,10.800000000000011,0,Medium,Medium,Low,No
362,362,363,H29776,H,297.6,308.3,1640,30.9,79,0,0,0,0,0,0,10.699999999999989,0,Medium,Medium,Low,No
363,363,364,L47543,L,297.6,308.3,1438,47.8,84,0,0,0,0,0,0,10.699999999999989,0,High,Medium,Medium,No
364,364,365,L47544,L,297.6,308.4,1407,55.2,86,0,0,0,0,0,0,10.799999999999955,0,High,Medium,Medium,No
365,365,366,L47545,L,297.6,308.4,1353,57.5,88,0,0,0,0,0,0,10.799999999999955,0,High,Medium,Medium,No
366,366,367,M15226,M,297.6,308.5,1552,40.9,90,0,0,0,0,0,0,10.899999999999977,0,Medium,Medium,Medium,No
367,367,368,M15227,M,297.6,308.4,1569,38.3,93,0,0,0,0,0,0,10.799999999999955,0,Medium,Medium,Medium,No
368,368,369,L47548,L,297.5,308.4,1489,39.5,96,0,0,0,0,0,0,10.899999999999977,0,Medium,Medium,Medium,No
369,369,370,H29783,H,297.5,308.4,1587,36.1,98,0,0,0,0,0,0,10.899999999999977,0,Medium,Medium,Medium,No
370,370,371,M15230,M,297.5,308.3,1622,37.2,103,0,0,0,0,0,0,10.800000000000011,0,Medium,Medium,Medium,No
371,371,372,L47551,L,297.5,308.4,1604,38.1,106,0,0,0,0,0,0,10.899999999999977,0,Medium,Medium,Medium,No
372,372,373,M15232,M,297.4,308.3,1405,51.7,108,0,0,0,0,0,0,10.900000000000034,0,High,Medium,Medium,No
373,373,374,L47553,L,297.4,308.3,1412,42.0,111,0,0,0,0,0,0,10.900000000000034,0,Medium,Medium,Medium,No
374,374,375,L47554,L,297.4,308.3,1431,43.0,113,0,0,0,0,0,0,10.900000000000034,0,Medium,Medium,Medium,No
375,375,376,L47555,L,297.4,308.2,1533,37.4,115,0,0,0,0,0,0,10.800000000000011,0,Medium,Medium,Medium,No
376,376,377,M15236,M,297.4,308.2,1401,51.9,117,0,0,0,0,0,0,10.800000000000011,0,High,Medium,Medium,No
377,377,378,M15237,M,297.4,308.2,1424,53.9,120,0,0,0,0,0,0,10.800000000000011,0,High,Medium,Medium,No
378,378,379,L47558,L,297.3,308.2,1754,29.4,123,0,0,0,0,0,0,10.899999999999977,0,Medium,High,Medium,No
379,379,380,L47559,L,297.3,308.2,1754,26.8,125,0,0,0,0,0,0,10.899999999999977,0,Medium,High,Medium,No
380,380,381,L47560,L,297.5,308.3,2564,12.8,127,1,0,0,1,0,0,10.800000000000011,1,Low,High,Medium,No
381,381,382,L47561,L,297.5,308.5,1546,40.4,129,0,0,0,0,0,0,11.0,0,Medium,Medium,Medium,No
382,382,383,L47562,L,297.5,308.5,1335,48.0,131,0,0,0,0,0,0,11.0,0,High,Medium,High,No
383,383,384,M15243,M,297.5,308.6,1842,27.0,133,0,0,0,0,0,0,11.100000000000023,0,Medium,High,High,No
384,384,385,L47564,L,297.5,308.5,1712,26.8,136,0,0,0,0,0,0,11.0,0,Medium,High,High,No
385,385,386,M15245,M,297.6,308.6,1414,45.4,138,0,0,0,0,0,0,11.0,0,High,Medium,High,No
386,386,387,L47566,L,297.6,308.7,1319,50.9,141,0,0,0,0,0,0,11.099999999999966,0,High,Medium,High,No
387,387,388,L47567,L,297.7,308.7,1249,60.4,143,0,0,0,0,0,0,11.0,0,High,Low,High,No
388,388,389,L47568,L,297.6,308.7,1455,48.2,145,0,0,0,0,0,0,11.099999999999966,0,High,Medium,High,No
389,389,390,M15249,M,297.6,308.7,1408,54.8,147,0,0,0,0,0,0,11.099999999999966,0,High,Medium,High,No
390,390,391,L47570,L,297.6,308.7,1460,46.7,150,0,0,0,0,0,0,11.099999999999966,0,High,Medium,High,No
391,391,392,L47571,L,297.6,308.6,1491,38.1,152,0,0,0,0,0,0,11.0,0,Medium,Medium,High,No
392,392,393,M15252,M,297.6,308.5,1490,43.4,154,0,0,0,0,0,0,10.899999999999977,0,Medium,Medium,High,No
393,393,394,M15253,M,297.5,308.4,1350,52.2,157,0,0,0,0,0,0,10.899999999999977,0,High,Medium,High,No
394,394,395,L47574,L,297.5,308.4,1528,39.9,160,0,0,0,0,0,0,10.899999999999977,0,Medium,Medium,High,No
395,395,396,L47575,L,297.4,308.3,1571,37.7,162,0,0,0,0,0,0,10.900000000000034,0,Medium,Medium,High,No
396,396,397,L47576,L,297.4,308.3,1490,42.6,164,0,0,0,0,0,0,10.900000000000034,0,Medium,Medium,High,No
397,397,398,M15257,M,297.4,308.3,1774,28.9,166,0,0,0,0,0,0,10.900000000000034,0,Medium,High,High,No
398,398,399,H29812,H,297.4,308.3,1502,43.6,169,0,0,0,0,0,0,10.900000000000034,0,Medium,Medium,High,No
399,399,400,L47579,L,297.4,308.4,1392,49.7,174,0,0,0,0,0,0,11.0,0,High,Medium,High,No
400,400,401,L47580,L,297.4,308.5,2100,16.9,176,0,0,0,0,0,0,11.100000000000023,0,Low,High,High,No
401,401,402,L47581,L,297.5,308.5,1722,30.4,178,0,0,0,0,0,0,11.0,0,Medium,High,High,No
402,402,403,L47582,L,297.4,308.6,1678,32.3,180,0,0,0,0,0,0,11.200000000000045,0,Medium,High,High,No
403,403,404,L47583,L,297.3,308.6,1273,59.8,182,0,0,0,0,0,0,11.300000000000011,0,High,Medium,High,No
404,404,405,L47584,L,297.3,308.6,1297,45.9,184,0,0,0,0,0,0,11.300000000000011,0,High,Medium,High,No
405,405,406,L47585,L,297.3,308.5,1350,57.6,186,0,0,0,0,0,0,11.199999999999989,0,High,Medium,High,No
406,406,407,L47586,L,297.4,308.6,1439,51.9,188,0,0,0,0,0,0,11.200000000000045,0,High,Medium,High,No
407,407,408,M15267,M,297.4,308.5,1600,42.1,190,0,0,0,0,0,0,11.100000000000023,0,Medium,Medium,High,No
408,408,409,M15268,M,297.4,308.6,1434,44.4,193,0,0,0,0,0,0,11.200000000000045,0,Medium,Medium,High,No
409,409,410,L47589,L,297.4,308.6,1459,41.3,196,0,0,0,0,0,0,11.200000000000045,0,Medium,Medium,High,No
410,410,411,M15270,M,297.5,308.6,1472,44.9,198,0,0,0,0,0,0,11.100000000000023,0,Medium,Medium,High,No
411,411,412,L47591,L,297.5,308.7,1429,44.3,201,0,0,0,0,0,0,11.199999999999989,0,Medium,Medium,High,No
412,412,413,L47592,L,297.5,308.6,1388,48.2,203,0,0,0,0,0,0,11.100000000000023,0,High,Medium,High,No
413,413,414,L47593,L,297.4,308.4,1573,34.5,205,0,0,0,0,0,0,11.0,0,Medium,Medium,High,No
414,414,415,L47594,L,297.4,308.4,1588,32.5,207,0,0,0,0,0,0,11.0,0,Medium,Medium,High,No
415,415,416,L47595,L,297.5,308.4,1511,42.8,209,0,0,0,0,0,0,10.899999999999977,0,Medium,Medium,High,No
416,416,417,L47596,L,297.4,308.5,1495,37.8,211,0,0,0,0,0,0,11.100000000000023,0,Medium,Medium,High,No
417,417,418,L47597,L,297.4,308.4,1394,50.1,213,0,0,0,0,0,0,11.0,0,High,Medium,High,No
418,418,419,L47598,L,297.4,308.4,2151,17.7,0,0,0,0,0,0,0,11.0,0,Low,High,Low,No
419,419,420,M15279,M,297.3,308.3,1501,38.2,2,0,0,0,0,0,0,11.0,0,Medium,Medium,Low,No
420,420,421,M15280,M,297.3,308.3,1301,39.6,5,0,0,0,0,0,0,11.0,0,Medium,Medium,Low,No
421,421,422,M15281,M,297.3,308.3,1657,31.1,8,0,0,0,0,0,0,11.0,0,Medium,High,Low,No
422,422,423,L47602,L,297.3,308.3,1333,55.2,11,0,0,0,0,0,0,11.0,0,High,Medium,Low,No
423,423,424,L47603,L,297.3,308.3,1484,43.9,13,0,0,0,0,0,0,11.0,0,Medium,Medium,Low,No
424,424,425,L47604,L,297.3,308.4,1430,45.7,15,0,0,0,0,0,0,11.099999999999966,0,High,Medium,Low,No
425,425,426,M15285,M,297.3,308.4,1665,28.9,17,0,0,0,0,0,0,11.099999999999966,0,Medium,High,Low,No
426,426,427,L47606,L,297.4,308.5,1501,44.9,20,0,0,0,0,0,0,11.100000000000023,0,Medium,Medium,Low,No
427,427,428,M15287,M,297.5,308.5,1496,42.2,22,0,0,0,0,0,0,11.0,0,Medium,Medium,Low,No
428,428,429,M15288,M,297.6,308.6,1595,36.9,25,0,0,0,0,0,0,11.0,0,Medium,Medium,Low,No
429,429,430,L47609,L,297.5,308.6,1208,62.3,28,0,0,0,0,0,0,11.100000000000023,0,High,Low,Low,No
430,430,431,L47610,L,297.5,308.6,1596,37.1,30,0,0,0,0,0,0,11.100000000000023,0,Medium,Medium,Low,No
431,431,432,L47611,L,297.5,308.5,1446,41.9,32,0,0,0,0,0,0,11.0,0,Medium,Medium,Low,No
432,432,433,M15292,M,297.6,308.5,1466,39.7,34,0,0,0,0,0,0,10.899999999999977,0,Medium,Medium,Low,No
433,433,434,M15293,M,297.6,308.5,1848,23.7,37,0,0,0,0,0,0,10.899999999999977,0,Low,High,Low,No
434,434,435,M15294,M,297.5,308.5,1484,44.7,40,0,0,0,0,0,0,11.0,0,Medium,Medium,Low,No
435,435,436,L47615,L,297.4,308.3,1493,41.2,43,0,0,0,0,0,0,10.900000000000034,0,Medium,Medium,Low,No
436,436,437,L47616,L,297.3,308.3,1504,36.3,45,0,0,0,0,0,0,11.0,0,Medium,Medium,Low,No
437,437,438,L47617,L,297.3,308.3,1538,38.5,47,0,0,0,0,0,0,11.0,0,Medium,Medium,Low,No
438,438,439,L47618,L,297.4,308.4,1341,52.2,49,0,0,0,0,0,0,11.0,0,High,Medium,Low,No
439,439,440,M15299,M,297.4,308.3,1535,34.6,51,0,0,0,0,0,0,10.900000000000034,0,Medium,Medium,Low,No
440,440,441,L47620,L,297.4,308.5,1389,39.2,54,0,0,0,0,0,0,11.100000000000023,0,Medium,Medium,Low,No
441,441,442,H29855,H,297.5,308.5,1393,46.6,56,0,0,0,0,0,0,11.0,0,High,Medium,Low,No
442,442,443,L47622,L,297.4,308.5,1399,61.5,61,1,0,0,1,0,0,11.100000000000023,1,High,Medium,Low,No
443,443,444,H29857,H,297.4,308.5,1469,45.1,63,0,0,0,0,0,0,11.100000000000023,0,High,Medium,Low,No
444,444,445,L47624,L,297.4,308.4,1582,37.2,68,0,0,0,0,0,0,11.0,0,Medium,Medium,Low,No
445,445,446,L47625,L,297.5,308.6,1793,26.7,70,0,0,0,0,0,0,11.100000000000023,0,Medium,High,Low,No
446,446,447,L47626,L,297.5,308.6,1452,39.0,72,0,0,0,0,0,0,11.100000000000023,0,Medium,Medium,Low,No
447,447,448,M15307,M,297.6,308.7,1376,59.9,74,0,0,0,0,0,0,11.099999999999966,0,High,Medium,Low,No
448,448,449,L47628,L,297.5,308.6,1552,44.9,77,0,0,0,0,0,0,11.100000000000023,0,Medium,Medium,Low,No
449,449,450,L47629,L,297.6,308.7,1622,37.9,79,0,0,0,0,0,0,11.099999999999966,0,Medium,Medium,Low,No
450,450,451,M15310,M,297.6,308.7,1419,41.7,81,0,0,0,0,0,0,11.099999999999966,0,Medium,Medium,Medium,No
451,451,452,H29865,H,297.5,308.6,1440,46.1,84,0,0,0,0,0,0,11.100000000000023,0,High,Medium,Medium,No
452,452,453,M15312,M,297.4,308.6,1643,31.0,89,0,0,0,0,0,0,11.200000000000045,0,Medium,Medium,Medium,No
453,453,454,L47633,L,297.4,308.7,1510,36.2,92,0,0,0,0,0,0,11.300000000000011,0,Medium,Medium,Medium,No
454,454,455,L47634,L,297.4,308.7,1468,46.6,94,0,0,0,0,0,0,11.300000000000011,0,High,Medium,Medium,No
455,455,456,L47635,L,297.4,308.7,1429,57.4,96,0,0,0,0,0,0,11.300000000000011,0,High,Medium,Medium,No
456,456,457,H29870,H,297.3,308.7,1478,47.6,98,0,0,0,0,0,0,11.399999999999977,0,High,Medium,Medium,No
457,457,458,L47637,L,297.4,308.6,1276,53.6,103,0,0,0,0,0,0,11.200000000000045,0,High,Medium,Medium,No
458,458,459,L47638,L,297.3,308.6,1486,42.6,105,0,0,0,0,0,0,11.300000000000011,0,Medium,Medium,Medium,No
459,459,460,L47639,L,297.4,308.6,1476,42.3,107,0,0,0,0,0,0,11.200000000000045,0,Medium,Medium,Medium,No
460,460,461,H29874,H,297.3,308.6,1431,42.0,109,0,0,0,0,0,0,11.300000000000011,0,Medium,Medium,Medium,No
461,461,462,L47641,L,297.4,308.7,1402,40.2,114,0,0,0,0,0,0,11.300000000000011,0,Medium,Medium,Medium,No
462,462,463,L47642,L,297.4,308.7,1433,43.4,116,0,0,0,0,0,0,11.300000000000011,0,Medium,Medium,Medium,No
463,463,464,L47643,L,297.4,308.7,2874,4.2,118,1,0,0,1,0,0,11.300000000000011,1,Low,High,Medium,No
464,464,465,L47644,L,297.3,308.6,1511,35.7,120,0,0,0,0,0,0,11.300000000000011,0,Medium,Medium,Medium,No
465,465,466,M15325,M,297.3,308.6,1456,42.9,122,0,0,0,0,0,0,11.300000000000011,0,Medium,Medium,Medium,No
466,466,467,L47646,L,297.2,308.5,1550,41.5,125,0,0,0,0,0,0,11.300000000000011,0,Medium,Medium,Medium,No
467,467,468,L47647,L,297.2,308.5,2182,16.5,127,0,0,0,0,0,0,11.300000000000011,0,Low,High,Medium,No
468,468,469,L47648,L,297.3,308.7,1619,31.6,129,0,0,0,0,0,0,11.399999999999977,0,Medium,Medium,Medium,No
469,469,470,M15329,M,297.3,308.8,1586,32.7,131,0,0,0,0,0,0,11.5,0,Medium,Medium,High,No
470,470,471,H29884,H,297.3,308.8,1499,44.2,134,0,0,0,0,0,0,11.5,0,Medium,Medium,High,No
471,471,472,H29885,H,297.3,308.8,1419,42.4,139,0,0,0,0,0,0,11.5,0,Medium,Medium,High,No
472,472,473,M15332,M,297.4,309.0,1497,41.8,144,0,0,0,0,0,0,11.600000000000023,0,Medium,Medium,High,No
473,473,474,M15333,M,297.4,309.0,1520,37.0,147,0,0,0,0,0,0,11.600000000000023,0,Medium,Medium,High,No
474,474,475,L47654,L,297.4,309.1,1478,49.8,150,0,0,0,0,0,0,11.700000000000045,0,High,Medium,High,No
475,475,476,L47655,L,297.4,309.1,1380,41.1,152,0,0,0,0,0,0,11.700000000000045,0,Medium,Medium,High,No
476,476,477,L47656,L,297.4,309.0,1570,37.9,154,0,0,0,0,0,0,11.600000000000023,0,Medium,Medium,High,No
477,477,478,H29891,H,297.4,309.0,1468,41.4,156,0,0,0,0,0,0,11.600000000000023,0,Medium,Medium,High,No
478,478,479,L47658,L,297.4,309.0,1833,22.6,161,0,0,0,0,0,0,11.600000000000023,0,Low,High,High,No
479,479,480,M15339,M,297.4,308.9,1323,57.3,163,0,0,0,0,0,0,11.5,0,High,Medium,High,No
480,480,481,L47660,L,297.4,309.0,1583,32.0,166,0,0,0,0,0,0,11.600000000000023,0,Medium,Medium,High,No
481,481,482,M15341,M,297.3,309.0,1556,39.5,168,0,0,0,0,0,0,11.699999999999989,0,Medium,Medium,High,No
482,482,483,L47662,L,297.3,309.0,1548,37.4,171,0,0,0,0,0,0,11.699999999999989,0,Medium,Medium,High,No
483,483,484,L47663,L,297.4,309.0,1324,56.9,173,0,0,0,0,0,0,11.600000000000023,0,High,Medium,High,No
484,484,485,L47664,L,297.4,309.0,1568,33.7,175,0,0,0,0,0,0,11.600000000000023,0,Medium,Medium,High,No
485,485,486,M15345,M,297.4,309.0,1685,30.7,177,0,0,0,0,0,0,11.600000000000023,0,Medium,High,High,No
486,486,487,M15346,M,297.4,309.1,1582,35.9,180,0,0,0,0,0,0,11.700000000000045,0,Medium,Medium,High,No
487,487,488,M15347,M,297.4,309.1,1463,35.0,183,0,0,0,0,0,0,11.700000000000045,0,Medium,Medium,High,No
488,488,489,L47668,L,297.4,309.2,1584,42.8,186,0,0,0,0,0,0,11.800000000000011,0,Medium,Medium,High,No
489,489,490,M15349,M,297.5,309.2,1347,55.8,188,0,0,0,0,0,0,11.699999999999989,0,High,Medium,High,No
490,490,491,L47670,L,297.4,309.2,1459,37.9,191,0,0,0,0,0,0,11.800000000000011,0,Medium,Medium,High,No
491,491,492,L47671,L,297.4,309.2,1420,45.6,193,0,0,0,0,0,0,11.800000000000011,0,High,Medium,High,No
492,492,493,L47672,L,297.5,309.3,1404,43.5,195,0,0,0,0,0,0,11.800000000000011,0,Medium,Medium,High,No
493,493,494,L47673,L,297.5,309.3,1470,38.8,197,0,0,0,0,0,0,11.800000000000011,0,Medium,Medium,High,No
494,494,495,L47674,L,297.6,309.4,1326,49.8,199,0,0,0,0,0,0,11.799999999999955,0,High,Medium,High,No
495,495,496,H29909,H,297.5,309.3,1459,49.7,201,0,0,0,0,0,0,11.800000000000011,0,High,Medium,High,No
496,496,497,M15356,M,297.5,309.2,1530,40.0,206,0,0,0,0,0,0,11.699999999999989,0,Medium,Medium,High,No
497,497,498,L47677,L,297.4,309.0,1505,39.2,209,0,0,0,0,0,0,11.600000000000023,0,Medium,Medium,High,No
498,498,499,L47678,L,297.5,309.1,1611,30.2,211,0,0,0,0,0,0,11.600000000000023,0,Medium,Medium,High,No
499,499,500,L47679,L,297.5,309.1,1515,35.1,213,0,0,0,0,0,0,11.600000000000023,0,Medium,Medium,High,No
500,500,501,M15360,M,297.5,309.2,1804,27.4,215,0,0,0,0,0,0,11.699999999999989,0,Medium,High,High,No
501,501,502,M15361,M,297.6,309.3,1464,46.2,218,0,0,0,0,0,0,11.699999999999989,0,High,Medium,High,No
502,502,503,L47682,L,297.6,309.2,1390,43.3,221,0,0,0,0,0,0,11.599999999999966,0,Medium,Medium,High,No
503,503,504,M15363,M,297.6,309.2,1442,48.1,0,0,0,0,0,0,0,11.599999999999966,0,High,Medium,Low,No
504,504,505,M15364,M,297.6,309.3,1529,41.9,3,0,0,0,0,0,0,11.699999999999989,0,Medium,Medium,Low,No
505,505,506,L47685,L,297.6,309.3,1610,35.0,6,0,0,0,0,0,0,11.699999999999989,0,Medium,Medium,Low,No
506,506,507,L47686,L,297.6,309.3,1543,34.3,8,0,0,0,0,0,0,11.699999999999989,0,Medium,Medium,Low,No
507,507,508,H29921,H,297.8,309.4,1445,48.2,10,0,0,0,0,0,0,11.599999999999966,0,High,Medium,Low,No
508,508,509,L47688,L,297.7,309.3,1893,24.6,15,0,0,0,0,0,0,11.600000000000023,0,Low,High,Low,No
509,509,510,M15369,M,297.6,309.3,1415,41.3,17,0,0,0,0,0,0,11.699999999999989,0,Medium,Medium,Low,No
510,510,511,L47690,L,297.5,309.3,1564,37.5,20,0,0,0,0,0,0,11.800000000000011,0,Medium,Medium,Low,No
511,511,512,L47691,L,297.5,309.3,1479,39.4,22,0,0,0,0,0,0,11.800000000000011,0,Medium,Medium,Low,No
512,512,513,L47692,L,297.5,309.2,1426,44.8,24,0,0,0,0,0,0,11.699999999999989,0,Medium,Medium,Low,No
513,513,514,L47693,L,297.4,309.2,1428,38.8,26,0,0,0,0,0,0,11.800000000000011,0,Medium,Medium,Low,No
514,514,515,L47694,L,297.4,309.2,1620,33.2,28,0,0,0,0,0,0,11.800000000000011,0,Medium,Medium,Low,No
515,515,516,L47695,L,297.5,309.2,1715,28.0,30,0,0,0,0,0,0,11.699999999999989,0,Medium,High,Low,No
516,516,517,L47696,L,297.5,309.3,1732,29.9,32,0,0,0,0,0,0,11.800000000000011,0,Medium,High,Low,No
517,517,518,M15377,M,297.5,309.4,1391,58.2,34,0,0,0,0,0,0,11.899999999999977,0,High,Medium,Low,No
518,518,519,L47698,L,297.6,309.5,1924,20.6,37,0,0,0,0,0,0,11.899999999999977,0,Low,High,Low,No
519,519,520,M15379,M,297.7,309.5,2027,19.8,39,0,0,0,0,0,0,11.800000000000011,0,Low,High,Low,No
520,520,521,L47700,L,297.6,309.5,1617,36.2,42,0,0,0,0,0,0,11.899999999999977,0,Medium,Medium,Low,No
521,521,522,L47701,L,297.5,309.4,1497,35.8,44,0,0,0,0,0,0,11.899999999999977,0,Medium,Medium,Low,No
522,522,523,M15382,M,297.5,309.5,1448,43.7,46,0,0,0,0,0,0,12.0,0,Medium,Medium,Low,No
523,523,524,L47703,L,297.4,309.4,1401,45.9,49,0,0,0,0,0,0,12.0,0,High,Medium,Low,No
524,524,525,L47704,L,297.4,309.4,1620,35.4,51,0,0,0,0,0,0,12.0,0,Medium,Medium,Low,No
525,525,526,L47705,L,297.4,309.4,1466,45.5,53,0,0,0,0,0,0,12.0,0,High,Medium,Low,No
526,526,527,L47706,L,297.6,309.5,1373,50.6,55,0,0,0,0,0,0,11.899999999999977,0,High,Medium,Low,No
527,527,528,M15387,M,297.6,309.6,1592,35.8,57,0,0,0,0,0,0,12.0,0,Medium,Medium,Low,No
528,528,529,M15388,M,297.5,309.5,1553,42.4,60,0,0,0,0,0,0,12.0,0,Medium,Medium,Low,No
529,529,530,L47709,L,297.6,309.5,1569,36.2,63,0,0,0,0,0,0,11.899999999999977,0,Medium,Medium,Low,No
530,530,531,M15390,M,297.6,309.5,1709,32.2,65,0,0,0,0,0,0,11.899999999999977,0,Medium,High,Low,No
531,531,532,L47711,L,297.6,309.5,1549,34.9,68,0,0,0,0,0,0,11.899999999999977,0,Medium,Medium,Low,No
532,532,533,L47712,L,297.5,309.4,1443,45.4,70,0,0,0,0,0,0,11.899999999999977,0,High,Medium,Low,No
533,533,534,L47713,L,297.5,309.3,1675,29.8,72,0,0,0,0,0,0,11.800000000000011,0,Medium,High,Low,No
534,534,535,L47714,L,297.5,309.3,1623,33.4,74,0,0,0,0,0,0,11.800000000000011,0,Medium,Medium,Low,No
535,535,536,H29949,H,297.4,309.3,1365,52.4,76,0,0,0,0,0,0,11.900000000000034,0,High,Medium,Low,No
536,536,537,L47716,L,297.4,309.3,1759,24.8,81,0,0,0,0,0,0,11.900000000000034,0,Low,High,Medium,No
537,537,538,H29951,H,297.4,309.3,1516,43.0,83,0,0,0,0,0,0,11.900000000000034,0,Medium,Medium,Medium,No
538,538,539,M15398,M,297.4,309.3,1499,36.8,88,0,0,0,0,0,0,11.900000000000034,0,Medium,Medium,Medium,No
539,539,540,M15399,M,297.4,309.3,1775,25.8,91,0,0,0,0,0,0,11.900000000000034,0,High,High,Medium,No
540,540,541,L47720,L,297.4,309.4,1473,45.5,94,0,0,0,0,0,0,12.0,0,High,Medium,Medium,No
541,541,542,L47721,L,297.4,309.4,1296,52.3,96,0,0,0,0,0,0,12.0,0,High,Medium,Medium,No
542,542,543,L47722,L,297.5,309.4,1803,24.7,98,0,0,0,0,0,0,11.899999999999977,0,Low,High,Medium,No
543,543,544,H29957,H,297.5,309.3,1563,36.1,100,0,0,0,0,0,0,11.800000000000011,0,Medium,Medium,Medium,No
544,544,545,M15404,M,297.5,309.4,1831,26.6,105,0,0,0,0,0,0,11.899999999999977,0,Medium,High,Medium,No
545,545,546,L47725,L,297.6,309.4,1958,22.1,108,0,0,0,0,0,0,11.799999999999955,0,Low,High,Medium,No
546,546,547,L47726,L,297.5,309.4,1809,24.3,110,0,0,0,0,0,0,11.899999999999977,0,Low,High,Medium,No
547,547,548,M15407,M,297.5,309.4,1482,39.3,112,0,0,0,0,0,0,11.899999999999977,0,Medium,Medium,Medium,No
548,548,549,L47728,L,297.4,309.3,1332,53.2,115,0,0,0,0,0,0,11.900000000000034,0,High,Medium,Medium,No
549,549,550,L47729,L,297.4,309.2,1437,40.4,117,0,0,0,0,0,0,11.800000000000011,0,Medium,Medium,Medium,No
550,550,551,L47730,L,297.4,309.2,1698,29.4,119,0,0,0,0,0,0,11.800000000000011,0,Medium,High,Medium,No
551,551,552,L47731,L,297.4,309.2,1274,54.3,121,0,0,0,0,0,0,11.800000000000011,0,High,Medium,Medium,No
552,552,553,M15412,M,297.4,309.3,1622,35.0,123,0,0,0,0,0,0,11.900000000000034,0,Medium,Medium,Medium,No
553,553,554,M15413,M,297.4,309.3,1564,36.0,126,0,0,0,0,0,0,11.900000000000034,0,Medium,Medium,Medium,No
554,554,555,H29968,H,297.5,309.4,1368,45.3,129,0,0,0,0,0,0,11.899999999999977,0,High,Medium,Medium,No
555,555,556,M15415,M,297.4,309.4,1539,42.2,134,0,0,0,0,0,0,12.0,0,Medium,Medium,High,No
556,556,557,L47736,L,297.5,309.4,1357,50.1,137,0,0,0,0,0,0,11.899999999999977,0,High,Medium,High,No
557,557,558,M15417,M,297.5,309.4,1433,48.3,139,0,0,0,0,0,0,11.899999999999977,0,High,Medium,High,No
558,558,559,L47738,L,297.5,309.4,1650,34.6,142,0,0,0,0,0,0,11.899999999999977,0,Medium,Medium,High,No
559,559,560,L47739,L,297.5,309.4,1503,40.6,144,0,0,0,0,0,0,11.899999999999977,0,Medium,Medium,High,No
560,560,561,L47740,L,297.5,309.4,1318,58.2,146,0,0,0,0,0,0,11.899999999999977,0,High,Medium,High,No
561,561,562,M15421,M,297.5,309.4,1678,34.4,148,0,0,0,0,0,0,11.899999999999977,0,Medium,High,High,No
562,562,563,L47742,L,297.6,309.5,1574,30.9,151,0,0,0,0,0,0,11.899999999999977,0,Medium,Medium,High,No
563,563,564,L47743,L,297.7,309.6,1529,35.2,153,0,0,0,0,0,0,11.900000000000034,0,Medium,Medium,High,No
564,564,565,H29978,H,297.6,309.6,1669,32.1,155,0,0,0,0,0,0,12.0,0,Medium,High,High,No
565,565,566,H29979,H,297.7,309.7,1570,35.8,160,0,0,0,0,0,0,12.0,0,Medium,Medium,High,No
566,566,567,M15426,M,297.6,309.7,1541,33.7,165,0,0,0,0,0,0,12.099999999999966,0,Medium,Medium,High,No
567,567,568,M15427,M,297.7,309.7,1680,30.2,168,0,0,0,0,0,0,12.0,0,Medium,High,High,No
568,568,569,L47748,L,297.8,309.7,1935,22.1,171,0,0,0,0,0,0,11.899999999999977,0,Low,High,High,No
569,569,570,M15429,M,297.7,309.6,1596,35.2,173,0,0,0,0,0,0,11.900000000000034,0,Medium,Medium,High,No
570,570,571,L47750,L,297.7,309.7,1498,41.0,176,0,0,0,0,0,0,12.0,0,Medium,Medium,High,No
571,571,572,M15431,M,297.8,309.8,1676,29.0,178,0,0,0,0,0,0,12.0,0,Medium,High,High,No
572,572,573,L47752,L,297.8,309.9,1351,49.0,181,0,0,0,0,0,0,12.099999999999966,0,High,Medium,High,No
573,573,574,L47753,L,297.9,309.9,1472,45.0,183,0,0,0,0,0,0,12.0,0,Medium,Medium,High,No
574,574,575,M15434,M,297.9,310.0,1439,41.7,185,0,0,0,0,0,0,12.100000000000023,0,Medium,Medium,High,No
575,575,576,M15435,M,297.9,309.9,1410,55.4,188,0,0,0,0,0,0,12.0,0,High,Medium,High,No
576,576,577,H29990,H,297.7,309.7,1440,51.1,191,0,0,0,0,0,0,12.0,0,High,Medium,High,No
577,577,578,L47757,L,297.7,309.7,1591,37.7,196,0,0,0,0,0,0,12.0,0,Medium,Medium,High,No
578,578,579,L47758,L,297.8,309.8,1533,36.8,198,0,0,0,0,0,0,12.0,0,Medium,Medium,High,No
579,579,580,M15439,M,297.8,309.7,1700,31.3,200,0,0,0,0,0,0,11.899999999999977,0,Medium,High,High,No
580,580,581,M15440,M,297.8,309.8,1798,25.5,203,0,0,0,0,0,0,12.0,0,High,High,High,No
581,581,582,L47761,L,297.8,309.7,1394,42.9,206,0,0,0,0,0,0,11.899999999999977,0,Medium,Medium,High,No
582,582,583,L47762,L,297.8,309.7,1341,49.2,208,0,0,0,0,0,0,11.899999999999977,0,High,Medium,High,No
583,583,584,H29997,H,297.7,309.6,1697,32.2,210,0,0,0,0,0,0,11.900000000000034,0,Medium,High,High,No
584,584,585,H29998,H,297.6,309.6,1419,48.2,215,0,0,0,0,0,0,12.0,0,High,Medium,High,No
585,585,586,L47765,L,297.6,309.5,2001,20.5,220,0,0,0,0,0,0,11.899999999999977,0,Low,High,High,No
586,586,587,L47766,L,297.6,309.6,1501,49.8,222,1,0,0,0,1,0,12.0,1,High,Medium,High,No
587,587,588,H30001,H,297.6,309.5,1623,33.1,224,0,0,0,0,0,0,11.899999999999977,0,Medium,Medium,High,No
588,588,589,L47768,L,297.6,309.4,1628,33.4,229,0,0,0,0,0,0,11.799999999999955,0,Medium,Medium,High,No
589,589,590,L47769,L,297.6,309.4,1491,40.2,231,0,0,0,0,0,0,11.799999999999955,0,Medium,Medium,High,No
590,590,591,L47770,L,297.5,309.4,1517,36.7,233,0,0,0,0,0,0,11.899999999999977,0,Medium,Medium,High,No
591,591,592,H30005,H,297.5,309.3,1525,41.7,235,0,0,0,0,0,0,11.800000000000011,0,Medium,Medium,High,No
592,592,593,H30006,H,297.5,309.5,1668,27.9,240,0,0,0,0,0,0,12.0,0,Medium,High,High,No
593,593,594,L47773,L,297.5,309.6,1312,50.7,0,0,0,0,0,0,0,12.100000000000023,0,High,Medium,Low,No
594,594,595,H30008,H,297.6,309.6,1278,50.4,2,0,0,0,0,0,0,12.0,0,High,Medium,Low,No
595,595,596,M15455,M,297.6,309.6,1330,53.1,7,0,0,0,0,0,0,12.0,0,High,Medium,Low,No
596,596,597,M15456,M,297.6,309.6,1530,37.3,10,0,0,0,0,0,0,12.0,0,Medium,Medium,Low,No
597,597,598,H30011,H,297.6,309.6,1428,46.6,13,0,0,0,0,0,0,12.0,0,High,Medium,Low,No
598,598,599,L47778,L,297.7,309.6,1480,47.9,18,0,0,0,0,0,0,11.900000000000034,0,High,Medium,Low,No
599,599,600,H30013,H,297.7,309.7,1616,31.1,20,0,0,0,0,0,0,12.0,0,Medium,Medium,Low,No
600,600,601,L47780,L,297.8,309.7,1547,37.3,25,0,0,0,0,0,0,11.899999999999977,0,Medium,Medium,Low,No
601,601,602,L47781,L,297.9,309.7,2194,16.8,27,0,0,0,0,0,0,11.800000000000011,0,Low,High,Low,No
602,602,603,L47782,L,297.9,309.8,2000,21.3,29,0,0,0,0,0,0,11.900000000000034,0,Low,High,Low,No
603,603,604,L47783,L,297.9,309.8,1336,71.6,31,1,0,0,1,0,0,11.900000000000034,1,High,Medium,Low,No
604,604,605,L47784,L,297.9,309.9,1542,33.8,33,0,0,0,0,0,0,12.0,0,Medium,Medium,Low,No
605,605,606,M15465,M,297.9,309.8,1693,29.9,35,0,0,0,0,0,0,11.900000000000034,0,Medium,High,Low,No
606,606,607,L47786,L,297.9,309.8,1461,50.5,38,0,0,0,0,0,0,11.900000000000034,0,High,Medium,Low,No
607,607,608,M15467,M,298.0,309.9,1565,33.9,40,0,0,0,0,0,0,11.899999999999977,0,Medium,Medium,Low,No
608,608,609,L47788,L,298.0,309.9,1403,47.7,43,0,0,0,0,0,0,11.899999999999977,0,High,Medium,Low,No
609,609,610,L47789,L,298.1,309.9,1629,32.5,45,0,0,0,0,0,0,11.799999999999955,0,Medium,Medium,Low,No
610,610,611,L47790,L,298.1,310.0,1534,33.7,47,0,0,0,0,0,0,11.899999999999977,0,Medium,Medium,Low,No
611,611,612,L47791,L,298.1,310.0,1553,40.9,49,0,0,0,0,0,0,11.899999999999977,0,Medium,Medium,Low,No
612,612,613,L47792,L,298.1,309.9,1563,32.8,51,0,0,0,0,0,0,11.799999999999955,0,Medium,Medium,Low,No
613,613,614,L47793,L,298.1,309.9,1634,30.0,53,0,0,0,0,0,0,11.799999999999955,0,Medium,Medium,Low,No
614,614,615,M15474,M,298.0,309.9,1445,45.2,55,0,0,0,0,0,0,11.899999999999977,0,High,Medium,Low,No
615,615,616,L47795,L,298.1,309.9,1642,30.4,58,0,0,0,0,0,0,11.799999999999955,0,Medium,Medium,Low,No
616,616,617,H30030,H,298.1,309.9,1686,29.1,60,0,0,0,0,0,0,11.799999999999955,0,Medium,High,Low,No
617,617,618,M15477,M,298.1,310.0,1393,43.1,65,0,0,0,0,0,0,11.899999999999977,0,Medium,Medium,Low,No
618,618,619,H30032,H,298.2,310.0,1433,44.2,68,0,0,0,0,0,0,11.800000000000011,0,Medium,Medium,Low,No
619,619,620,L47799,L,298.3,310.0,1507,44.7,73,0,0,0,0,0,0,11.699999999999989,0,Medium,Medium,Low,No
620,620,621,M15480,M,298.3,310.1,1389,49.6,75,0,0,0,0,0,0,11.800000000000011,0,High,Medium,Low,No
621,621,622,L47801,L,298.3,310.1,1408,45.3,78,0,0,0,0,0,0,11.800000000000011,0,High,Medium,Low,No
622,622,623,M15482,M,298.4,310.2,1725,32.0,80,0,0,0,0,0,0,11.800000000000011,0,Medium,High,Low,No
623,623,624,L47803,L,298.4,310.1,1926,23.7,83,0,0,0,0,0,0,11.700000000000045,0,Low,High,Medium,No
624,624,625,H30038,H,298.3,310.1,1509,37.6,85,0,0,0,0,0,0,11.800000000000011,0,Medium,Medium,Medium,No
625,625,626,L47805,L,298.3,310.1,1545,36.3,90,0,0,0,0,0,0,11.800000000000011,0,Medium,Medium,Medium,No
626,626,627,L47806,L,298.4,310.1,1533,35.2,92,0,0,0,0,0,0,11.700000000000045,0,Medium,Medium,Medium,No
627,627,628,L47807,L,298.4,310.1,1455,42.2,94,0,0,0,0,0,0,11.700000000000045,0,Medium,Medium,Medium,No
628,628,629,M15488,M,298.4,310.1,1335,57.8,96,0,0,0,0,0,0,11.700000000000045,0,High,Medium,Medium,No
629,629,630,L47809,L,298.3,310.1,1523,45.9,99,0,0,0,0,0,0,11.800000000000011,0,High,Medium,Medium,No
630,630,631,L47810,L,298.3,310.0,1460,47.6,101,0,0,0,0,0,0,11.699999999999989,0,High,Medium,Medium,No
631,631,632,L47811,L,298.4,310.0,1554,37.3,103,0,0,0,0,0,0,11.600000000000023,0,Medium,Medium,Medium,No
632,632,633,H30046,H,298.3,310.0,1419,47.1,105,0,0,0,0,0,0,11.699999999999989,0,High,Medium,Medium,No
633,633,634,L47813,L,298.3,310.0,1442,43.9,110,0,0,0,0,0,0,11.699999999999989,0,Medium,Medium,Medium,No
634,634,635,L47814,L,298.3,309.9,1507,41.6,112,0,0,0,0,0,0,11.599999999999966,0,Medium,Medium,Medium,No
635,635,636,L47815,L,298.3,310.0,1858,23.9,114,0,0,0,0,0,0,11.699999999999989,0,Low,High,Medium,No
636,636,637,L47816,L,298.3,309.9,1463,43.9,116,0,0,0,0,0,0,11.599999999999966,0,Medium,Medium,Medium,No
637,637,638,L47817,L,298.2,309.7,1585,37.4,118,0,0,0,0,0,0,11.5,0,Medium,Medium,Medium,No
638,638,639,L47818,L,298.0,309.6,1536,37.3,120,0,0,0,0,0,0,11.600000000000023,0,Medium,Medium,Medium,No
639,639,640,L47819,L,298.0,309.6,1403,51.3,122,0,0,0,0,0,0,11.600000000000023,0,High,Medium,Medium,No
640,640,641,M15500,M,297.9,309.6,1515,38.8,124,0,0,0,0,0,0,11.700000000000045,0,Medium,Medium,Medium,No
641,641,642,L47821,L,297.9,309.5,1390,47.9,127,0,0,0,0,0,0,11.600000000000023,0,High,Medium,Medium,No
642,642,643,M15502,M,297.8,309.4,1226,58.7,129,0,0,0,0,0,0,11.599999999999966,0,High,Low,Medium,No
643,643,644,M15503,M,297.8,309.4,1495,36.5,132,0,0,0,0,0,0,11.599999999999966,0,Medium,Medium,High,No
644,644,645,H30058,H,297.7,309.4,1608,30.2,135,0,0,0,0,0,0,11.699999999999989,0,Medium,Medium,High,No
645,645,646,L47825,L,297.7,309.4,1392,44.1,140,0,0,0,0,0,0,11.699999999999989,0,Medium,Medium,High,No
646,646,647,M15506,M,297.7,309.4,1461,43.7,142,0,0,0,0,0,0,11.699999999999989,0,Medium,Medium,High,No
647,647,648,L47827,L,297.7,309.3,1559,36.9,145,0,0,0,0,0,0,11.600000000000023,0,Medium,Medium,High,No
648,648,649,H30062,H,297.7,309.3,1400,48.9,147,0,0,0,0,0,0,11.600000000000023,0,High,Medium,High,No
649,649,650,M15509,M,297.7,309.2,1732,28.8,152,0,0,0,0,0,0,11.5,0,Medium,High,High,No
650,650,651,L47830,L,297.6,309.2,1611,33.1,155,0,0,0,0,0,0,11.599999999999966,0,Medium,Medium,High,No
651,651,652,L47831,L,297.6,309.1,1503,38.9,157,0,0,0,0,0,0,11.5,0,Medium,Medium,High,No
652,652,653,L47832,L,297.7,309.2,1391,44.5,159,0,0,0,0,0,0,11.5,0,Medium,Medium,High,No
653,653,654,L47833,L,297.8,309.3,2015,20.1,161,0,0,0,0,0,0,11.5,0,Low,High,High,No
654,654,655,L47834,L,297.8,309.2,1683,30.9,163,0,0,0,0,0,0,11.399999999999977,0,Medium,High,High,No
655,655,656,L47835,L,297.7,309.1,1435,38.8,165,0,0,0,0,0,0,11.400000000000034,0,Medium,Medium,High,No
656,656,657,M15516,M,297.7,309.1,1732,28.1,167,0,0,0,0,0,0,11.400000000000034,0,Medium,High,High,No
657,657,658,L47837,L,297.7,309.2,1365,58.6,170,0,0,0,0,0,0,11.5,0,High,Medium,High,No
658,658,659,L47838,L,297.7,309.1,1562,36.8,172,0,0,0,0,0,0,11.400000000000034,0,Medium,Medium,High,No
659,659,660,L47839,L,297.6,309.1,1449,49.1,174,0,0,0,0,0,0,11.5,0,High,Medium,High,No
660,660,661,M15520,M,297.7,309.2,1700,27.4,176,0,0,0,0,0,0,11.5,0,Medium,High,High,No
661,661,662,M15521,M,297.6,309.0,1427,45.6,179,0,0,0,0,0,0,11.399999999999977,0,High,Medium,High,No
662,662,663,M15522,M,297.6,308.9,1479,38.1,182,0,0,0,0,0,0,11.299999999999955,0,Medium,Medium,High,No
663,663,664,L47843,L,297.5,308.9,1469,44.0,185,0,0,0,0,0,0,11.399999999999977,0,Medium,Medium,High,No
664,664,665,L47844,L,297.5,308.9,1390,47.4,187,0,0,0,0,0,0,11.399999999999977,0,High,Medium,High,No
665,665,666,L47845,L,297.5,308.9,1729,28.1,189,0,0,0,0,0,0,11.399999999999977,0,Medium,High,High,No
666,666,667,L47846,L,297.5,309.0,1470,43.5,191,0,0,0,0,0,0,11.5,0,Medium,Medium,High,No
667,667,668,L47847,L,297.5,308.9,1459,48.5,193,0,0,0,0,0,0,11.399999999999977,0,High,Medium,High,No
668,668,669,L47848,L,297.5,308.9,1738,24.0,195,0,0,0,0,0,0,11.399999999999977,0,Low,High,High,No
669,669,670,H30083,H,297.5,308.9,1471,37.7,197,0,0,0,0,0,0,11.399999999999977,0,Medium,Medium,High,No
670,670,671,L47850,L,297.6,309.0,1822,25.4,202,0,0,0,0,0,0,11.399999999999977,0,High,High,High,No
671,671,672,L47851,L,297.5,308.9,1554,34.8,204,0,0,0,0,0,0,11.399999999999977,0,Medium,Medium,High,No
672,672,673,M15532,M,297.6,308.9,1433,43.2,206,0,0,0,0,0,0,11.299999999999955,0,Medium,Medium,High,No
673,673,674,L47853,L,297.6,308.9,1449,47.7,209,0,0,0,0,0,0,11.299999999999955,0,High,Medium,High,No
674,674,675,L47854,L,297.8,309.0,1456,41.2,0,0,0,0,0,0,0,11.199999999999989,0,Medium,Medium,Low,No
675,675,676,M15535,M,297.8,309.1,1424,45.5,2,0,0,0,0,0,0,11.300000000000011,0,High,Medium,Low,No
676,676,677,H30090,H,297.9,309.2,1577,34.7,5,0,0,0,0,0,0,11.300000000000011,0,Medium,Medium,Low,No
677,677,678,L47857,L,297.9,309.2,1478,39.7,10,0,0,0,0,0,0,11.300000000000011,0,Medium,Medium,Low,No
678,678,679,M15538,M,297.8,309.2,1295,61.2,12,0,0,0,0,0,0,11.399999999999977,0,High,Medium,Low,No
679,679,680,L47859,L,297.8,309.2,1372,47.3,15,0,0,0,0,0,0,11.399999999999977,0,High,Medium,Low,No
680,680,681,M15540,M,297.8,309.1,1432,42.6,17,0,0,0,0,0,0,11.300000000000011,0,Medium,Medium,Low,No
681,681,682,M15541,M,297.7,309.0,1656,33.2,20,0,0,0,0,0,0,11.300000000000011,0,Medium,High,Low,No
682,682,683,H30096,H,297.8,309.0,1410,48.8,23,0,0,0,0,0,0,11.199999999999989,0,High,Medium,Low,No
683,683,684,L47863,L,297.7,309.0,1874,24.4,28,0,0,0,0,0,0,11.300000000000011,0,Low,High,Low,No
684,684,685,L47864,L,297.7,309.0,1538,43.2,30,0,0,0,0,0,0,11.300000000000011,0,Medium,Medium,Low,No
685,685,686,M15545,M,297.7,309.0,1636,29.7,32,0,0,0,0,0,0,11.300000000000011,0,Medium,Medium,Low,No
686,686,687,M15546,M,297.7,309.0,1504,40.4,35,0,0,0,0,0,0,11.300000000000011,0,Medium,Medium,Low,No
687,687,688,M15547,M,297.7,309.0,1531,42.4,38,0,0,0,0,0,0,11.300000000000011,0,Medium,Medium,Low,No
688,688,689,H30102,H,297.6,309.0,1735,26.4,41,0,0,0,0,0,0,11.399999999999977,0,Medium,High,Low,No
689,689,690,H30103,H,297.6,309.0,1354,55.6,46,0,0,0,0,0,0,11.399999999999977,0,High,Medium,Low,No
690,690,691,H30104,H,297.6,309.0,1413,40.2,51,0,0,0,0,0,0,11.399999999999977,0,Medium,Medium,Low,No
691,691,692,L47871,L,297.7,309.1,1563,39.3,56,0,0,0,0,0,0,11.400000000000034,0,Medium,Medium,Low,No
692,692,693,L47872,L,297.7,309.1,1479,42.1,58,0,0,0,0,0,0,11.400000000000034,0,Medium,Medium,Low,No
693,693,694,L47873,L,297.7,309.1,1477,38.3,60,0,0,0,0,0,0,11.400000000000034,0,Medium,Medium,Low,No
694,694,695,L47874,L,297.6,309.1,1394,50.0,62,0,0,0,0,0,0,11.5,0,High,Medium,Low,No
695,695,696,L47875,L,297.6,309.0,1487,45.4,64,0,0,0,0,0,0,11.399999999999977,0,High,Medium,Low,No
696,696,697,M15556,M,297.6,309.0,1815,25.3,66,0,0,0,0,0,0,11.399999999999977,0,High,High,Low,No
697,697,698,M15557,M,297.6,308.8,1453,39.7,69,0,0,0,0,0,0,11.199999999999989,0,Medium,Medium,Low,No
698,698,699,L47878,L,297.6,308.8,1539,40.2,72,0,0,0,0,0,0,11.199999999999989,0,Medium,Medium,Low,No
699,699,700,H30113,H,297.5,308.7,1416,39.2,74,0,0,0,0,0,0,11.199999999999989,0,Medium,Medium,Low,No
700,700,701,M15560,M,297.6,308.8,1683,31.6,79,0,0,0,0,0,0,11.199999999999989,0,Medium,High,Low,No
701,701,702,L47881,L,297.7,308.8,1515,40.1,82,0,0,0,0,0,0,11.100000000000023,0,Medium,Medium,Medium,No
702,702,703,M15562,M,297.7,308.9,1531,48.3,84,0,0,0,0,0,0,11.199999999999989,0,High,Medium,Medium,No
703,703,704,H30117,H,297.7,308.9,1479,40.9,87,0,0,0,0,0,0,11.199999999999989,0,Medium,Medium,Medium,No
704,704,705,L47884,L,297.7,308.9,1516,33.7,92,0,0,0,0,0,0,11.199999999999989,0,Medium,Medium,Medium,No
705,705,706,L47885,L,297.7,309.0,1507,38.2,94,0,0,0,0,0,0,11.300000000000011,0,Medium,Medium,Medium,No
706,706,707,M15566,M,297.8,309.0,1434,43.3,96,0,0,0,0,0,0,11.199999999999989,0,Medium,Medium,Medium,No
707,707,708,L47887,L,297.7,308.9,1838,27.3,99,0,0,0,0,0,0,11.199999999999989,0,Medium,High,Medium,No
708,708,709,M15568,M,297.6,308.8,1416,45.9,101,0,0,0,0,0,0,11.199999999999989,0,High,Medium,Medium,No
709,709,710,M15569,M,297.6,308.8,1357,49.7,104,0,0,0,0,0,0,11.199999999999989,0,High,Medium,Medium,No
710,710,711,M15570,M,297.5,308.7,1697,28.1,107,0,0,0,0,0,0,11.199999999999989,0,Medium,High,Medium,No
711,711,712,L47891,L,297.5,308.7,1443,46.2,110,0,0,0,0,0,0,11.199999999999989,0,High,Medium,Medium,No
712,712,713,L47892,L,297.5,308.7,1453,37.6,112,0,0,0,0,0,0,11.199999999999989,0,Medium,Medium,Medium,No
713,713,714,L47893,L,297.4,308.6,1439,46.4,114,0,0,0,0,0,0,11.200000000000045,0,High,Medium,Medium,No
714,714,715,L47894,L,297.4,308.6,1609,36.2,116,0,0,0,0,0,0,11.200000000000045,0,Medium,Medium,Medium,No
715,715,716,L47895,L,297.4,308.6,1324,59.1,118,0,0,0,0,0,0,11.200000000000045,0,High,Medium,Medium,No
716,716,717,H30130,H,297.4,308.6,1420,45.8,120,0,0,0,0,0,0,11.200000000000045,0,High,Medium,Medium,No
717,717,718,L47897,L,297.4,308.7,1545,36.9,125,0,0,0,0,0,0,11.300000000000011,0,Medium,Medium,Medium,No
718,718,719,L47898,L,297.5,308.8,1477,39.0,127,0,0,0,0,0,0,11.300000000000011,0,Medium,Medium,Medium,No
719,719,720,L47899,L,297.4,308.8,1447,58.1,129,0,0,0,0,0,0,11.400000000000034,0,High,Medium,Medium,No
720,720,721,L47900,L,297.4,308.9,1809,23.8,131,0,0,0,0,0,0,11.5,0,Low,High,High,No
721,721,722,L47901,L,297.5,308.9,1696,30.9,133,0,0,0,0,0,0,11.399999999999977,0,Medium,High,High,No
722,722,723,L47902,L,297.5,308.9,1427,44.7,135,0,0,0,0,0,0,11.399999999999977,0,Medium,Medium,High,No
723,723,724,M15583,M,297.4,308.9,1500,46.3,137,0,0,0,0,0,0,11.5,0,High,Medium,High,No
724,724,725,L47904,L,297.5,308.9,1390,44.6,140,0,0,0,0,0,0,11.399999999999977,0,Medium,Medium,High,No
725,725,726,L47905,L,297.4,308.8,1640,34.2,142,0,0,0,0,0,0,11.400000000000034,0,Medium,Medium,High,No
726,726,727,M15586,M,297.4,308.8,1628,37.4,144,0,0,0,0,0,0,11.400000000000034,0,Medium,Medium,High,No
727,727,728,H30141,H,297.3,308.6,1499,37.6,147,0,0,0,0,0,0,11.300000000000011,0,Medium,Medium,High,No
728,728,729,M15588,M,297.4,308.7,1425,50.3,152,0,0,0,0,0,0,11.300000000000011,0,High,Medium,High,No
729,729,730,L47909,L,297.3,308.6,1586,37.7,155,0,0,0,0,0,0,11.300000000000011,0,Medium,Medium,High,No
730,730,731,M15590,M,297.3,308.6,1471,50.7,157,0,0,0,0,0,0,11.300000000000011,0,High,Medium,High,No
731,731,732,M15591,M,297.3,308.6,1431,53.0,160,0,0,0,0,0,0,11.300000000000011,0,High,Medium,High,No
732,732,733,L47912,L,297.2,308.6,1924,22.1,163,0,0,0,0,0,0,11.400000000000034,0,Low,High,High,No
733,733,734,M15593,M,297.1,308.4,1421,42.0,165,0,0,0,0,0,0,11.299999999999955,0,Medium,Medium,High,No
734,734,735,H30148,H,297.0,308.4,1305,54.6,168,0,0,0,0,0,0,11.399999999999977,0,High,Medium,High,No
735,735,736,L47915,L,296.9,308.4,1557,32.4,173,0,0,0,0,0,0,11.5,0,Medium,Medium,High,No
736,736,737,L47916,L,296.9,308.3,1555,38.2,175,0,0,0,0,0,0,11.400000000000034,0,Medium,Medium,High,No
737,737,738,H30151,H,296.9,308.3,1474,39.2,177,0,0,0,0,0,0,11.400000000000034,0,Medium,Medium,High,No
738,738,739,L47918,L,296.8,308.3,1506,45.9,182,0,0,0,0,0,0,11.5,0,High,Medium,High,No
739,739,740,L47919,L,296.9,308.4,1390,41.8,184,0,0,0,0,0,0,11.5,0,Medium,Medium,High,No
740,740,741,M15600,M,296.9,308.4,1450,46.9,186,0,0,0,0,0,0,11.5,0,High,Medium,High,No
741,741,742,L47921,L,296.9,308.3,1513,38.8,189,0,0,0,0,0,0,11.400000000000034,0,Medium,Medium,High,No
742,742,743,L47922,L,296.8,308.2,1643,34.7,191,0,0,0,0,0,0,11.399999999999977,0,Medium,Medium,High,No
743,743,744,L47923,L,296.8,308.2,1361,53.8,193,0,0,0,0,0,0,11.399999999999977,0,High,Medium,High,No
744,744,745,L47924,L,296.7,308.1,1450,40.9,195,0,0,0,0,0,0,11.400000000000034,0,Medium,Medium,High,No
745,745,746,L47925,L,296.7,308.0,1451,50.7,197,0,0,0,0,0,0,11.300000000000011,0,High,Medium,High,No
746,746,747,L47926,L,296.8,308.1,1289,62.0,199,1,0,0,0,1,0,11.300000000000011,1,High,Medium,High,No
747,747,748,L47927,L,296.8,308.1,1356,48.3,201,0,0,0,0,0,0,11.300000000000011,0,High,Medium,High,No
748,748,749,H30162,H,296.7,308.1,1528,46.3,203,0,0,0,0,0,0,11.400000000000034,0,High,Medium,High,No
749,749,750,L47929,L,296.6,308.0,1978,22.3,208,0,0,0,0,0,0,11.399999999999977,0,Low,High,High,No
750,750,751,L47930,L,296.7,308.0,1535,36.8,210,0,0,0,0,0,0,11.300000000000011,0,Medium,Medium,High,No
751,751,752,M15611,M,296.8,308.1,1843,24.2,212,0,0,0,0,0,0,11.300000000000011,0,Low,High,High,No
752,752,753,L47932,L,296.9,308.1,1422,48.7,215,0,0,0,0,0,0,11.200000000000045,0,High,Medium,High,No
753,753,754,L47933,L,296.8,308.0,1536,40.4,217,0,0,0,0,0,0,11.199999999999989,0,Medium,Medium,High,No
754,754,755,M15614,M,296.9,308.1,1483,44.3,219,0,0,0,0,0,0,11.200000000000045,0,Medium,Medium,High,No
755,755,756,H30169,H,296.8,308.1,1492,43.7,222,0,0,0,0,0,0,11.300000000000011,0,Medium,Medium,High,No
756,756,757,L47936,L,296.8,308.0,1584,40.4,227,0,0,0,0,0,0,11.199999999999989,0,Medium,Medium,High,No
757,757,758,L47937,L,296.9,308.1,1555,33.7,229,0,0,0,0,0,0,11.200000000000045,0,Medium,Medium,High,No
758,758,759,L47938,L,296.8,308.0,1497,41.7,231,0,0,0,0,0,0,11.199999999999989,0,Medium,Medium,High,No
759,759,760,M15619,M,296.7,307.8,1537,36.3,233,0,0,0,0,0,0,11.100000000000023,0,Medium,Medium,High,No
760,760,761,L47940,L,296.7,307.8,1505,39.4,236,0,0,0,0,0,0,11.100000000000023,0,Medium,Medium,High,No
761,761,762,L47941,L,296.7,307.8,1646,34.6,238,0,0,0,0,0,0,11.100000000000023,0,Medium,Medium,High,No
762,762,763,M15622,M,296.7,307.8,1286,60.5,0,0,0,0,0,0,0,11.100000000000023,0,High,Medium,Low,No
763,763,764,L47943,L,296.7,307.8,1400,47.5,3,0,0,0,0,0,0,11.100000000000023,0,High,Medium,Low,No
764,764,765,L47944,L,296.8,307.9,1337,56.5,5,0,0,0,0,0,0,11.099999999999966,0,High,Medium,Low,No
765,765,766,L47945,L,296.9,308.0,1332,53.9,7,0,0,0,0,0,0,11.100000000000023,0,High,Medium,Low,No
766,766,767,L47946,L,296.8,308.0,1561,38.3,9,0,0,0,0,0,0,11.199999999999989,0,Medium,Medium,Low,No
767,767,768,L47947,L,296.9,308.0,1546,31.1,11,0,0,0,0,0,0,11.100000000000023,0,Medium,Medium,Low,No
768,768,769,L47948,L,296.9,308.0,1713,29.3,13,0,0,0,0,0,0,11.100000000000023,0,Medium,High,Low,No
769,769,770,L47949,L,296.9,308.0,1343,44.5,15,0,0,0,0,0,0,11.100000000000023,0,Medium,Medium,Low,No
770,770,771,L47950,L,296.8,308.0,1391,54.4,17,0,0,0,0,0,0,11.199999999999989,0,High,Medium,Low,No
771,771,772,H30185,H,296.8,308.0,1311,58.6,19,0,0,0,0,0,0,11.199999999999989,0,High,Medium,Low,No
772,772,773,H30186,H,296.8,308.0,1453,51.0,24,0,0,0,0,0,0,11.199999999999989,0,High,Medium,Low,No
773,773,774,L47953,L,296.8,308.0,1510,39.4,29,0,0,0,0,0,0,11.199999999999989,0,Medium,Medium,Low,No
774,774,775,L47954,L,296.8,307.9,1448,48.8,31,0,0,0,0,0,0,11.099999999999966,0,High,Medium,Low,No
775,775,776,L47955,L,296.7,307.8,1453,46.0,33,0,0,0,0,0,0,11.100000000000023,0,High,Medium,Low,No
776,776,777,L47956,L,296.7,307.8,1468,39.2,35,0,0,0,0,0,0,11.100000000000023,0,Medium,Medium,Low,No
777,777,778,L47957,L,296.7,307.8,1382,47.5,37,0,0,0,0,0,0,11.100000000000023,0,High,Medium,Low,No
778,778,779,L47958,L,296.7,308.0,1580,32.2,39,0,0,0,0,0,0,11.300000000000011,0,Medium,Medium,Low,No
779,779,780,L47959,L,296.8,308.0,1666,29.8,41,0,0,0,0,0,0,11.199999999999989,0,Medium,High,Low,No
780,780,781,M15640,M,296.9,308.0,1409,50.7,43,0,0,0,0,0,0,11.100000000000023,0,High,Medium,Low,No
781,781,782,L47961,L,296.8,308.0,1675,29.7,46,0,0,0,0,0,0,11.199999999999989,0,Medium,High,Low,No
782,782,783,L47962,L,296.8,307.9,1698,30.8,48,0,0,0,0,0,0,11.099999999999966,0,Medium,High,Low,No
783,783,784,H30197,H,296.7,307.9,1579,33.4,50,0,0,0,0,0,0,11.199999999999989,0,Medium,Medium,Low,No
784,784,785,L47964,L,296.7,307.9,1743,27.9,55,0,0,0,0,0,0,11.199999999999989,0,Medium,High,Low,No
785,785,786,M15645,M,296.9,308.0,1497,44.8,57,0,0,0,0,0,0,11.100000000000023,0,Medium,Medium,Low,No
786,786,787,L47966,L,296.9,308.1,1741,28.8,60,0,0,0,0,0,0,11.200000000000045,0,Medium,High,Low,No
787,787,788,L47967,L,296.9,308.1,1435,45.3,62,0,0,0,0,0,0,11.200000000000045,0,High,Medium,Low,No
788,788,789,M15648,M,296.9,308.1,1440,46.3,64,0,0,0,0,0,0,11.200000000000045,0,High,Medium,Low,No
789,789,790,M15649,M,296.9,308.0,1641,33.3,67,0,0,0,0,0,0,11.100000000000023,0,Medium,Medium,Low,No
790,790,791,L47970,L,296.8,307.9,1420,45.4,70,0,0,0,0,0,0,11.099999999999966,0,High,Medium,Low,No
791,791,792,L47971,L,296.8,307.9,1611,35.4,72,0,0,0,0,0,0,11.099999999999966,0,Medium,Medium,Low,No
792,792,793,L47972,L,296.8,307.8,1373,42.9,74,0,0,0,0,0,0,11.0,0,Medium,Medium,Low,No
793,793,794,M15653,M,296.8,307.9,1683,31.8,76,0,0,0,0,0,0,11.099999999999966,0,Medium,High,Low,No
794,794,795,H30208,H,296.9,307.9,1547,32.6,79,0,0,0,0,0,0,11.0,0,Medium,Medium,Low,No
795,795,796,L47975,L,296.9,307.8,1605,37.0,84,0,0,0,0,0,0,10.900000000000034,0,Medium,Medium,Medium,No
796,796,797,M15656,M,296.9,307.9,2010,18.9,86,0,0,0,0,0,0,11.0,0,Low,High,Medium,No
797,797,798,L47977,L,296.8,307.7,1565,40.1,89,0,0,0,0,0,0,10.899999999999977,0,Medium,Medium,Medium,No
798,798,799,M15658,M,296.9,307.8,1828,24.6,91,0,0,0,0,0,0,10.900000000000034,0,Low,High,Medium,No
799,799,800,M15659,M,297.0,307.8,1579,34.1,94,0,0,0,0,0,0,10.800000000000011,0,Medium,Medium,Medium,No
800,800,801,M15660,M,297.0,307.9,1882,24.2,97,0,0,0,0,0,0,10.899999999999977,0,Low,High,Medium,No
801,801,802,L47981,L,296.9,307.8,1285,52.1,100,0,0,0,0,0,0,10.900000000000034,0,High,Medium,Medium,No
802,802,803,L47982,L,296.9,307.8,1571,35.0,102,0,0,0,0,0,0,10.900000000000034,0,Medium,Medium,Medium,No
803,803,804,H30217,H,296.9,307.8,1549,37.8,104,0,0,0,0,0,0,10.900000000000034,0,Medium,Medium,Medium,No
804,804,805,M15664,M,296.9,307.8,1544,37.6,109,0,0,0,0,0,0,10.900000000000034,0,Medium,Medium,Medium,No
805,805,806,M15665,M,297.0,307.9,1412,47.4,112,0,0,0,0,0,0,10.899999999999977,0,High,Medium,Medium,No
806,806,807,M15666,M,297.0,307.9,1422,53.0,115,0,0,0,0,0,0,10.899999999999977,0,High,Medium,Medium,No
807,807,808,L47987,L,297.0,307.7,1867,22.8,118,0,0,0,0,0,0,10.699999999999989,0,Low,High,Medium,No
808,808,809,L47988,L,296.9,307.7,1424,43.3,120,0,0,0,0,0,0,10.800000000000011,0,Medium,Medium,Medium,No
809,809,810,L47989,L,296.9,307.6,1452,45.7,122,0,0,0,0,0,0,10.700000000000045,0,High,Medium,Medium,No
810,810,811,L47990,L,296.9,307.7,1550,39.7,124,0,0,0,0,0,0,10.800000000000011,0,Medium,Medium,Medium,No
811,811,812,L47991,L,296.8,307.6,1588,37.6,126,0,0,0,0,0,0,10.800000000000011,0,Medium,Medium,Medium,No
812,812,813,L47992,L,296.8,307.6,1338,44.4,128,0,0,0,0,0,0,10.800000000000011,0,Medium,Medium,Medium,No
813,813,814,L47993,L,296.8,307.6,1513,40.0,130,0,0,0,0,0,0,10.800000000000011,0,Medium,Medium,Medium,No
814,814,815,M15674,M,296.8,307.5,1470,45.9,132,0,0,0,0,0,0,10.699999999999989,0,High,Medium,High,No
815,815,816,M15675,M,296.8,307.5,1516,36.7,135,0,0,0,0,0,0,10.699999999999989,0,Medium,Medium,High,No
816,816,817,L47996,L,296.8,307.6,1434,48.3,138,0,0,0,0,0,0,10.800000000000011,0,High,Medium,High,No
817,817,818,L47997,L,296.8,307.6,1368,52.0,140,0,0,0,0,0,0,10.800000000000011,0,High,Medium,High,No
818,818,819,L47998,L,296.8,307.6,1304,48.7,142,0,0,0,0,0,0,10.800000000000011,0,High,Medium,High,No
819,819,820,L47999,L,296.8,307.6,1398,46.7,144,0,0,0,0,0,0,10.800000000000011,0,High,Medium,High,No
820,820,821,L48000,L,296.7,307.6,1516,37.4,146,0,0,0,0,0,0,10.900000000000034,0,Medium,Medium,High,No
821,821,822,L48001,L,296.7,307.6,1474,41.7,148,0,0,0,0,0,0,10.900000000000034,0,Medium,Medium,High,No
822,822,823,M15682,M,296.7,307.6,1547,34.7,150,0,0,0,0,0,0,10.900000000000034,0,Medium,Medium,High,No
823,823,824,M15683,M,296.6,307.5,1482,39.9,153,0,0,0,0,0,0,10.899999999999977,0,Medium,Medium,High,No
824,824,825,L48004,L,296.6,307.4,1436,42.8,156,0,0,0,0,0,0,10.799999999999955,0,Medium,Medium,High,No
825,825,826,L48005,L,296.6,307.3,1474,40.0,158,0,0,0,0,0,0,10.699999999999989,0,Medium,Medium,High,No
826,826,827,L48006,L,296.5,307.2,1481,38.2,160,0,0,0,0,0,0,10.699999999999989,0,Medium,Medium,High,No
827,827,828,L48007,L,296.5,307.3,1501,42.1,162,0,0,0,0,0,0,10.800000000000011,0,Medium,Medium,High,No
828,828,829,L48008,L,296.5,307.3,1566,37.2,164,0,0,0,0,0,0,10.800000000000011,0,Medium,Medium,High,No
829,829,830,L48009,L,296.5,307.3,1579,34.5,166,0,0,0,0,0,0,10.800000000000011,0,Medium,Medium,High,No
830,830,831,L48010,L,296.6,307.4,1631,35.0,168,0,0,0,0,0,0,10.799999999999955,0,Medium,Medium,High,No
831,831,832,M15691,M,296.6,307.4,1544,42.3,170,0,0,0,0,0,0,10.799999999999955,0,Medium,Medium,High,No
832,832,833,L48012,L,296.6,307.4,1521,38.6,173,0,0,0,0,0,0,10.799999999999955,0,Medium,Medium,High,No
833,833,834,L48013,L,296.6,307.4,1616,28.0,175,0,0,0,0,0,0,10.799999999999955,0,Medium,Medium,High,No
834,834,835,H30248,H,296.6,307.4,1333,50.2,177,0,0,0,0,0,0,10.799999999999955,0,High,Medium,High,No
835,835,836,M15695,M,296.7,307.4,1533,32.5,182,0,0,0,0,0,0,10.699999999999989,0,Medium,Medium,High,No
836,836,837,L48016,L,296.6,307.4,1368,45.1,185,0,0,0,0,0,0,10.799999999999955,0,High,Medium,High,No
837,837,838,L48017,L,296.6,307.4,1465,47.8,187,0,0,0,0,0,0,10.799999999999955,0,High,Medium,High,No
838,838,839,H30252,H,296.6,307.4,1406,41.5,189,0,0,0,0,0,0,10.799999999999955,0,Medium,Medium,High,No
839,839,840,M15699,M,296.5,307.4,1565,43.5,194,0,0,0,0,0,0,10.899999999999977,0,Medium,Medium,High,No
840,840,841,L48020,L,296.6,307.5,1582,37.9,197,0,0,0,0,0,0,10.899999999999977,0,Medium,Medium,High,No
841,841,842,L48021,L,296.6,307.5,1439,45.5,199,0,0,0,0,0,0,10.899999999999977,0,High,Medium,High,No
842,842,843,M15702,M,296.6,307.5,1566,35.0,201,0,0,0,0,0,0,10.899999999999977,0,Medium,Medium,High,No
843,843,844,L48023,L,296.6,307.5,1485,42.7,204,0,0,0,0,0,0,10.899999999999977,0,Medium,Medium,High,No
844,844,845,L48024,L,296.5,307.5,1566,35.1,206,0,0,0,0,0,0,11.0,0,Medium,Medium,High,No
845,845,846,L48025,L,296.3,307.3,1439,41.5,208,0,0,0,0,0,0,11.0,0,Medium,Medium,High,No
846,846,847,M15706,M,296.4,307.4,1416,50.0,210,0,0,0,0,0,0,11.0,0,High,Medium,High,No
847,847,848,L48027,L,296.4,307.4,2833,5.6,213,1,0,0,1,0,0,11.0,1,Low,High,High,No
848,848,849,L48028,L,296.3,307.4,1465,47.1,215,0,0,0,0,0,0,11.099999999999966,0,High,Medium,High,No
849,849,850,H30263,H,296.4,307.4,1586,35.5,0,0,0,0,0,0,0,11.0,0,Medium,Medium,Low,No
850,850,851,L48030,L,296.3,307.3,1567,31.4,5,0,0,0,0,0,0,11.0,0,Medium,Medium,Low,No
851,851,852,M15711,M,296.2,307.2,1389,48.6,7,0,0,0,0,0,0,11.0,0,High,Medium,Low,No
852,852,853,M15712,M,296.3,307.3,1368,49.5,10,0,0,0,0,0,0,11.0,0,High,Medium,Low,No
853,853,854,L48033,L,296.3,307.3,1444,49.0,13,0,0,0,0,0,0,11.0,0,High,Medium,Low,No
854,854,855,M15714,M,296.3,307.3,1498,41.6,15,0,0,0,0,0,0,11.0,0,Medium,Medium,Low,No
855,855,856,L48035,L,296.1,307.2,1615,30.8,18,0,0,0,0,0,0,11.099999999999966,0,Medium,Medium,Low,No
856,856,857,L48036,L,296.1,307.1,1898,22.7,20,0,0,0,0,0,0,11.0,0,Low,High,Low,No
857,857,858,M15717,M,296.1,307.1,1350,53.3,22,0,0,0,0,0,0,11.0,0,High,Medium,Low,No
858,858,859,M15718,M,296.2,307.0,1516,37.6,25,0,0,0,0,0,0,10.800000000000011,0,Medium,Medium,Low,No
859,859,860,H30273,H,296.2,307.0,1542,40.6,28,0,0,0,0,0,0,10.800000000000011,0,Medium,Medium,Low,No
860,860,861,H30274,H,296.1,306.9,1541,32.6,33,0,0,0,0,0,0,10.799999999999955,0,Medium,Medium,Low,No
861,861,862,M15721,M,296.1,306.9,1951,23.3,38,0,0,0,0,0,0,10.799999999999955,0,Low,High,Low,No
862,862,863,H30276,H,296.1,306.8,1645,31.0,41,0,0,0,0,0,0,10.699999999999989,0,Medium,Medium,Low,No
863,863,864,L48043,L,296.0,306.7,1416,44.2,46,0,0,0,0,0,0,10.699999999999989,0,Medium,Medium,Low,No
864,864,865,M15724,M,296.0,306.7,2044,22.3,48,0,0,0,0,0,0,10.699999999999989,0,Low,High,Low,No
865,865,866,L48045,L,295.9,306.6,1414,50.2,51,0,0,0,0,0,0,10.700000000000045,0,High,Medium,Low,No
866,866,867,L48046,L,295.9,306.6,1678,26.7,53,0,0,0,0,0,0,10.700000000000045,0,Medium,High,Low,No
867,867,868,H30281,H,295.9,306.5,1594,33.2,55,0,0,0,0,0,0,10.600000000000023,0,Medium,Medium,Low,No
868,868,869,M15728,M,295.8,306.5,1514,37.7,60,0,0,0,0,0,0,10.699999999999989,0,Medium,Medium,Low,No
869,869,870,L48049,L,295.8,306.5,1358,49.2,63,0,0,0,0,0,0,10.699999999999989,0,High,Medium,Low,No
870,870,871,L48050,L,295.8,306.4,1325,56.2,65,0,0,0,0,0,0,10.599999999999966,0,High,Medium,Low,No
871,871,872,L48051,L,295.8,306.4,1339,53.2,67,0,0,0,0,0,0,10.599999999999966,0,High,Medium,Low,No
872,872,873,M15732,M,295.8,306.4,1335,51.7,69,0,0,0,0,0,0,10.599999999999966,0,High,Medium,Low,No
873,873,874,L48053,L,295.9,306.4,1892,21.7,72,0,0,0,0,0,0,10.5,0,Low,High,Low,No
874,874,875,L48054,L,295.9,306.4,1575,28.5,74,0,0,0,0,0,0,10.5,0,Medium,Medium,Low,No
875,875,876,M15735,M,295.8,306.3,1444,45.5,76,0,0,0,0,0,0,10.5,0,High,Medium,Low,No
876,876,877,L48056,L,295.7,306.3,1915,22.4,79,0,0,0,0,0,0,10.600000000000023,0,Low,High,Low,No
877,877,878,M15737,M,295.6,306.2,1584,33.6,81,0,0,0,0,0,0,10.599999999999966,0,Medium,Medium,Medium,No
878,878,879,M15738,M,295.7,306.3,1685,34.9,84,0,0,0,0,0,0,10.600000000000023,0,Medium,High,Medium,No
879,879,880,L48059,L,295.8,306.3,1337,54.6,87,0,0,0,0,0,0,10.5,0,High,Medium,Medium,No
880,880,881,M15740,M,295.8,306.3,1235,76.2,89,1,0,0,1,0,0,10.5,1,High,Low,Medium,No
881,881,882,L48061,L,295.7,306.2,1464,46.2,92,0,0,0,0,0,0,10.5,0,High,Medium,Medium,No
882,882,883,M15742,M,295.7,306.2,1739,25.9,94,0,0,0,0,0,0,10.5,0,High,High,Medium,No
883,883,884,L48063,L,295.7,306.3,1490,34.3,97,0,0,0,0,0,0,10.600000000000023,0,Medium,Medium,Medium,No
884,884,885,L48064,L,295.8,306.4,1356,48.0,99,0,0,0,0,0,0,10.599999999999966,0,High,Medium,Medium,No
885,885,886,L48065,L,295.7,306.2,1397,52.0,101,0,0,0,0,0,0,10.5,0,High,Medium,Medium,No
886,886,887,L48066,L,295.7,306.2,1458,40.6,103,0,0,0,0,0,0,10.5,0,Medium,Medium,Medium,No
887,887,888,H30301,H,295.7,306.2,2161,16.5,105,0,0,0,0,0,0,10.5,0,Low,High,Medium,No
888,888,889,M15748,M,295.6,306.1,1651,28.1,110,0,0,0,0,0,0,10.5,0,Medium,High,Medium,No
889,889,890,L48069,L,295.6,306.1,1389,46.2,113,0,0,0,0,0,0,10.5,0,High,Medium,Medium,No
890,890,891,L48070,L,295.6,306.0,1370,52.4,115,0,0,0,0,0,0,10.399999999999977,0,High,Medium,Medium,No
891,891,892,L48071,L,295.7,306.1,1408,47.9,117,0,0,0,0,0,0,10.400000000000034,0,High,Medium,Medium,No
892,892,893,L48072,L,295.7,306.1,1343,54.4,119,0,0,0,0,0,0,10.400000000000034,0,High,Medium,Medium,No
893,893,894,M15753,M,295.7,306.2,1423,42.5,121,0,0,0,0,0,0,10.5,0,Medium,Medium,Medium,No
894,894,895,L48074,L,295.6,306.2,1426,48.6,124,0,0,0,0,0,0,10.599999999999966,0,High,Medium,Medium,No
895,895,896,M15755,M,295.6,306.2,1435,51.6,126,0,0,0,0,0,0,10.599999999999966,0,High,Medium,Medium,No
896,896,897,L48076,L,295.5,306.1,1573,35.1,129,0,0,0,0,0,0,10.600000000000023,0,Medium,Medium,Medium,No
897,897,898,L48077,L,295.6,306.2,1612,31.2,131,0,0,0,0,0,0,10.599999999999966,0,Medium,Medium,High,No
898,898,899,L48078,L,295.6,306.2,1446,49.9,133,0,0,0,0,0,0,10.599999999999966,0,High,Medium,High,No
899,899,900,H30313,H,295.6,306.2,1329,55.3,135,0,0,0,0,0,0,10.599999999999966,0,High,Medium,High,No
900,900,901,L48080,L,295.6,306.2,1569,35.1,140,0,0,0,0,0,0,10.599999999999966,0,Medium,Medium,High,No
901,901,902,H30315,H,295.6,306.1,1256,62.3,142,0,0,0,0,0,0,10.5,0,High,Medium,High,No
902,902,903,L48082,L,295.6,306.1,1383,48.7,147,0,0,0,0,0,0,10.5,0,High,Medium,High,No
903,903,904,L48083,L,295.7,306.2,2270,14.6,149,1,0,0,1,0,0,10.5,1,Low,High,High,No
904,904,905,H30318,H,295.7,306.2,1458,49.8,151,0,0,0,0,0,0,10.5,0,High,Medium,High,No
905,905,906,L48085,L,295.6,306.1,1474,41.2,156,0,0,0,0,0,0,10.5,0,Medium,Medium,High,No
906,906,907,M15766,M,295.6,306.1,1462,49.2,158,0,0,0,0,0,0,10.5,0,High,Medium,High,No
907,907,908,M15767,M,295.6,306.1,1669,29.0,161,0,0,0,0,0,0,10.5,0,Medium,High,High,No
908,908,909,M15768,M,295.5,306.1,1822,24.3,164,0,0,0,0,0,0,10.600000000000023,0,Low,High,High,No
909,909,910,L48089,L,295.5,306.0,1456,39.2,167,0,0,0,0,0,0,10.5,0,Medium,Medium,High,No
910,910,911,L48090,L,295.5,306.0,1546,35.9,169,0,0,0,0,0,0,10.5,0,Medium,Medium,High,No
911,911,912,M15771,M,295.6,306.1,1490,42.7,171,0,0,0,0,0,0,10.5,0,Medium,Medium,High,No
912,912,913,L48092,L,295.6,306.0,1569,40.4,174,0,0,0,0,0,0,10.399999999999977,0,Medium,Medium,High,No
913,913,914,L48093,L,295.5,306.0,1621,29.5,176,0,0,0,0,0,0,10.5,0,Medium,Medium,High,No
914,914,915,M15774,M,295.4,305.9,1518,40.6,178,0,0,0,0,0,0,10.5,0,Medium,Medium,High,No
915,915,916,M15775,M,295.4,305.8,1526,38.2,181,0,0,0,0,0,0,10.400000000000034,0,Medium,Medium,High,No
916,916,917,M15776,M,295.3,305.8,1589,36.2,184,0,0,0,0,0,0,10.5,0,Medium,Medium,High,No
917,917,918,L48097,L,295.3,305.7,1475,51.0,187,0,0,0,0,0,0,10.399999999999977,0,High,Medium,High,No
918,918,919,M15778,M,295.3,305.7,1473,38.5,189,0,0,0,0,0,0,10.399999999999977,0,Medium,Medium,High,No
919,919,920,L48099,L,295.4,305.8,1407,50.7,192,0,0,0,0,0,0,10.400000000000034,0,High,Medium,High,No
920,920,921,M15780,M,295.5,305.9,1518,44.1,194,0,0,0,0,0,0,10.399999999999977,0,Medium,Medium,High,No
921,921,922,H30335,H,295.5,305.9,1593,37.2,197,0,0,0,0,0,0,10.399999999999977,0,Medium,Medium,High,No
922,922,923,M15782,M,295.5,305.9,1380,52.4,202,0,0,0,0,0,0,10.399999999999977,0,High,Medium,High,No
923,923,924,M15783,M,295.5,306.0,1423,45.3,205,0,0,0,0,0,0,10.5,0,High,Medium,High,No
924,924,925,L48104,L,295.5,306.0,1800,27.6,208,0,0,0,0,0,0,10.5,0,Medium,High,High,No
925,925,926,H30339,H,295.6,306.1,1623,30.9,210,0,0,0,0,0,0,10.5,0,Medium,Medium,High,No
926,926,927,L48106,L,295.6,306.1,1372,55.6,215,1,0,0,0,1,0,10.5,1,High,Medium,High,No
927,927,928,H30341,H,295.6,306.0,1396,52.4,0,0,0,0,0,0,0,10.399999999999977,0,High,Medium,Low,No
928,928,929,L48108,L,295.6,306.0,1949,21.9,5,0,0,0,0,0,0,10.399999999999977,0,Low,High,Low,No
929,929,930,L48109,L,295.6,306.0,1419,51.1,7,0,0,0,0,0,0,10.399999999999977,0,High,Medium,Low,No
930,930,931,M15790,M,295.5,305.9,1453,47.3,9,0,0,0,0,0,0,10.399999999999977,0,High,Medium,Low,No
931,931,932,L48111,L,295.5,305.9,1542,36.2,12,0,0,0,0,0,0,10.399999999999977,0,Medium,Medium,Low,No
932,932,933,L48112,L,295.6,306.0,1363,50.0,14,0,0,0,0,0,0,10.399999999999977,0,High,Medium,Low,No
933,933,934,L48113,L,295.5,306.0,1597,37.2,16,0,0,0,0,0,0,10.5,0,Medium,Medium,Low,No
934,934,935,M15794,M,295.5,306.0,1326,50.8,18,0,0,0,0,0,0,10.5,0,High,Medium,Low,No
935,935,936,M15795,M,295.5,306.0,1641,36.6,21,0,0,0,0,0,0,10.5,0,Medium,Medium,Low,No
936,936,937,M15796,M,295.6,306.1,1418,46.2,24,0,0,0,0,0,0,10.5,0,High,Medium,Low,No
937,937,938,L48117,L,295.6,306.2,1263,61.8,27,0,0,0,0,0,0,10.599999999999966,0,High,Medium,Low,No
938,938,939,L48118,L,295.6,306.2,1823,25.8,29,0,0,0,0,0,0,10.599999999999966,0,High,High,Low,No
939,939,940,L48119,L,295.5,306.1,1488,40.7,31,0,0,0,0,0,0,10.600000000000023,0,Medium,Medium,Low,No
940,940,941,L48120,L,295.6,306.2,1443,48.9,33,0,0,0,0,0,0,10.599999999999966,0,High,Medium,Low,No
941,941,942,L48121,L,295.6,306.2,1650,28.2,35,0,0,0,0,0,0,10.599999999999966,0,Medium,Medium,Low,No
942,942,943,M15802,M,295.7,306.3,1462,44.3,37,0,0,0,0,0,0,10.600000000000023,0,Medium,Medium,Low,No
943,943,944,M15803,M,295.6,306.2,1477,45.0,40,0,0,0,0,0,0,10.599999999999966,0,Medium,Medium,Low,No
944,944,945,M15804,M,295.7,306.3,1712,28.5,43,0,0,0,0,0,0,10.600000000000023,0,Medium,High,Low,No
945,945,946,M15805,M,295.7,306.3,1347,50.4,46,0,0,0,0,0,0,10.600000000000023,0,High,Medium,Low,No
946,946,947,L48126,L,295.6,306.2,1287,54.8,49,0,0,0,0,0,0,10.599999999999966,0,High,Medium,Low,No
947,947,948,L48127,L,295.6,306.2,1428,44.5,51,0,0,0,0,0,0,10.599999999999966,0,Medium,Medium,Low,No
948,948,949,M15808,M,295.6,306.3,1426,45.5,53,0,0,0,0,0,0,10.699999999999989,0,High,Medium,Low,No
949,949,950,L48129,L,295.6,306.3,1636,32.7,56,0,0,0,0,0,0,10.699999999999989,0,Medium,Medium,Low,No
950,950,951,L48130,L,295.6,306.2,1424,42.5,58,0,0,0,0,0,0,10.599999999999966,0,Medium,Medium,Low,No
951,951,952,H30365,H,295.6,306.3,1509,35.8,60,0,0,0,0,0,0,10.699999999999989,0,Medium,Medium,Low,No
952,952,953,L48132,L,295.5,306.2,1448,48.9,65,0,0,0,0,0,0,10.699999999999989,0,High,Medium,Low,No
953,953,954,L48133,L,295.5,306.1,1650,32.8,67,0,0,0,0,0,0,10.600000000000023,0,Medium,Medium,Low,No
954,954,955,H30368,H,295.6,306.2,1414,42.5,69,0,0,0,0,0,0,10.599999999999966,0,Medium,Medium,Low,No
955,955,956,L48135,L,295.6,306.3,1911,20.9,74,0,0,0,0,0,0,10.699999999999989,0,Low,High,Low,No
956,956,957,H30370,H,295.6,306.2,1632,32.2,76,0,0,0,0,0,0,10.599999999999966,0,Medium,Medium,Low,No
957,957,958,M15817,M,295.7,306.4,1387,40.1,81,0,0,0,0,0,0,10.699999999999989,0,Medium,Medium,Medium,No
958,958,959,L48138,L,295.8,306.4,1399,47.6,84,0,0,0,0,0,0,10.599999999999966,0,High,Medium,Medium,No
959,959,960,L48139,L,295.8,306.5,1505,35.2,86,0,0,0,0,0,0,10.699999999999989,0,Medium,Medium,Medium,No
960,960,961,L48140,L,295.8,306.5,1534,37.9,88,0,0,0,0,0,0,10.699999999999989,0,Medium,Medium,Medium,No
961,961,962,L48141,L,295.8,306.5,1493,40.5,90,0,0,0,0,0,0,10.699999999999989,0,Medium,Medium,Medium,No
962,962,963,M15822,M,295.8,306.6,1480,43.2,92,0,0,0,0,0,0,10.800000000000011,0,Medium,Medium,Medium,No
963,963,964,L48143,L,295.8,306.6,1621,31.6,95,0,0,0,0,0,0,10.800000000000011,0,Medium,Medium,Medium,No
964,964,965,L48144,L,295.7,306.5,1737,26.2,97,0,0,0,0,0,0,10.800000000000011,0,Medium,High,Medium,No
965,965,966,L48145,L,295.8,306.6,1508,46.5,99,0,0,0,0,0,0,10.800000000000011,0,High,Medium,Medium,No
966,966,967,M15826,M,295.8,306.5,1641,32.2,101,0,0,0,0,0,0,10.699999999999989,0,Medium,Medium,Medium,No
967,967,968,M15827,M,295.9,306.6,1532,38.6,104,0,0,0,0,0,0,10.700000000000045,0,Medium,Medium,Medium,No
968,968,969,L48148,L,295.9,306.7,1547,40.9,107,0,0,0,0,0,0,10.800000000000011,0,Medium,Medium,Medium,No
969,969,970,L48149,L,295.9,306.6,1412,41.0,109,0,0,0,0,0,0,10.700000000000045,0,Medium,Medium,Medium,No
970,970,971,L48150,L,295.8,306.5,1568,35.1,111,0,0,0,0,0,0,10.699999999999989,0,Medium,Medium,Medium,No
971,971,972,L48151,L,295.9,306.6,1557,41.1,113,0,0,0,0,0,0,10.700000000000045,0,Medium,Medium,Medium,No
972,972,973,L48152,L,295.8,306.6,1644,35.2,115,0,0,0,0,0,0,10.800000000000011,0,Medium,Medium,Medium,No
973,973,974,L48153,L,295.9,306.6,1679,30.4,117,0,0,0,0,0,0,10.700000000000045,0,Medium,High,Medium,No
974,974,975,L48154,L,296.0,306.6,1511,35.2,119,0,0,0,0,0,0,10.600000000000023,0,Medium,Medium,Medium,No
975,975,976,M15835,M,296.0,306.6,1628,36.8,121,0,0,0,0,0,0,10.600000000000023,0,Medium,Medium,Medium,No
976,976,977,M15836,M,296.0,306.6,1392,51.3,124,0,0,0,0,0,0,10.600000000000023,0,High,Medium,Medium,No
977,977,978,L48157,L,296.0,306.7,1917,21.0,127,0,0,0,0,0,0,10.699999999999989,0,Low,High,Medium,No
978,978,979,M15838,M,296.2,306.8,1526,42.3,129,0,0,0,0,0,0,10.600000000000023,0,Medium,Medium,Medium,No
979,979,980,L48159,L,296.2,306.8,1389,53.3,132,0,0,0,0,0,0,10.600000000000023,0,High,Medium,High,No
980,980,981,L48160,L,296.1,306.7,1409,42.8,134,0,0,0,0,0,0,10.599999999999966,0,Medium,Medium,High,No
981,981,982,L48161,L,296.2,306.8,1655,31.1,136,0,0,0,0,0,0,10.600000000000023,0,Medium,High,High,No
982,982,983,L48162,L,296.2,306.9,1516,39.1,138,0,0,0,0,0,0,10.699999999999989,0,Medium,Medium,High,No
983,983,984,L48163,L,296.2,306.9,1526,34.9,140,0,0,0,0,0,0,10.699999999999989,0,Medium,Medium,High,No
984,984,985,L48164,L,296.3,307.1,1419,48.6,142,0,0,0,0,0,0,10.800000000000011,0,High,Medium,High,No
985,985,986,L48165,L,296.4,307.2,1748,25.3,144,0,0,0,0,0,0,10.800000000000011,0,High,High,High,No
986,986,987,H30400,H,296.4,307.1,1638,32.5,146,0,0,0,0,0,0,10.700000000000045,0,Medium,Medium,High,No
987,987,988,M15847,M,296.3,307.1,1534,33.8,151,0,0,0,0,0,0,10.800000000000011,0,Medium,Medium,High,No
988,988,989,H30402,H,296.3,307.1,1774,25.9,154,0,0,0,0,0,0,10.800000000000011,0,High,High,High,No
989,989,990,M15849,M,296.2,307.0,2119,18.3,159,0,0,0,0,0,0,10.800000000000011,0,Low,High,High,No
990,990,991,L48170,L,296.2,307.0,1414,48.3,162,0,0,0,0,0,0,10.800000000000011,0,High,Medium,High,No
991,991,992,M15851,M,296.1,307.0,1523,42.0,164,0,0,0,0,0,0,10.899999999999977,0,Medium,Medium,High,No
992,992,993,L48172,L,296.1,307.1,1651,35.7,167,0,0,0,0,0,0,11.0,0,Medium,High,High,No
993,993,994,M15853,M,296.1,307.1,1485,36.0,169,0,0,0,0,0,0,11.0,0,Medium,Medium,High,No
994,994,995,M15854,M,296.2,307.2,1168,63.4,172,0,0,0,0,0,0,11.0,0,High,Low,High,No
995,995,996,L48175,L,296.3,307.3,1566,35.8,175,0,0,0,0,0,0,11.0,0,Medium,Medium,High,No
996,996,997,M15856,M,296.3,307.2,1286,51.1,177,0,0,0,0,0,0,10.899999999999977,0,High,Medium,High,No
997,997,998,M15857,M,296.3,307.2,1446,45.9,180,0,0,0,0,0,0,10.899999999999977,0,High,Medium,High,No
998,998,999,M15858,M,296.4,307.2,2071,19.4,183,0,0,0,0,0,0,10.800000000000011,0,Low,High,High,No
999,999,1000,L48179,L,296.3,307.1,1560,33.2,186,0,0,0,0,0,0,10.800000000000011,0,Medium,Medium,High,No
1000,1000,1001,L48180,L,296.3,307.1,1654,29.6,188,0,0,0,0,0,0,10.800000000000011,0,Medium,High,High,No
1001,1001,1002,L48181,L,296.3,307.1,1662,32.9,190,0,0,0,0,0,0,10.800000000000011,0,Medium,High,High,No
1002,1002,1003,L48182,L,296.3,307.2,1646,35.0,192,0,0,0,0,0,0,10.899999999999977,0,Medium,Medium,High,No
1003,1003,1004,L48183,L,296.2,307.1,1444,46.7,194,0,0,0,0,0,0,10.900000000000034,0,High,Medium,High,No
1004,1004,1005,H30418,H,296.3,307.2,1424,42.0,196,0,0,0,0,0,0,10.899999999999977,0,Medium,Medium,High,No
1005,1005,1006,L48185,L,296.2,307.2,1382,52.0,201,0,0,0,0,0,0,11.0,0,High,Medium,High,No
1006,1006,1007,L48186,L,296.2,307.1,1413,53.4,203,0,0,0,0,0,0,10.900000000000034,0,High,Medium,High,No
1007,1007,1008,M15867,M,296.2,307.2,1633,31.1,0,0,0,0,0,0,0,11.0,0,Medium,Medium,Low,No
1008,1008,1009,L48188,L,296.2,307.1,1441,41.7,3,0,0,0,0,0,0,10.900000000000034,0,Medium,Medium,Low,No
1009,1009,1010,M15869,M,296.2,307.2,1385,44.0,5,0,0,0,0,0,0,11.0,0,Medium,Medium,Low,No
1010,1010,1011,M15870,M,296.2,307.2,1552,34.8,8,0,0,0,0,0,0,11.0,0,Medium,Medium,Low,No
1011,1011,1012,M15871,M,296.2,307.3,1451,42.8,11,0,0,0,0,0,0,11.100000000000023,0,Medium,Medium,Low,No
1012,1012,1013,M15872,M,296.1,307.1,1433,38.5,14,0,0,0,0,0,0,11.0,0,Medium,Medium,Low,No
1013,1013,1014,M15873,M,296.1,307.2,1619,29.7,17,0,0,0,0,0,0,11.099999999999966,0,Medium,Medium,Low,No
1014,1014,1015,L48194,L,296.2,307.2,1445,41.8,20,0,0,0,0,0,0,11.0,0,Medium,Medium,Low,No
1015,1015,1016,L48195,L,296.2,307.2,1356,43.6,22,0,0,0,0,0,0,11.0,0,Medium,Medium,Low,No
1016,1016,1017,M15876,M,296.3,307.2,1319,68.3,24,1,0,0,1,0,0,10.899999999999977,1,High,Medium,Low,No
1017,1017,1018,L48197,L,296.3,307.2,1637,31.6,27,0,0,0,0,0,0,10.899999999999977,0,Medium,Medium,Low,No
1018,1018,1019,L48198,L,296.3,307.2,1291,58.6,29,0,0,0,0,0,0,10.899999999999977,0,High,Medium,Low,No
1019,1019,1020,L48199,L,296.3,307.3,1398,52.7,31,0,0,0,0,0,0,11.0,0,High,Medium,Low,No
1020,1020,1021,L48200,L,296.3,307.3,1372,57.7,33,0,0,0,0,0,0,11.0,0,High,Medium,Low,No
1021,1021,1022,M15881,M,296.3,307.2,1454,42.5,35,0,0,0,0,0,0,10.899999999999977,0,Medium,Medium,Low,No
1022,1022,1023,L48202,L,296.2,307.2,1515,36.5,38,0,0,0,0,0,0,11.0,0,Medium,Medium,Low,No
1023,1023,1024,L48203,L,296.2,307.3,1881,24.3,40,0,0,0,0,0,0,11.100000000000023,0,Low,High,Low,No
1024,1024,1025,L48204,L,296.2,307.3,1711,29.9,42,0,0,0,0,0,0,11.100000000000023,0,Medium,High,Low,No
1025,1025,1026,L48205,L,296.2,307.3,1475,37.0,44,0,0,0,0,0,0,11.100000000000023,0,Medium,Medium,Low,No
1026,1026,1027,L48206,L,296.4,307.4,1512,36.8,46,0,0,0,0,0,0,11.0,0,Medium,Medium,Low,No
1027,1027,1028,M15887,M,296.3,307.4,1335,50.5,48,0,0,0,0,0,0,11.099999999999966,0,High,Medium,Low,No
1028,1028,1029,L48208,L,296.3,307.4,1472,39.9,51,0,0,0,0,0,0,11.099999999999966,0,Medium,Medium,Low,No
1029,1029,1030,M15889,M,296.2,307.3,1477,35.2,53,0,0,0,0,0,0,11.100000000000023,0,Medium,Medium,Low,No
1030,1030,1031,L48210,L,296.3,307.4,1760,28.4,56,0,0,0,0,0,0,11.099999999999966,0,Medium,High,Low,No
1031,1031,1032,L48211,L,296.4,307.5,1549,36.1,58,0,0,0,0,0,0,11.100000000000023,0,Medium,Medium,Low,No
1032,1032,1033,L48212,L,296.3,307.4,1648,34.0,60,0,0,0,0,0,0,11.099999999999966,0,Medium,Medium,Low,No
1033,1033,1034,H30447,H,296.4,307.5,1556,38.0,62,0,0,0,0,0,0,11.100000000000023,0,Medium,Medium,Low,No
1034,1034,1035,M15894,M,296.3,307.4,1958,19.1,67,0,0,0,0,0,0,11.099999999999966,0,Low,High,Low,No
1035,1035,1036,L48215,L,296.4,307.4,1403,48.4,70,0,0,0,0,0,0,11.0,0,High,Medium,Low,No
1036,1036,1037,M15896,M,296.4,307.5,1684,31.4,72,0,0,0,0,0,0,11.100000000000023,0,Medium,High,Low,No
1037,1037,1038,H30451,H,296.4,307.5,1596,35.1,75,0,0,0,0,0,0,11.100000000000023,0,Medium,Medium,Low,No
1038,1038,1039,L48218,L,296.6,307.6,1498,41.1,80,0,0,0,0,0,0,11.0,0,Medium,Medium,Low,No
1039,1039,1040,L48219,L,296.7,307.7,1524,36.8,82,0,0,0,0,0,0,11.0,0,Medium,Medium,Medium,No
1040,1040,1041,L48220,L,296.7,307.7,1502,43.9,84,0,0,0,0,0,0,11.0,0,Medium,Medium,Medium,No
1041,1041,1042,L48221,L,296.6,307.6,1809,25.1,86,0,0,0,0,0,0,11.0,0,High,High,Medium,No
1042,1042,1043,L48222,L,296.6,307.6,1542,37.4,88,0,0,0,0,0,0,11.0,0,Medium,Medium,Medium,No
1043,1043,1044,L48223,L,296.5,307.6,1431,45.2,90,0,0,0,0,0,0,11.100000000000023,0,High,Medium,Medium,No
1044,1044,1045,L48224,L,296.5,307.6,1512,43.6,92,0,0,0,0,0,0,11.100000000000023,0,Medium,Medium,Medium,No
1045,1045,1046,H30459,H,296.4,307.5,1403,52.8,94,0,0,0,0,0,0,11.100000000000023,0,High,Medium,Medium,No
1046,1046,1047,L48226,L,296.4,307.5,1331,47.8,99,0,0,0,0,0,0,11.100000000000023,0,High,Medium,Medium,No
1047,1047,1048,M15907,M,296.6,307.7,1474,52.6,101,0,0,0,0,0,0,11.099999999999966,0,High,Medium,Medium,No
1048,1048,1049,L48228,L,296.5,307.6,1607,33.5,104,0,0,0,0,0,0,11.100000000000023,0,Medium,Medium,Medium,No
1049,1049,1050,L48229,L,296.5,307.6,1415,44.2,106,0,0,0,0,0,0,11.100000000000023,0,Medium,Medium,Medium,No
1050,1050,1051,L48230,L,296.6,307.6,1671,28.8,108,0,0,0,0,0,0,11.0,0,Medium,High,Medium,No
1051,1051,1052,L48231,L,296.6,307.7,1556,37.7,110,0,0,0,0,0,0,11.099999999999966,0,Medium,Medium,Medium,No
1052,1052,1053,L48232,L,296.7,307.7,1927,23.9,112,0,0,0,0,0,0,11.0,0,Low,High,Medium,No
1053,1053,1054,M15913,M,296.7,307.7,1597,32.1,114,0,0,0,0,0,0,11.0,0,Medium,Medium,Medium,No
1054,1054,1055,H30468,H,296.8,307.8,1627,30.5,117,0,0,0,0,0,0,11.0,0,Medium,Medium,Medium,No
1055,1055,1056,L48235,L,296.8,307.8,1480,39.4,122,0,0,0,0,0,0,11.0,0,Medium,Medium,Medium,No
1056,1056,1057,L48236,L,296.8,307.8,1565,39.5,124,0,0,0,0,0,0,11.0,0,Medium,Medium,Medium,No
1057,1057,1058,L48237,L,296.8,307.8,1573,36.4,126,0,0,0,0,0,0,11.0,0,Medium,Medium,Medium,No
1058,1058,1059,L48238,L,296.7,307.8,1605,31.3,128,0,0,0,0,0,0,11.100000000000023,0,Medium,Medium,Medium,No
1059,1059,1060,M15919,M,296.7,307.9,1874,21.3,130,0,0,0,0,0,0,11.199999999999989,0,Low,High,Medium,No
1060,1060,1061,H30474,H,296.7,307.9,1424,53.8,133,0,0,0,0,0,0,11.199999999999989,0,High,Medium,High,No
1061,1061,1062,L48241,L,296.7,307.9,1420,50.1,138,0,0,0,0,0,0,11.199999999999989,0,High,Medium,High,No
1062,1062,1063,L48242,L,296.8,307.9,1372,49.0,140,0,0,0,0,0,0,11.099999999999966,0,High,Medium,High,No
1063,1063,1064,M15923,M,296.8,307.8,1664,32.8,142,0,0,0,0,0,0,11.0,0,Medium,High,High,No
1064,1064,1065,M15924,M,296.8,307.9,1409,44.3,145,0,0,0,0,0,0,11.099999999999966,0,Medium,Medium,High,No
1065,1065,1066,L48245,L,296.8,307.9,1718,25.2,148,0,0,0,0,0,0,11.099999999999966,0,High,High,High,No
1066,1066,1067,M15926,M,296.9,307.8,1544,40.3,150,0,0,0,0,0,0,10.900000000000034,0,Medium,Medium,High,No
1067,1067,1068,L48247,L,296.9,307.8,1466,45.7,153,0,0,0,0,0,0,10.900000000000034,0,High,Medium,High,No
1068,1068,1069,L48248,L,296.8,307.8,1394,47.7,155,0,0,0,0,0,0,11.0,0,High,Medium,High,No
1069,1069,1070,M15929,M,296.9,307.8,1840,24.6,157,0,0,0,0,0,0,10.900000000000034,0,Low,High,High,No
1070,1070,1071,M15930,M,296.9,307.8,1477,37.2,160,0,0,0,0,0,0,10.900000000000034,0,Medium,Medium,High,No
1071,1071,1072,L48251,L,296.9,307.8,1425,49.1,163,0,0,0,0,0,0,10.900000000000034,0,High,Medium,High,No
1072,1072,1073,M15932,M,297.0,307.9,1414,46.2,165,0,0,0,0,0,0,10.899999999999977,0,High,Medium,High,No
1073,1073,1074,L48253,L,297.0,307.8,1414,47.5,168,0,0,0,0,0,0,10.800000000000011,0,High,Medium,High,No
1074,1074,1075,L48254,L,297.0,307.9,1595,31.7,170,0,0,0,0,0,0,10.899999999999977,0,Medium,Medium,High,No
1075,1075,1076,H30489,H,296.9,307.8,1345,54.5,172,0,0,0,0,0,0,10.900000000000034,0,High,Medium,High,No
1076,1076,1077,L48256,L,296.9,307.7,1653,35.9,177,0,0,0,0,0,0,10.800000000000011,0,Medium,High,High,No
1077,1077,1078,L48257,L,296.8,307.6,1547,36.5,179,0,0,0,0,0,0,10.800000000000011,0,Medium,Medium,High,No
1078,1078,1079,H30492,H,296.9,307.7,1656,30.8,181,0,0,0,0,0,0,10.800000000000011,0,Medium,High,High,No
1079,1079,1080,L48259,L,297.0,307.7,1731,28.5,186,0,0,0,0,0,0,10.699999999999989,0,Medium,High,High,No
1080,1080,1081,L48260,L,297.0,307.8,1774,28.0,188,0,0,0,0,0,0,10.800000000000011,0,Medium,High,High,No
1081,1081,1082,L48261,L,297.0,307.8,1521,40.2,190,0,0,0,0,0,0,10.800000000000011,0,Medium,Medium,High,No
1082,1082,1083,H30496,H,297.1,307.9,1420,39.8,192,0,0,0,0,0,0,10.799999999999955,0,Medium,Medium,High,No
1083,1083,1084,L48263,L,297.0,307.8,1683,32.3,197,0,0,0,0,0,0,10.800000000000011,0,Medium,High,High,No
1084,1084,1085,M15944,M,297.0,307.7,1498,47.1,199,0,0,0,0,0,0,10.699999999999989,0,High,Medium,High,No
1085,1085,1086,L48265,L,297.0,307.8,1385,56.4,202,1,0,0,0,1,0,10.800000000000011,1,High,Medium,High,No
1086,1086,1087,L48266,L,297.0,307.9,1455,49.0,204,0,0,0,0,0,0,10.899999999999977,0,High,Medium,High,No
1087,1087,1088,H30501,H,296.9,307.8,1549,35.8,206,1,1,0,0,0,0,10.900000000000034,1,Medium,Medium,High,No
1088,1088,1089,M15948,M,296.9,307.8,1392,43.9,0,0,0,0,0,0,0,10.900000000000034,0,Medium,Medium,Low,No
1089,1089,1090,M15949,M,296.9,307.7,2008,17.5,3,0,0,0,0,0,0,10.800000000000011,0,Low,High,Low,No
1090,1090,1091,L48270,L,296.9,307.7,1464,41.4,6,0,0,0,0,0,0,10.800000000000011,0,Medium,Medium,Low,No
1091,1091,1092,L48271,L,297.0,307.7,1447,46.4,8,0,0,0,0,0,0,10.699999999999989,0,High,Medium,Low,No
1092,1092,1093,M15952,M,296.9,307.6,1685,32.0,10,0,0,0,0,0,0,10.700000000000045,0,Medium,High,Low,No
1093,1093,1094,M15953,M,296.8,307.5,1443,39.2,13,0,0,0,0,0,0,10.699999999999989,0,Medium,Medium,Low,No
1094,1094,1095,L48274,L,296.9,307.5,1354,44.4,16,0,0,0,0,0,0,10.600000000000023,0,Medium,Medium,Low,No
1095,1095,1096,L48275,L,296.9,307.5,2721,9.3,18,1,0,0,1,0,0,10.600000000000023,1,Low,High,Low,No
1096,1096,1097,L48276,L,297.0,307.6,1680,35.8,20,0,0,0,0,0,0,10.600000000000023,0,Medium,High,Low,No
1097,1097,1098,H30511,H,296.9,307.5,1397,48.3,22,0,0,0,0,0,0,10.600000000000023,0,High,Medium,Low,No
1098,1098,1099,M15958,M,296.9,307.4,1521,37.9,27,0,0,0,0,0,0,10.5,0,Medium,Medium,Low,No
1099,1099,1100,M15959,M,296.8,307.4,1472,43.9,30,0,0,0,0,0,0,10.599999999999966,0,Medium,Medium,Low,No
1100,1100,1101,H30514,H,296.8,307.5,1695,30.0,33,0,0,0,0,0,0,10.699999999999989,0,Medium,High,Low,No
1101,1101,1102,H30515,H,296.7,307.5,1607,33.6,38,0,0,0,0,0,0,10.800000000000011,0,Medium,Medium,Low,No
1102,1102,1103,L48282,L,296.8,307.5,1347,54.8,43,0,0,0,0,0,0,10.699999999999989,0,High,Medium,Low,No
1103,1103,1104,M15963,M,296.7,307.4,1540,38.7,45,0,0,0,0,0,0,10.699999999999989,0,Medium,Medium,Low,No
1104,1104,1105,L48284,L,296.6,307.4,1389,42.7,48,0,0,0,0,0,0,10.799999999999955,0,Medium,Medium,Low,No
1105,1105,1106,M15965,M,296.6,307.5,1734,27.0,50,0,0,0,0,0,0,10.899999999999977,0,Medium,High,Low,No
1106,1106,1107,L48286,L,296.7,307.6,1540,38.6,53,0,0,0,0,0,0,10.900000000000034,0,Medium,Medium,Low,No
1107,1107,1108,M15967,M,296.7,307.5,1515,42.1,55,0,0,0,0,0,0,10.800000000000011,0,Medium,Medium,Low,No
1108,1108,1109,L48288,L,296.6,307.4,1504,45.8,58,0,0,0,0,0,0,10.799999999999955,0,High,Medium,Low,No
1109,1109,1110,L48289,L,296.6,307.5,1557,35.1,60,0,0,0,0,0,0,10.899999999999977,0,Medium,Medium,Low,No
1110,1110,1111,L48290,L,296.5,307.4,1292,52.5,62,0,0,0,0,0,0,10.899999999999977,0,High,Medium,Low,No
1111,1111,1112,H30525,H,296.5,307.4,1432,49.2,64,0,0,0,0,0,0,10.899999999999977,0,High,Medium,Low,No
1112,1112,1113,M15972,M,296.5,307.4,1350,55.6,69,0,0,0,0,0,0,10.899999999999977,0,High,Medium,Low,No
1113,1113,1114,M15973,M,296.6,307.4,1790,25.8,72,0,0,0,0,0,0,10.799999999999955,0,High,High,Low,No
1114,1114,1115,H30528,H,296.4,307.3,1540,37.4,75,0,0,0,0,0,0,10.900000000000034,0,Medium,Medium,Low,No
1115,1115,1116,M15975,M,296.4,307.3,2077,19.1,80,0,0,0,0,0,0,10.900000000000034,0,Low,High,Low,No
1116,1116,1117,L48296,L,296.4,307.3,1487,37.5,83,0,0,0,0,0,0,10.900000000000034,0,Medium,Medium,Medium,No
1117,1117,1118,L48297,L,296.5,307.4,1523,40.7,85,0,0,0,0,0,0,10.899999999999977,0,Medium,Medium,Medium,No
1118,1118,1119,L48298,L,296.5,307.5,1443,41.8,87,0,0,0,0,0,0,11.0,0,Medium,Medium,Medium,No
1119,1119,1120,L48299,L,296.5,307.5,1340,59.1,89,0,0,0,0,0,0,11.0,0,High,Medium,Medium,No
1120,1120,1121,H30534,H,296.6,307.7,1654,31.0,91,0,0,0,0,0,0,11.099999999999966,0,Medium,High,Medium,No
1121,1121,1122,L48301,L,296.6,307.6,1459,40.2,96,0,0,0,0,0,0,11.0,0,Medium,Medium,Medium,No
1122,1122,1123,L48302,L,296.5,307.6,1541,38.5,98,0,0,0,0,0,0,11.100000000000023,0,Medium,Medium,Medium,No
1123,1123,1124,H30537,H,296.6,307.7,1386,62.3,100,1,0,0,1,0,0,11.099999999999966,1,High,Medium,Medium,No
1124,1124,1125,M15984,M,296.7,307.8,1258,69.0,105,1,0,0,1,0,0,11.100000000000023,1,High,Medium,Medium,No
1125,1125,1126,M15985,M,296.7,307.8,1375,51.4,108,0,0,0,0,0,0,11.100000000000023,0,High,Medium,Medium,No
1126,1126,1127,L48306,L,296.8,307.9,1706,30.8,111,0,0,0,0,0,0,11.099999999999966,0,Medium,High,Medium,No
1127,1127,1128,M15987,M,296.7,307.8,1672,32.4,113,0,0,0,0,0,0,11.100000000000023,0,Medium,High,Medium,No
1128,1128,1129,M15988,M,296.8,307.9,1843,25.2,116,0,0,0,0,0,0,11.099999999999966,0,High,High,Medium,No
1129,1129,1130,L48309,L,296.7,307.9,1690,29.6,119,0,0,0,0,0,0,11.199999999999989,0,Medium,High,Medium,No
1130,1130,1131,L48310,L,296.8,307.9,1413,46.5,121,0,0,0,0,0,0,11.099999999999966,0,High,Medium,Medium,No
1131,1131,1132,L48311,L,296.8,307.9,1489,33.4,123,0,0,0,0,0,0,11.099999999999966,0,Medium,Medium,Medium,No
1132,1132,1133,L48312,L,296.8,307.9,1271,61.4,125,0,0,0,0,0,0,11.099999999999966,0,High,Medium,Medium,No
1133,1133,1134,M15993,M,296.8,307.9,1418,47.9,127,0,0,0,0,0,0,11.099999999999966,0,High,Medium,Medium,No
1134,1134,1135,M15994,M,296.9,307.8,1426,50.7,130,0,0,0,0,0,0,10.900000000000034,0,High,Medium,Medium,No
1135,1135,1136,L48315,L,296.9,307.9,1535,39.2,133,0,0,0,0,0,0,11.0,0,Medium,Medium,High,No
1136,1136,1137,L48316,L,296.9,307.8,1557,38.1,135,0,0,0,0,0,0,10.900000000000034,0,Medium,Medium,High,No
1137,1137,1138,L48317,L,296.9,307.8,1653,29.7,137,0,0,0,0,0,0,10.900000000000034,0,Medium,High,High,No
1138,1138,1139,L48318,L,296.9,307.9,1435,41.6,139,0,0,0,0,0,0,11.0,0,Medium,Medium,High,No
1139,1139,1140,M15999,M,297.0,307.9,1569,33.3,141,0,0,0,0,0,0,10.899999999999977,0,Medium,Medium,High,No
1140,1140,1141,M16000,M,296.9,307.9,1385,44.8,144,0,0,0,0,0,0,11.0,0,Medium,Medium,High,No
1141,1141,1142,L48321,L,297.0,307.9,1635,31.6,147,0,0,0,0,0,0,10.899999999999977,0,Medium,Medium,High,No
1142,1142,1143,L48322,L,296.9,307.9,1423,43.9,149,0,0,0,0,0,0,11.0,0,Medium,Medium,High,No
1143,1143,1144,L48323,L,297.0,307.9,1479,39.2,151,0,0,0,0,0,0,10.899999999999977,0,Medium,Medium,High,No
1144,1144,1145,L48324,L,297.0,307.9,1296,69.1,153,1,0,0,1,0,0,10.899999999999977,1,High,Medium,High,No
1145,1145,1146,L48325,L,297.0,307.8,1553,33.3,155,0,0,0,0,0,0,10.800000000000011,0,Medium,Medium,High,No
1146,1146,1147,L48326,L,297.0,307.9,1529,42.2,157,0,0,0,0,0,0,10.899999999999977,0,Medium,Medium,High,No
1147,1147,1148,M16007,M,297.1,308.0,1690,25.6,159,0,0,0,0,0,0,10.899999999999977,0,High,High,High,No
1148,1148,1149,L48328,L,297.1,308.0,1348,58.0,162,0,0,0,0,0,0,10.899999999999977,0,High,Medium,High,No
1149,1149,1150,L48329,L,297.2,308.1,1446,38.5,164,0,0,0,0,0,0,10.900000000000034,0,Medium,Medium,High,No
1150,1150,1151,L48330,L,297.1,307.9,1456,50.0,166,0,0,0,0,0,0,10.799999999999955,0,High,Medium,High,No
1151,1151,1152,L48331,L,297.0,307.9,1350,47.7,168,0,0,0,0,0,0,10.899999999999977,0,High,Medium,High,No
1152,1152,1153,L48332,L,297.1,307.9,1507,38.3,170,0,0,0,0,0,0,10.799999999999955,0,Medium,Medium,High,No
1153,1153,1154,H30567,H,297.0,307.9,1448,45.6,172,0,0,0,0,0,0,10.899999999999977,0,High,Medium,High,No
1154,1154,1155,L48334,L,296.9,307.9,1626,29.9,177,0,0,0,0,0,0,11.0,0,Medium,Medium,High,No
1155,1155,1156,H30569,H,297.0,307.9,1846,27.3,179,0,0,0,0,0,0,10.899999999999977,0,Medium,High,High,No
1156,1156,1157,H30570,H,297.0,307.8,1404,40.7,184,0,0,0,0,0,0,10.800000000000011,0,Medium,Medium,High,No
1157,1157,1158,L48337,L,297.0,307.8,1583,37.2,189,0,0,0,0,0,0,10.800000000000011,0,Medium,Medium,High,No
1158,1158,1159,L48338,L,297.0,307.9,1436,47.7,191,0,0,0,0,0,0,10.899999999999977,0,High,Medium,High,No
1159,1159,1160,L48339,L,297.0,307.8,1609,35.6,193,0,0,0,0,0,0,10.800000000000011,0,Medium,Medium,High,No
1160,1160,1161,H30574,H,297.0,307.7,1834,23.8,195,0,0,0,0,0,0,10.699999999999989,0,Low,High,High,No
1161,1161,1162,L48341,L,297.0,307.8,1316,61.2,200,1,0,0,0,1,0,10.800000000000011,1,High,Medium,High,No
1162,1162,1163,L48342,L,296.9,307.8,1400,57.1,202,1,0,0,0,1,0,10.900000000000034,1,High,Medium,High,No
1163,1163,1164,L48343,L,296.9,307.9,1367,47.1,204,0,0,0,0,0,0,11.0,0,High,Medium,High,No
1164,1164,1165,L48344,L,297.1,308.1,1754,30.3,206,0,0,0,0,0,0,11.0,0,Medium,High,High,No
1165,1165,1166,L48345,L,297.1,308.1,1487,34.6,208,0,0,0,0,0,0,11.0,0,Medium,Medium,High,No
1166,1166,1167,M16026,M,297.1,308.1,1506,37.7,210,0,0,0,0,0,0,11.0,0,Medium,Medium,High,No
1167,1167,1168,L48347,L,297.0,308.1,1362,52.5,213,1,0,0,0,1,0,11.100000000000023,1,High,Medium,High,No
1168,1168,1169,L48348,L,297.1,308.1,1584,36.8,215,0,0,0,0,0,0,11.0,0,Medium,Medium,High,No
1169,1169,1170,L48349,L,297.0,308.1,1355,43.7,217,0,0,0,0,0,0,11.100000000000023,0,Medium,Medium,High,No
1170,1170,1171,M16030,M,297.1,308.1,1823,24.3,219,0,0,0,0,0,0,11.0,0,Low,High,High,No
1171,1171,1172,H30585,H,297.0,308.1,1517,41.4,222,0,0,0,0,0,0,11.100000000000023,0,Medium,Medium,High,No
1172,1172,1173,L48352,L,297.1,308.1,1446,36.6,227,0,0,0,0,0,0,11.0,0,Medium,Medium,High,No
1173,1173,1174,H30587,H,297.1,308.0,1559,38.8,229,0,0,0,0,0,0,10.899999999999977,0,Medium,Medium,High,No
1174,1174,1175,M16034,M,297.1,308.1,1352,44.4,0,0,0,0,0,0,0,11.0,0,Medium,Medium,Low,No
1175,1175,1176,M16035,M,297.2,308.3,1578,37.8,3,0,0,0,0,0,0,11.100000000000023,0,Medium,Medium,Low,No
1176,1176,1177,M16036,M,297.2,308.3,1429,42.0,6,0,0,0,0,0,0,11.100000000000023,0,Medium,Medium,Low,No
1177,1177,1178,M16037,M,297.2,308.3,1604,39.4,9,0,0,0,0,0,0,11.100000000000023,0,Medium,Medium,Low,No
1178,1178,1179,L48358,L,297.3,308.5,1398,60.4,12,0,0,0,0,0,0,11.199999999999989,0,High,Medium,Low,No
1179,1179,1180,L48359,L,297.3,308.4,1441,43.4,14,0,0,0,0,0,0,11.099999999999966,0,Medium,Medium,Low,No
1180,1180,1181,H30594,H,297.3,308.4,1531,35.6,16,0,0,0,0,0,0,11.099999999999966,0,Medium,Medium,Low,No
1181,1181,1182,L48361,L,297.2,308.3,1379,52.1,21,0,0,0,0,0,0,11.100000000000023,0,High,Medium,Low,No
1182,1182,1183,L48362,L,297.3,308.3,1410,48.1,23,0,0,0,0,0,0,11.0,0,High,Medium,Low,No
1183,1183,1184,L48363,L,297.3,308.4,1513,40.5,25,0,0,0,0,0,0,11.099999999999966,0,Medium,Medium,Low,No
1184,1184,1185,L48364,L,297.3,308.5,1497,47.5,27,0,0,0,0,0,0,11.199999999999989,0,High,Medium,Low,No
1185,1185,1186,L48365,L,297.3,308.4,1491,46.5,29,0,0,0,0,0,0,11.099999999999966,0,High,Medium,Low,No
1186,1186,1187,L48366,L,297.3,308.4,1417,47.8,31,0,0,0,0,0,0,11.099999999999966,0,High,Medium,Low,No
1187,1187,1188,M16047,M,297.4,308.6,1522,38.0,33,0,0,0,0,0,0,11.200000000000045,0,Medium,Medium,Low,No
1188,1188,1189,L48368,L,297.3,308.4,1339,52.1,36,0,0,0,0,0,0,11.099999999999966,0,High,Medium,Low,No
1189,1189,1190,M16049,M,297.2,308.3,1794,27.5,38,0,0,0,0,0,0,11.100000000000023,0,Medium,High,Low,No
1190,1190,1191,L48370,L,297.2,308.4,1460,42.1,41,0,0,0,0,0,0,11.199999999999989,0,Medium,Medium,Low,No
1191,1191,1192,M16051,M,297.2,308.3,1776,28.0,43,0,0,0,0,0,0,11.100000000000023,0,Medium,High,Low,No
1192,1192,1193,M16052,M,297.2,308.3,1431,43.7,46,0,0,0,0,0,0,11.100000000000023,0,Medium,Medium,Low,No
1193,1193,1194,L48373,L,297.1,308.2,1347,50.8,49,0,0,0,0,0,0,11.099999999999966,0,High,Medium,Low,No
1194,1194,1195,M16054,M,297.0,308.1,1507,43.1,51,0,0,0,0,0,0,11.100000000000023,0,Medium,Medium,Low,No
1195,1195,1196,M16055,M,297.0,308.0,1408,47.9,54,0,0,0,0,0,0,11.0,0,High,Medium,Low,No
1196,1196,1197,M16056,M,297.0,307.9,1493,34.7,57,0,0,0,0,0,0,10.899999999999977,0,Medium,Medium,Low,No
1197,1197,1198,M16057,M,296.9,307.9,1441,47.6,60,0,0,0,0,0,0,11.0,0,High,Medium,Low,No
1198,1198,1199,H30612,H,296.9,307.9,1557,36.5,63,0,0,0,0,0,0,11.0,0,Medium,Medium,Low,No
1199,1199,1200,M16059,M,296.9,307.9,1979,20.4,68,0,0,0,0,0,0,11.0,0,Low,High,Low,No
1200,1200,1201,M16060,M,296.9,308.0,1430,55.9,71,0,0,0,0,0,0,11.100000000000023,0,High,Medium,Low,No
1201,1201,1202,L48381,L,296.9,308.0,1658,41.0,74,0,0,0,0,0,0,11.100000000000023,0,Medium,High,Low,No
1202,1202,1203,M16062,M,297.0,308.1,1355,51.4,76,0,0,0,0,0,0,11.100000000000023,0,High,Medium,Low,No
1203,1203,1204,H30617,H,297.0,308.1,1410,47.6,79,0,0,0,0,0,0,11.100000000000023,0,High,Medium,Low,No
1204,1204,1205,L48384,L,296.9,308.0,1521,34.5,84,0,0,0,0,0,0,11.100000000000023,0,Medium,Medium,Medium,No
1205,1205,1206,L48385,L,296.8,308.0,1371,54.5,86,0,0,0,0,0,0,11.199999999999989,0,High,Medium,Medium,No
1206,1206,1207,H30620,H,296.9,308.0,1318,53.5,88,0,0,0,0,0,0,11.100000000000023,0,High,Medium,Medium,No
1207,1207,1208,M16067,M,297.0,308.1,1573,34.9,93,0,0,0,0,0,0,11.100000000000023,0,Medium,Medium,Medium,No
1208,1208,1209,L48388,L,297.0,308.1,1489,44.1,96,0,0,0,0,0,0,11.100000000000023,0,Medium,Medium,Medium,No
1209,1209,1210,H30623,H,297.0,308.1,2540,13.3,98,0,0,0,0,0,0,11.100000000000023,0,Low,High,Medium,No
1210,1210,1211,L48390,L,297.0,308.1,1537,39.0,103,0,0,0,0,0,0,11.100000000000023,0,Medium,Medium,Medium,No
1211,1211,1212,H30625,H,296.9,308.0,1416,46.9,105,0,0,0,0,0,0,11.100000000000023,0,High,Medium,Medium,No
1212,1212,1213,L48392,L,296.9,307.9,1359,56.5,110,0,0,0,0,0,0,11.0,0,High,Medium,Medium,No
1213,1213,1214,M16073,M,296.8,307.8,1551,38.9,112,0,0,0,0,0,0,11.0,0,Medium,Medium,Medium,No
1214,1214,1215,M16074,M,296.8,307.8,1694,33.0,115,0,0,0,0,0,0,11.0,0,Medium,High,Medium,No
1215,1215,1216,L48395,L,296.8,307.9,1709,28.4,118,0,0,0,0,0,0,11.099999999999966,0,Medium,High,Medium,No
1216,1216,1217,L48396,L,296.9,308.0,1514,41.0,120,0,0,0,0,0,0,11.100000000000023,0,Medium,Medium,Medium,No
1217,1217,1218,L48397,L,297.0,308.1,1455,43.5,122,0,0,0,0,0,0,11.100000000000023,0,Medium,Medium,Medium,No
1218,1218,1219,M16078,M,297.0,308.2,1702,30.7,124,0,0,0,0,0,0,11.199999999999989,0,Medium,High,Medium,No
1219,1219,1220,M16079,M,296.9,308.1,1357,41.8,127,0,0,0,0,0,0,11.200000000000045,0,Medium,Medium,Medium,No
1220,1220,1221,L48400,L,297.0,308.2,1577,29.4,130,0,0,0,0,0,0,11.199999999999989,0,Medium,Medium,Medium,No
1221,1221,1222,M16081,M,297.0,308.3,1399,46.4,132,0,0,0,0,0,1,11.300000000000011,1,High,Medium,High,No
1222,1222,1223,L48402,L,297.0,308.3,1399,59.0,135,0,0,0,0,0,0,11.300000000000011,0,High,Medium,High,No
1223,1223,1224,L48403,L,297.0,308.3,1492,48.1,137,0,0,0,0,0,0,11.300000000000011,0,High,Medium,High,No
1224,1224,1225,L48404,L,297.1,308.3,1763,25.7,139,0,0,0,0,0,0,11.199999999999989,0,High,High,High,No
1225,1225,1226,H30639,H,297.1,308.3,1492,41.5,141,0,0,0,0,0,0,11.199999999999989,0,Medium,Medium,High,No
1226,1226,1227,L48406,L,297.1,308.4,1488,42.5,146,0,0,0,0,0,0,11.299999999999955,0,Medium,Medium,High,No
1227,1227,1228,L48407,L,297.1,308.4,1422,42.1,148,0,0,0,0,0,0,11.299999999999955,0,Medium,Medium,High,No
1228,1228,1229,M16088,M,297.1,308.4,1583,38.2,150,0,0,0,0,0,0,11.299999999999955,0,Medium,Medium,High,No
1229,1229,1230,L48409,L,297.1,308.4,1304,53.5,153,0,0,0,0,0,0,11.299999999999955,0,High,Medium,High,No
1230,1230,1231,M16090,M,297.1,308.4,1880,23.5,155,0,0,0,0,0,0,11.299999999999955,0,Low,High,High,No
1231,1231,1232,M16091,M,297.2,308.5,1604,40.7,158,0,0,0,0,0,0,11.300000000000011,0,Medium,Medium,High,No
1232,1232,1233,L48412,L,297.2,308.6,1500,37.1,161,0,0,0,0,0,0,11.400000000000034,0,Medium,Medium,High,No
1233,1233,1234,M16093,M,297.2,308.5,1364,55.6,163,0,0,0,0,0,0,11.300000000000011,0,High,Medium,High,No
1234,1234,1235,H30648,H,297.2,308.5,2440,14.0,166,0,0,0,0,0,0,11.300000000000011,0,Low,High,High,No
1235,1235,1236,H30649,H,297.1,308.4,1654,31.4,171,0,0,0,0,0,0,11.299999999999955,0,Medium,High,High,No
1236,1236,1237,H30650,H,297.1,308.4,1359,46.6,176,0,0,0,0,0,0,11.299999999999955,0,High,Medium,High,No
1237,1237,1238,M16097,M,297.1,308.4,1502,37.3,181,0,0,0,0,0,0,11.299999999999955,0,Medium,Medium,High,No
1238,1238,1239,M16098,M,297.1,308.4,1615,32.6,184,0,0,0,0,0,0,11.299999999999955,0,Medium,Medium,High,No
1239,1239,1240,H30653,H,297.2,308.5,1482,39.3,187,0,0,0,0,0,0,11.300000000000011,0,Medium,Medium,High,No
1240,1240,1241,L48420,L,297.2,308.6,1636,31.3,192,0,0,0,0,0,0,11.400000000000034,0,Medium,Medium,High,No
1241,1241,1242,M16101,M,297.1,308.5,1621,32.4,194,0,0,0,0,0,0,11.399999999999977,0,Medium,Medium,High,No
1242,1242,1243,L48422,L,297.1,308.4,1468,44.4,197,0,0,0,0,0,0,11.299999999999955,0,Medium,Medium,High,No
1243,1243,1244,M16103,M,297.1,308.4,1432,53.4,199,0,0,0,0,0,0,11.299999999999955,0,High,Medium,High,No
1244,1244,1245,L48424,L,297.1,308.4,1726,28.4,202,0,0,0,0,0,0,11.299999999999955,0,Medium,High,High,No
1245,1245,1246,M16105,M,297.1,308.4,1588,33.4,204,0,0,0,0,0,0,11.299999999999955,0,Medium,Medium,High,No
1246,1246,1247,H30660,H,297.2,308.5,1653,33.3,207,0,0,0,0,0,0,11.300000000000011,0,Medium,High,High,No
1247,1247,1248,L48427,L,297.2,308.5,1513,42.9,212,0,0,0,0,0,0,11.300000000000011,0,Medium,Medium,High,No
1248,1248,1249,L48428,L,297.2,308.6,1489,40.2,214,0,0,0,0,0,0,11.400000000000034,0,Medium,Medium,High,No
1249,1249,1250,L48429,L,297.3,308.7,1467,36.8,216,0,0,0,0,0,0,11.399999999999977,0,Medium,Medium,High,No
1250,1250,1251,L48430,L,297.3,308.7,1549,36.1,218,0,0,0,0,0,0,11.399999999999977,0,Medium,Medium,High,No
1251,1251,1252,M16111,M,297.4,308.8,1359,48.7,220,0,0,0,0,0,0,11.400000000000034,0,High,Medium,High,No
1252,1252,1253,L48432,L,297.5,308.8,1533,41.5,223,0,0,0,0,0,0,11.300000000000011,0,Medium,Medium,High,No
1253,1253,1254,L48433,L,297.5,308.8,1309,57.3,0,0,0,0,0,0,0,11.300000000000011,0,High,Medium,Low,No
1254,1254,1255,H30668,H,297.5,308.8,1430,49.4,2,0,0,0,0,0,0,11.300000000000011,0,High,Medium,Low,No
1255,1255,1256,H30669,H,297.5,308.9,1419,50.7,7,0,0,0,0,0,0,11.399999999999977,0,High,Medium,Low,No
1256,1256,1257,M16116,M,297.5,308.9,1535,37.7,12,0,0,0,0,0,0,11.399999999999977,0,Medium,Medium,Low,No
1257,1257,1258,L48437,L,297.5,308.9,1466,43.0,15,0,0,0,0,0,0,11.399999999999977,0,Medium,Medium,Low,No
1258,1258,1259,L48438,L,297.5,308.9,1427,50.4,17,0,0,0,0,0,0,11.399999999999977,0,High,Medium,Low,No
1259,1259,1260,M16119,M,297.5,308.9,1280,48.5,19,0,0,0,0,0,0,11.399999999999977,0,High,Medium,Low,No
1260,1260,1261,L48440,L,297.6,309.0,1528,33.8,22,0,0,0,0,0,0,11.399999999999977,0,Medium,Medium,Low,No
1261,1261,1262,H30675,H,297.6,309.0,1885,25.2,24,0,0,0,0,0,0,11.399999999999977,0,High,High,Low,No
1262,1262,1263,H30676,H,297.8,309.2,1648,33.0,29,0,0,0,0,0,0,11.399999999999977,0,Medium,Medium,Low,No
1263,1263,1264,L48443,L,297.8,309.2,1400,56.9,34,0,0,0,0,0,0,11.399999999999977,0,High,Medium,Low,No
1264,1264,1265,M16124,M,297.8,309.3,2243,15.7,36,0,0,0,0,0,0,11.5,0,Low,High,Low,No
1265,1265,1266,L48445,L,297.9,309.4,1558,35.7,39,0,0,0,0,0,0,11.5,0,Medium,Medium,Low,No
1266,1266,1267,L48446,L,298.0,309.6,1633,34.8,41,0,0,0,0,0,0,11.600000000000023,0,Medium,Medium,Low,No
1267,1267,1268,M16127,M,298.1,309.6,1549,38.7,43,0,0,0,0,0,0,11.5,0,Medium,Medium,Low,No
1268,1268,1269,L48448,L,298.0,309.5,1496,45.8,46,0,0,0,0,0,0,11.5,0,High,Medium,Low,No
1269,1269,1270,L48449,L,298.1,309.5,1467,41.8,48,0,0,0,0,0,0,11.399999999999977,0,Medium,Medium,Low,No
1270,1270,1271,M16130,M,298.0,309.4,1276,65.9,50,0,0,0,0,0,0,11.399999999999977,0,High,Medium,Low,No
1271,1271,1272,H30685,H,298.0,309.4,1490,40.5,53,0,0,0,0,0,0,11.399999999999977,0,Medium,Medium,Low,No
1272,1272,1273,H30686,H,298.0,309.4,1562,38.1,58,0,0,0,0,0,0,11.399999999999977,0,Medium,Medium,Low,No
1273,1273,1274,L48453,L,298.1,309.4,1397,48.2,63,0,0,0,0,0,0,11.299999999999955,0,High,Medium,Low,No
1274,1274,1275,H30688,H,298.1,309.5,1530,40.2,65,0,0,0,0,0,0,11.399999999999977,0,Medium,Medium,Low,No
1275,1275,1276,M16135,M,298.1,309.4,1362,47.6,70,0,0,0,0,0,0,11.299999999999955,0,High,Medium,Low,No
1276,1276,1277,M16136,M,298.2,309.4,1693,34.4,73,0,0,0,0,0,0,11.199999999999989,0,Medium,High,Low,No
1277,1277,1278,M16137,M,298.2,309.4,1408,46.5,76,0,0,0,0,0,0,11.199999999999989,0,High,Medium,Low,No
1278,1278,1279,L48458,L,298.2,309.4,1398,52.9,79,0,0,0,0,0,0,11.199999999999989,0,High,Medium,Low,No
1279,1279,1280,M16139,M,298.3,309.6,1531,40.1,81,0,0,0,0,0,0,11.300000000000011,0,Medium,Medium,Medium,No
1280,1280,1281,H30694,H,298.3,309.5,1521,37.1,84,0,0,0,0,0,0,11.199999999999989,0,Medium,Medium,Medium,No
1281,1281,1282,H30695,H,298.3,309.5,1427,54.3,89,0,0,0,0,0,0,11.199999999999989,0,High,Medium,Medium,No
1282,1282,1283,L48462,L,298.3,309.4,1546,36.1,94,0,0,0,0,0,0,11.099999999999966,0,Medium,Medium,Medium,No
1283,1283,1284,L48463,L,298.3,309.4,1356,45.4,96,0,0,0,0,0,0,11.099999999999966,0,High,Medium,Medium,No
1284,1284,1285,L48464,L,298.4,309.5,2153,15.3,98,1,0,0,1,0,0,11.100000000000023,1,Low,High,Medium,No
1285,1285,1286,M16145,M,298.5,309.6,1492,41.7,100,0,0,0,0,0,0,11.100000000000023,0,Medium,Medium,Medium,No
1286,1286,1287,L48466,L,298.5,309.6,1582,40.3,103,0,0,0,0,0,0,11.100000000000023,0,Medium,Medium,Medium,No
1287,1287,1288,L48467,L,298.5,309.6,1419,41.5,105,0,0,0,0,0,0,11.100000000000023,0,Medium,Medium,Medium,No
1288,1288,1289,M16148,M,298.5,309.6,1441,48.2,107,0,0,0,0,0,0,11.100000000000023,0,High,Medium,Medium,No
1289,1289,1290,M16149,M,298.6,309.7,1635,32.2,110,0,0,0,0,0,0,11.099999999999966,0,Medium,Medium,Medium,No
1290,1290,1291,L48470,L,298.6,309.7,1429,45.8,113,0,0,0,0,0,0,11.099999999999966,0,High,Medium,Medium,No
1291,1291,1292,M16151,M,298.6,309.7,1675,28.4,115,0,0,0,0,0,0,11.099999999999966,0,Medium,High,Medium,No
1292,1292,1293,M16152,M,298.7,309.7,1868,23.8,118,0,0,0,0,0,0,11.0,0,Low,High,Medium,No
1293,1293,1294,H30707,H,298.7,309.8,1582,33.4,121,0,0,0,0,0,0,11.100000000000023,0,Medium,Medium,Medium,No
1294,1294,1295,L48474,L,298.8,309.9,1486,40.3,126,0,0,0,0,0,0,11.099999999999966,0,Medium,Medium,Medium,No
1295,1295,1296,L48475,L,298.7,309.8,1402,54.3,128,0,0,0,0,0,0,11.100000000000023,0,High,Medium,Medium,No
1296,1296,1297,L48476,L,298.7,309.9,1621,34.1,130,0,0,0,0,0,0,11.199999999999989,0,Medium,Medium,Medium,No
1297,1297,1298,L48477,L,298.8,309.9,1428,42.4,132,0,0,0,0,0,0,11.099999999999966,0,Medium,Medium,High,No
1298,1298,1299,M16158,M,298.7,309.8,1343,53.6,134,0,0,0,0,0,0,11.100000000000023,0,High,Medium,High,No
1299,1299,1300,M16159,M,298.7,309.9,1458,40.2,137,0,0,0,0,0,0,11.199999999999989,0,Medium,Medium,High,No
1300,1300,1301,L48480,L,298.7,309.8,1322,57.0,140,0,0,0,0,0,0,11.100000000000023,0,High,Medium,High,No
1301,1301,1302,L48481,L,298.7,309.9,1483,32.8,142,0,0,0,0,0,0,11.199999999999989,0,Medium,Medium,High,No
1302,1302,1303,L48482,L,298.6,309.8,1505,45.7,144,0,0,0,0,0,1,11.199999999999989,1,High,Medium,High,No
1303,1303,1304,L48483,L,298.7,309.9,1593,42.5,146,0,0,0,0,0,0,11.199999999999989,0,Medium,Medium,High,No
1304,1304,1305,L48484,L,298.8,310.0,2098,19.6,148,0,0,0,0,0,0,11.199999999999989,0,Low,High,High,No
1305,1305,1306,L48485,L,298.8,310.0,1672,30.4,150,0,0,0,0,0,0,11.199999999999989,0,Medium,High,High,No
1306,1306,1307,L48486,L,298.8,310.0,1487,41.4,152,0,0,0,0,0,0,11.199999999999989,0,Medium,Medium,High,No
1307,1307,1308,L48487,L,298.8,310.0,1423,42.1,154,0,0,0,0,0,0,11.199999999999989,0,Medium,Medium,High,No
1308,1308,1309,L48488,L,298.9,310.1,1750,25.0,156,0,0,0,0,0,0,11.200000000000045,0,Low,High,High,No
1309,1309,1310,L48489,L,298.9,310.2,1654,31.1,158,0,0,0,0,0,0,11.300000000000011,0,Medium,High,High,No
1310,1310,1311,L48490,L,298.9,310.2,1498,50.2,160,0,0,0,0,0,0,11.300000000000011,0,High,Medium,High,No
1311,1311,1312,L48491,L,298.9,310.1,1587,30.2,162,0,0,0,0,0,0,11.200000000000045,0,Medium,Medium,High,No
1312,1312,1313,L48492,L,298.9,310.1,1473,42.6,164,0,0,0,0,0,0,11.200000000000045,0,Medium,Medium,High,No
1313,1313,1314,L48493,L,298.9,310.2,1359,56.9,166,0,0,0,0,0,0,11.300000000000011,0,High,Medium,High,No
1314,1314,1315,M16174,M,299.0,310.3,1635,34.5,168,0,0,0,0,0,0,11.300000000000011,0,Medium,Medium,High,No
1315,1315,1316,L48495,L,299.0,310.3,1520,45.0,171,0,0,0,0,0,0,11.300000000000011,0,Medium,Medium,High,No
1316,1316,1317,L48496,L,299.0,310.3,1507,36.7,173,0,0,0,0,0,0,11.300000000000011,0,Medium,Medium,High,No
1317,1317,1318,L48497,L,299.0,310.3,1428,46.3,175,0,0,0,0,0,0,11.300000000000011,0,High,Medium,High,No
1318,1318,1319,M16178,M,299.0,310.3,1582,33.3,177,0,0,0,0,0,0,11.300000000000011,0,Medium,Medium,High,No
1319,1319,1320,L48499,L,299.0,310.3,1929,24.4,180,0,0,0,0,0,0,11.300000000000011,0,Low,High,High,No
1320,1320,1321,M16180,M,299.0,310.3,1540,38.1,182,0,0,0,0,0,0,11.300000000000011,0,Medium,Medium,High,No
1321,1321,1322,L48501,L,298.9,310.2,1362,53.0,185,0,0,0,0,0,0,11.300000000000011,0,High,Medium,High,No
1322,1322,1323,H30736,H,298.9,310.1,1452,49.9,187,0,0,0,0,0,0,11.200000000000045,0,High,Medium,High,No
1323,1323,1324,L48503,L,298.9,310.1,1361,51.7,192,0,0,0,0,0,0,11.200000000000045,0,High,Medium,High,No
1324,1324,1325,M16184,M,298.8,310.1,1243,74.5,194,1,0,0,1,1,0,11.300000000000011,2,High,Low,High,No
1325,1325,1326,H30739,H,298.8,310.1,1567,36.8,197,0,0,0,0,0,0,11.300000000000011,0,Medium,Medium,High,No
1326,1326,1327,L48506,L,298.9,310.2,1411,46.5,202,0,0,0,0,0,0,11.300000000000011,0,High,Medium,High,No
1327,1327,1328,L48507,L,298.8,310.2,1814,26.8,204,0,0,0,0,0,0,11.399999999999977,0,Medium,High,High,No
1328,1328,1329,M16188,M,298.8,310.1,1719,28.8,206,0,0,0,0,0,0,11.300000000000011,0,Medium,High,High,No
1329,1329,1330,H30743,H,298.8,310.2,1663,30.4,209,0,0,0,0,0,0,11.399999999999977,0,Medium,High,High,No
1330,1330,1331,L48510,L,298.9,310.2,1696,30.2,214,0,0,0,0,0,0,11.300000000000011,0,Medium,High,High,No
1331,1331,1332,H30745,H,298.9,310.2,1771,26.8,216,0,0,0,0,0,0,11.300000000000011,0,Medium,High,High,No
1332,1332,1333,L48512,L,299.0,310.3,1868,24.0,221,0,0,0,0,0,0,11.300000000000011,0,Low,High,High,No
1333,1333,1334,M16193,M,299.0,310.3,1558,35.4,223,0,0,0,0,0,0,11.300000000000011,0,Medium,Medium,High,No
1334,1334,1335,L48514,L,299.0,310.4,1365,49.1,226,1,0,0,0,1,0,11.399999999999977,1,High,Medium,High,No
1335,1335,1336,L48515,L,299.0,310.4,1371,53.8,228,1,0,0,0,1,0,11.399999999999977,1,High,Medium,High,No
1336,1336,1337,L48516,L,298.9,310.3,1583,32.6,230,0,0,0,0,0,0,11.400000000000034,0,Medium,Medium,High,No
1337,1337,1338,H30751,H,298.7,310.2,1613,36.0,0,0,0,0,0,0,0,11.5,0,Medium,Medium,Low,No
1338,1338,1339,L48518,L,298.6,310.1,1721,27.2,5,0,0,0,0,0,0,11.5,0,Medium,High,Low,No
1339,1339,1340,M16199,M,298.6,310.2,1668,31.5,7,0,0,0,0,0,0,11.599999999999966,0,Medium,High,Low,No
1340,1340,1341,L48520,L,298.6,310.2,1569,36.3,10,0,0,0,0,0,0,11.599999999999966,0,Medium,Medium,Low,No
1341,1341,1342,M16201,M,298.6,310.2,1328,50.5,12,0,0,0,0,0,0,11.599999999999966,0,High,Medium,Low,No
1342,1342,1343,M16202,M,298.6,310.1,1596,33.0,15,0,0,0,0,0,0,11.5,0,Medium,Medium,Low,No
1343,1343,1344,L48523,L,298.5,310.2,1676,32.7,18,0,0,0,0,0,0,11.699999999999989,0,Medium,High,Low,No
1344,1344,1345,L48524,L,298.5,310.1,1809,28.9,20,0,0,0,0,0,0,11.600000000000023,0,Medium,High,Low,No
1345,1345,1346,L48525,L,298.5,310.0,1804,26.1,22,0,0,0,0,0,0,11.5,0,Medium,High,Low,No
1346,1346,1347,L48526,L,298.6,310.1,1533,33.9,24,0,0,0,0,0,0,11.5,0,Medium,Medium,Low,No
1347,1347,1348,L48527,L,298.7,310.2,1717,27.3,26,0,0,0,0,0,0,11.5,0,Medium,High,Low,No
1348,1348,1349,L48528,L,298.7,310.2,1363,45.5,28,0,0,0,0,0,0,11.5,0,High,Medium,Low,No
1349,1349,1350,L48529,L,298.7,310.2,1402,45.9,30,0,0,0,0,0,0,11.5,0,High,Medium,Low,No
1350,1350,1351,L48530,L,298.7,310.2,1436,47.5,32,0,0,0,0,0,0,11.5,0,High,Medium,Low,No
1351,1351,1352,L48531,L,298.7,310.2,1525,43.7,34,0,0,0,0,0,0,11.5,0,Medium,Medium,Low,No
1352,1352,1353,M16212,M,298.7,310.2,1598,33.3,36,0,0,0,0,0,0,11.5,0,Medium,Medium,Low,No
1353,1353,1354,M16213,M,298.6,310.1,1444,48.1,39,0,0,0,0,0,0,11.5,0,High,Medium,Low,No
1354,1354,1355,L48534,L,298.6,310.0,1334,48.0,42,0,0,0,0,0,0,11.399999999999977,0,High,Medium,Low,No
1355,1355,1356,M16215,M,298.6,310.0,1681,35.5,44,0,0,0,0,0,0,11.399999999999977,0,Medium,High,Low,No
1356,1356,1357,L48536,L,298.6,309.9,1593,37.4,47,0,0,0,0,0,0,11.299999999999955,0,Medium,Medium,Low,No
1357,1357,1358,L48537,L,298.6,309.9,1461,45.7,49,0,0,0,0,0,0,11.299999999999955,0,High,Medium,Low,No
1358,1358,1359,M16218,M,298.7,310.1,1693,31.9,51,0,0,0,0,0,0,11.400000000000034,0,Medium,High,Low,No
1359,1359,1360,L48539,L,298.7,310.2,1404,50.3,54,0,0,0,0,0,0,11.5,0,High,Medium,Low,No
1360,1360,1361,H30774,H,298.8,310.2,1707,27.6,56,0,0,0,0,0,0,11.399999999999977,0,Medium,High,Low,No
1361,1361,1362,M16221,M,298.6,310.1,1458,41.9,61,0,0,0,0,0,0,11.5,0,Medium,Medium,Low,No
1362,1362,1363,L48542,L,298.6,310.0,1517,41.2,64,0,0,0,0,0,0,11.399999999999977,0,Medium,Medium,Low,No
1363,1363,1364,L48543,L,298.7,310.1,1433,54.6,66,0,0,0,0,0,0,11.400000000000034,0,High,Medium,Low,No
1364,1364,1365,L48544,L,298.7,310.2,1566,33.1,68,0,0,0,0,0,0,11.5,0,Medium,Medium,Low,No
1365,1365,1366,L48545,L,298.7,310.1,1676,33.5,70,0,0,0,0,0,0,11.400000000000034,0,Medium,High,Low,No
1366,1366,1367,M16226,M,298.7,310.1,1368,56.8,72,0,0,0,0,0,0,11.400000000000034,0,High,Medium,Low,No
1367,1367,1368,M16227,M,298.8,310.2,1581,37.5,75,0,0,0,0,0,0,11.399999999999977,0,Medium,Medium,Low,No
1368,1368,1369,H30782,H,298.8,310.3,1708,27.1,78,0,0,0,0,0,0,11.5,0,Medium,High,Low,No
1369,1369,1370,M16229,M,298.7,310.3,1481,41.5,83,0,0,0,0,0,0,11.600000000000023,0,Medium,Medium,Medium,No
1370,1370,1371,L48550,L,298.7,310.3,1451,40.0,86,0,0,0,0,0,0,11.600000000000023,0,Medium,Medium,Medium,No
1371,1371,1372,M16231,M,298.7,310.3,1495,38.7,88,0,0,0,0,0,0,11.600000000000023,0,Medium,Medium,Medium,No
1372,1372,1373,M16232,M,298.8,310.3,1573,41.8,91,0,0,0,0,0,0,11.5,0,Medium,Medium,Medium,No
1373,1373,1374,M16233,M,298.8,310.3,1366,59.0,94,0,0,0,0,0,0,11.5,0,High,Medium,Medium,No
1374,1374,1375,L48554,L,298.8,310.3,1553,36.8,97,0,0,0,0,0,0,11.5,0,Medium,Medium,Medium,No
1375,1375,1376,M16235,M,298.8,310.3,1528,37.1,99,0,0,0,0,0,0,11.5,0,Medium,Medium,Medium,No
1376,1376,1377,M16236,M,298.8,310.2,1527,31.2,102,0,0,0,0,0,0,11.399999999999977,0,Medium,Medium,Medium,No
1377,1377,1378,L48557,L,298.8,310.2,1461,46.7,105,0,0,0,0,0,0,11.399999999999977,0,High,Medium,Medium,No
1378,1378,1379,H30792,H,298.8,310.2,1455,44.9,107,0,0,0,0,0,0,11.399999999999977,0,Medium,Medium,Medium,No
1379,1379,1380,L48559,L,298.7,310.1,1620,34.8,112,0,0,0,0,0,0,11.400000000000034,0,Medium,Medium,Medium,No
1380,1380,1381,L48560,L,298.7,310.1,1786,27.7,114,0,0,0,0,0,0,11.400000000000034,0,Medium,High,Medium,No
1381,1381,1382,M16241,M,298.8,310.2,1583,35.7,116,0,0,0,0,0,0,11.399999999999977,0,Medium,Medium,Medium,No
1382,1382,1383,L48562,L,298.8,310.1,1653,30.3,119,0,0,0,0,0,0,11.300000000000011,0,Medium,High,Medium,No
1383,1383,1384,M16243,M,298.9,310.2,1331,49.0,121,0,0,0,0,0,0,11.300000000000011,0,High,Medium,Medium,No
1384,1384,1385,L48564,L,298.9,310.3,1484,43.8,124,0,0,0,0,0,0,11.400000000000034,0,Medium,Medium,Medium,No
1385,1385,1386,M16245,M,298.9,310.2,1603,36.1,126,0,0,0,0,0,0,11.300000000000011,0,Medium,Medium,Medium,No
1386,1386,1387,L48566,L,298.9,310.2,1445,40.0,129,0,0,0,0,0,0,11.300000000000011,0,Medium,Medium,Medium,No
1387,1387,1388,L48567,L,298.9,310.1,1823,26.1,131,0,0,0,0,0,0,11.200000000000045,0,Medium,High,High,No
1388,1388,1389,H30802,H,298.9,310.1,1491,45.3,133,0,0,0,0,0,0,11.200000000000045,0,High,Medium,High,No
1389,1389,1390,L48569,L,298.9,310.2,1533,42.8,138,0,0,0,0,0,0,11.300000000000011,0,Medium,Medium,High,No
1390,1390,1391,L48570,L,298.9,310.2,1409,54.8,140,0,0,0,0,0,0,11.300000000000011,0,High,Medium,High,No
1391,1391,1392,L48571,L,298.9,310.2,2737,8.8,142,1,0,0,1,0,0,11.300000000000011,1,Low,High,High,No
1392,1392,1393,M16252,M,299.0,310.3,1494,46.6,144,0,0,0,0,0,0,11.300000000000011,0,High,Medium,High,No
1393,1393,1394,L48573,L,299.1,310.4,1594,33.3,147,0,0,0,0,0,0,11.299999999999955,0,Medium,Medium,High,No
1394,1394,1395,L48574,L,299.1,310.4,1527,44.0,149,0,0,0,0,0,0,11.299999999999955,0,Medium,Medium,High,No
1395,1395,1396,L48575,L,299.1,310.4,1452,39.7,151,0,0,0,0,0,0,11.299999999999955,0,Medium,Medium,High,No
1396,1396,1397,L48576,L,299.0,310.3,1483,39.2,153,0,0,0,0,0,0,11.300000000000011,0,Medium,Medium,High,No
1397,1397,1398,L48577,L,299.1,310.2,1569,38.2,155,0,0,0,0,0,0,11.099999999999966,0,Medium,Medium,High,No
1398,1398,1399,L48578,L,299.1,310.3,1472,46.6,157,0,0,0,0,0,0,11.199999999999989,0,High,Medium,High,No
1399,1399,1400,L48579,L,299.0,310.2,1533,43.5,159,0,0,0,0,0,0,11.199999999999989,0,Medium,Medium,High,No
1400,1400,1401,H30814,H,298.9,310.1,1366,62.7,161,0,0,0,0,0,0,11.200000000000045,0,High,Medium,High,No
1401,1401,1402,H30815,H,298.9,310.2,1532,37.7,166,0,0,0,0,0,0,11.300000000000011,0,Medium,Medium,High,No
1402,1402,1403,M16262,M,298.9,310.1,1313,56.8,171,0,0,0,0,0,0,11.200000000000045,0,High,Medium,High,No
1403,1403,1404,L48583,L,299.0,310.2,1372,48.0,174,0,0,0,0,0,0,11.199999999999989,0,High,Medium,High,No
1404,1404,1405,M16264,M,298.9,310.1,1555,40.6,176,0,0,0,0,0,0,11.200000000000045,0,Medium,Medium,High,No
1405,1405,1406,L48585,L,298.9,310.1,1394,42.7,179,0,0,0,0,0,0,11.200000000000045,0,Medium,Medium,High,No
1406,1406,1407,L48586,L,298.9,310.1,1442,48.0,181,0,0,0,0,0,0,11.200000000000045,0,High,Medium,High,No
1407,1407,1408,L48587,L,298.9,310.0,1564,33.8,183,0,0,0,0,0,0,11.100000000000023,0,Medium,Medium,High,No
1408,1408,1409,L48588,L,298.9,310.0,1452,48.9,185,0,0,0,0,0,0,11.100000000000023,0,High,Medium,High,No
1409,1409,1410,L48589,L,298.9,310.1,1466,42.5,187,0,0,0,0,0,0,11.200000000000045,0,Medium,Medium,High,No
1410,1410,1411,M16270,M,298.9,310.1,1469,53.2,189,0,0,0,0,0,0,11.200000000000045,0,High,Medium,High,No
1411,1411,1412,L48591,L,298.9,310.1,1944,23.4,192,0,0,0,0,0,0,11.200000000000045,0,Low,High,High,No
1412,1412,1413,M16272,M,298.8,309.9,1415,53.2,194,0,0,0,0,0,0,11.099999999999966,0,High,Medium,High,No
1413,1413,1414,M16273,M,298.7,309.8,1528,36.7,197,0,0,0,0,0,0,11.100000000000023,0,Medium,Medium,High,No
1414,1414,1415,M16274,M,298.7,309.8,1570,42.1,200,0,0,0,0,0,0,11.100000000000023,0,Medium,Medium,High,No
1415,1415,1416,L48595,L,298.7,309.9,1617,33.0,203,0,0,0,0,0,0,11.199999999999989,0,Medium,Medium,High,No
1416,1416,1417,M16276,M,298.7,309.9,2083,18.2,205,0,0,0,0,0,0,11.199999999999989,0,Low,High,High,No
1417,1417,1418,L48597,L,298.7,309.9,1541,38.5,208,0,0,0,0,0,0,11.199999999999989,0,Medium,Medium,High,No
1418,1418,1419,L48598,L,298.8,309.9,1320,47.4,210,0,0,0,0,0,0,11.099999999999966,0,High,Medium,High,No
1419,1419,1420,L48599,L,298.7,309.8,1354,53.3,212,1,0,0,0,1,0,11.100000000000023,1,High,Medium,High,No
1420,1420,1421,M16280,M,298.8,309.9,1495,35.2,214,0,0,0,0,0,0,11.099999999999966,0,Medium,Medium,High,No
1421,1421,1422,L48601,L,298.7,309.8,1589,31.8,217,0,0,0,0,0,0,11.100000000000023,0,Medium,Medium,High,No
1422,1422,1423,L48602,L,298.7,309.8,1530,35.5,0,0,0,0,0,0,0,11.100000000000023,0,Medium,Medium,Low,No
1423,1423,1424,L48603,L,298.7,309.8,1539,33.4,2,0,0,0,0,0,0,11.100000000000023,0,Medium,Medium,Low,No
1424,1424,1425,L48604,L,298.7,309.7,1462,46.8,4,0,0,0,0,0,0,11.0,0,High,Medium,Low,No
1425,1425,1426,L48605,L,298.6,309.7,1356,54.0,6,0,0,0,0,0,0,11.099999999999966,0,High,Medium,Low,No
1426,1426,1427,M16286,M,298.7,309.7,1622,34.6,8,0,0,0,0,0,0,11.0,0,Medium,Medium,Low,No
1427,1427,1428,L48607,L,298.7,309.8,1394,40.3,11,0,0,0,0,0,0,11.100000000000023,0,Medium,Medium,Low,No
1428,1428,1429,L48608,L,298.8,309.9,1568,33.7,13,0,0,0,0,0,0,11.099999999999966,0,Medium,Medium,Low,No
1429,1429,1430,M16289,M,298.9,310.0,1456,43.8,15,0,0,0,0,0,0,11.100000000000023,0,Medium,Medium,Low,No
1430,1430,1431,L48610,L,298.9,310.0,1378,49.3,18,0,0,0,0,0,0,11.100000000000023,0,High,Medium,Low,No
1431,1431,1432,M16291,M,298.9,309.9,1404,41.4,20,0,0,0,0,0,0,11.0,0,Medium,Medium,Low,No
1432,1432,1433,L48612,L,298.8,309.8,1437,42.8,23,0,0,0,0,0,0,11.0,0,Medium,Medium,Low,No
1433,1433,1434,L48613,L,298.8,309.8,1363,44.0,25,0,0,0,0,0,0,11.0,0,Medium,Medium,Low,No
1434,1434,1435,M16294,M,298.8,309.8,1377,49.6,27,0,0,0,0,0,0,11.0,0,High,Medium,Low,No
1435,1435,1436,H30849,H,298.8,309.9,1526,42.1,30,0,0,0,0,0,0,11.099999999999966,0,Medium,Medium,Low,No
1436,1436,1437,H30850,H,298.8,309.8,1510,44.2,35,0,0,0,0,0,0,11.0,0,Medium,Medium,Low,No
1437,1437,1438,H30851,H,298.8,309.9,1439,45.2,40,1,0,0,0,0,0,11.099999999999966,0,High,Medium,Low,No
1438,1438,1439,L48618,L,298.8,309.9,1482,39.1,45,0,0,0,0,0,0,11.099999999999966,0,Medium,Medium,Low,No
1439,1439,1440,M16299,M,298.8,309.8,1534,37.0,47,0,0,0,0,0,0,11.0,0,Medium,Medium,Low,No
1440,1440,1441,M16300,M,298.8,309.9,1741,27.7,50,0,0,0,0,0,0,11.099999999999966,0,Medium,High,Low,No
1441,1441,1442,L48621,L,298.8,309.9,1550,38.8,53,0,0,0,0,0,0,11.099999999999966,0,Medium,Medium,Low,No
1442,1442,1443,M16302,M,298.8,310.0,1486,38.5,55,0,0,0,0,0,0,11.199999999999989,0,Medium,Medium,Low,No
1443,1443,1444,L48623,L,298.9,310.1,1602,38.2,58,0,0,0,0,0,0,11.200000000000045,0,Medium,Medium,Low,No
1444,1444,1445,L48624,L,299.0,310.2,1477,37.9,60,0,0,0,0,0,0,11.199999999999989,0,Medium,Medium,Low,No
1445,1445,1446,L48625,L,299.0,310.1,1618,29.2,62,0,0,0,0,0,0,11.100000000000023,0,Medium,Medium,Low,No
1446,1446,1447,M16306,M,299.0,310.2,1628,35.8,64,0,0,0,0,0,0,11.199999999999989,0,Medium,Medium,Low,No
1447,1447,1448,M16307,M,299.0,310.3,1662,33.6,67,0,0,0,0,0,0,11.300000000000011,0,Medium,High,Low,No
1448,1448,1449,M16308,M,299.0,310.3,1657,31.0,70,0,0,0,0,0,0,11.300000000000011,0,Medium,High,Low,No
1449,1449,1450,H30863,H,299.0,310.4,1677,30.8,73,0,0,0,0,0,0,11.399999999999977,0,Medium,High,Low,No
1450,1450,1451,M16310,M,299.0,310.3,1447,39.9,78,0,0,0,0,0,0,11.300000000000011,0,Medium,Medium,Low,No
1451,1451,1452,L48631,L,298.9,310.4,1831,25.4,81,0,0,0,0,0,0,11.5,0,High,High,Medium,No
1452,1452,1453,L48632,L,299.0,310.3,1584,34.4,83,0,0,0,0,0,0,11.300000000000011,0,Medium,Medium,Medium,No
1453,1453,1454,L48633,L,299.1,310.4,1450,40.9,85,0,0,0,0,0,0,11.299999999999955,0,Medium,Medium,Medium,No
1454,1454,1455,L48634,L,299.1,310.4,1428,46.9,87,0,0,0,0,0,0,11.299999999999955,0,High,Medium,Medium,No
1455,1455,1456,L48635,L,299.0,310.4,1382,53.0,89,0,0,0,0,0,0,11.399999999999977,0,High,Medium,Medium,No
1456,1456,1457,L48636,L,299.0,310.3,1501,43.0,91,0,0,0,0,0,0,11.300000000000011,0,Medium,Medium,Medium,No
1457,1457,1458,L48637,L,299.0,310.3,1475,42.4,93,0,0,0,0,0,0,11.300000000000011,0,Medium,Medium,Medium,No
1458,1458,1459,L48638,L,298.9,310.3,1364,54.0,95,0,0,0,0,0,0,11.400000000000034,0,High,Medium,Medium,No
1459,1459,1460,L48639,L,299.0,310.3,1472,36.1,97,0,0,0,0,0,0,11.300000000000011,0,Medium,Medium,Medium,No
1460,1460,1461,L48640,L,299.0,310.3,1437,47.8,99,0,0,0,0,0,0,11.300000000000011,0,High,Medium,Medium,No
1461,1461,1462,L48641,L,298.9,310.2,1491,45.1,101,0,0,0,0,0,0,11.300000000000011,0,High,Medium,Medium,No
1462,1462,1463,L48642,L,298.9,310.2,1706,27.6,103,0,0,0,0,0,0,11.300000000000011,0,Medium,High,Medium,No
1463,1463,1464,L48643,L,298.8,310.1,1607,39.5,105,0,0,0,0,0,0,11.300000000000011,0,Medium,Medium,Medium,No
1464,1464,1465,L48644,L,298.8,310.0,1412,46.3,107,0,0,0,0,0,0,11.199999999999989,0,High,Medium,Medium,No
1465,1465,1466,L48645,L,298.7,309.8,1546,40.9,109,0,0,0,0,0,0,11.100000000000023,0,Medium,Medium,Medium,No
1466,1466,1467,L48646,L,298.7,309.8,1365,50.5,111,0,0,0,0,0,0,11.100000000000023,0,High,Medium,Medium,No
1467,1467,1468,L48647,L,298.6,309.8,1544,30.2,113,0,0,0,0,0,0,11.199999999999989,0,Medium,Medium,Medium,No
1468,1468,1469,M16328,M,298.6,309.8,1419,44.9,115,0,0,0,0,0,0,11.199999999999989,0,Medium,Medium,Medium,No
1469,1469,1470,L48649,L,298.6,309.8,1497,41.6,118,0,0,0,0,0,0,11.199999999999989,0,Medium,Medium,Medium,No
1470,1470,1471,L48650,L,298.5,309.7,1437,42.6,120,0,0,0,0,0,0,11.199999999999989,0,Medium,Medium,Medium,No
1471,1471,1472,L48651,L,298.5,309.6,1421,53.6,122,0,0,0,0,0,0,11.100000000000023,0,High,Medium,Medium,No
1472,1472,1473,M16332,M,298.5,309.6,1438,44.5,124,0,0,0,0,0,0,11.100000000000023,0,Medium,Medium,Medium,No
1473,1473,1474,M16333,M,298.5,309.5,1315,48.9,127,0,0,0,0,0,0,11.0,0,High,Medium,Medium,No
1474,1474,1475,M16334,M,298.5,309.5,1366,61.9,130,0,0,0,0,0,0,11.0,0,High,Medium,Medium,No
1475,1475,1476,M16335,M,298.4,309.5,1519,35.4,133,0,0,0,0,0,0,11.100000000000023,0,Medium,Medium,High,No
1476,1476,1477,L48656,L,298.4,309.5,1692,28.3,136,0,0,0,0,0,0,11.100000000000023,0,Medium,High,High,No
1477,1477,1478,L48657,L,298.3,309.4,1570,35.6,138,0,0,0,0,0,0,11.099999999999966,0,Medium,Medium,High,No
1478,1478,1479,L48658,L,298.3,309.4,1568,35.8,140,0,0,0,0,0,0,11.099999999999966,0,Medium,Medium,High,No
1479,1479,1480,L48659,L,298.2,309.3,1355,43.8,142,0,0,0,0,0,0,11.100000000000023,0,Medium,Medium,High,No
1480,1480,1481,M16340,M,298.2,309.3,2056,18.7,144,0,0,0,0,0,0,11.100000000000023,0,Low,High,High,No
1481,1481,1482,M16341,M,298.2,309.2,1332,60.2,147,0,0,0,0,0,0,11.0,0,High,Medium,High,No
1482,1482,1483,M16342,M,298.1,309.1,1448,52.5,150,0,0,0,0,0,0,11.0,0,High,Medium,High,No
1483,1483,1484,L48663,L,298.0,308.9,1578,35.6,153,0,0,0,0,0,0,10.899999999999977,0,Medium,Medium,High,No
1484,1484,1485,M16344,M,298.0,309.0,1562,39.2,155,0,0,0,0,0,0,11.0,0,Medium,Medium,High,No
1485,1485,1486,M16345,M,298.1,309.0,1976,19.3,158,0,0,0,0,0,0,10.899999999999977,0,Low,High,High,No
1486,1486,1487,M16346,M,298.2,309.2,1524,34.6,161,0,0,0,0,0,0,11.0,0,Medium,Medium,High,No
1487,1487,1488,L48667,L,298.2,309.1,1429,48.5,164,0,0,0,0,0,0,10.900000000000034,0,High,Medium,High,No
1488,1488,1489,L48668,L,298.2,309.1,1568,36.3,166,0,0,0,0,0,0,10.900000000000034,0,Medium,Medium,High,No
1489,1489,1490,M16349,M,298.2,309.0,1723,26.6,168,0,0,0,0,0,0,10.800000000000011,0,Medium,High,High,No
1490,1490,1491,L48670,L,298.2,309.0,1341,43.8,171,0,0,0,0,0,0,10.800000000000011,0,Medium,Medium,High,No
1491,1491,1492,M16351,M,298.1,308.9,1353,46.2,173,0,0,0,0,0,0,10.799999999999955,0,High,Medium,High,No
1492,1492,1493,M16352,M,298.0,308.7,1479,58.5,176,1,0,0,1,0,0,10.699999999999989,1,High,Medium,High,No
1493,1493,1494,L48673,L,298.0,308.8,1496,44.9,179,0,0,0,0,0,0,10.800000000000011,0,Medium,Medium,High,No
1494,1494,1495,M16354,M,298.0,308.7,1377,48.5,181,0,0,0,0,0,0,10.699999999999989,0,High,Medium,High,No
1495,1495,1496,H30909,H,297.9,308.5,1383,44.6,184,0,0,0,0,0,0,10.600000000000023,0,Medium,Medium,High,No
1496,1496,1497,L48676,L,298.0,308.7,1268,69.4,189,1,0,0,1,1,0,10.699999999999989,2,High,Medium,High,No
1497,1497,1498,L48677,L,298.0,308.7,1629,34.3,191,0,0,0,0,0,0,10.699999999999989,0,Medium,Medium,High,No
1498,1498,1499,L48678,L,298.0,308.8,1790,27.2,193,0,0,0,0,0,0,10.800000000000011,0,Medium,High,High,No
1499,1499,1500,M16359,M,298.1,308.8,2206,16.3,195,0,0,0,0,0,0,10.699999999999989,0,Low,High,High,No
1500,1500,1501,M16360,M,298.0,308.7,2101,17.4,198,0,0,0,0,0,0,10.699999999999989,0,Low,High,High,No
1501,1501,1502,M16361,M,298.0,308.7,1436,48.2,201,0,0,0,0,0,0,10.699999999999989,0,High,Medium,High,No
1502,1502,1503,L48682,L,298.0,308.7,1462,48.2,204,0,0,0,0,0,0,10.699999999999989,0,High,Medium,High,No
1503,1503,1504,L48683,L,298.0,308.7,1771,26.2,206,0,0,0,0,0,0,10.699999999999989,0,Medium,High,High,No
1504,1504,1505,L48684,L,298.0,308.7,1506,47.0,208,0,0,0,0,0,0,10.699999999999989,0,High,Medium,High,No
1505,1505,1506,L48685,L,298.0,308.7,1626,36.7,210,0,0,0,0,0,0,10.699999999999989,0,Medium,Medium,High,No
1506,1506,1507,L48686,L,298.0,308.8,1610,33.7,212,0,0,0,0,0,0,10.800000000000011,0,Medium,Medium,High,No
1507,1507,1508,M16367,M,298.0,308.6,1376,55.7,214,0,0,0,0,0,0,10.600000000000023,0,High,Medium,High,No
1508,1508,1509,M16368,M,298.0,308.6,1507,37.3,217,0,0,0,0,0,0,10.600000000000023,0,Medium,Medium,High,No
1509,1509,1510,L48689,L,298.0,308.5,1429,37.7,220,1,1,0,0,0,0,10.5,1,Medium,Medium,High,No
1510,1510,1511,M16370,M,298.1,308.7,1547,38.9,0,0,0,0,0,0,0,10.599999999999966,0,Medium,Medium,Low,No
1511,1511,1512,L48691,L,298.1,308.7,1642,30.3,3,0,0,0,0,0,0,10.599999999999966,0,Medium,Medium,Low,No
1512,1512,1513,H30926,H,298.0,308.7,1503,36.3,5,0,0,0,0,0,0,10.699999999999989,0,Medium,Medium,Low,No
1513,1513,1514,L48693,L,298.1,308.7,1568,32.9,10,0,0,0,0,0,0,10.599999999999966,0,Medium,Medium,Low,No
1514,1514,1515,M16374,M,298.1,308.8,1628,37.6,12,0,0,0,0,0,0,10.699999999999989,0,Medium,Medium,Low,No
1515,1515,1516,M16375,M,298.2,308.9,1614,35.5,15,0,0,0,0,0,0,10.699999999999989,0,Medium,Medium,Low,No
1516,1516,1517,L48696,L,298.2,308.9,1278,54.0,18,0,0,0,0,0,0,10.699999999999989,0,High,Medium,Low,No
1517,1517,1518,M16377,M,298.2,308.9,1408,38.8,20,0,0,0,0,0,0,10.699999999999989,0,Medium,Medium,Low,No
1518,1518,1519,H30932,H,298.2,309.0,1371,55.7,23,0,0,0,0,0,0,10.800000000000011,0,High,Medium,Low,No
1519,1519,1520,M16379,M,298.2,308.9,1512,38.5,28,0,0,0,0,0,0,10.699999999999989,0,Medium,Medium,Low,No
1520,1520,1521,L48700,L,298.3,309.1,1472,40.1,31,0,0,0,0,0,0,10.800000000000011,0,Medium,Medium,Low,No
1521,1521,1522,M16381,M,298.2,308.9,1585,34.3,33,0,0,0,0,0,0,10.699999999999989,0,Medium,Medium,Low,No
1522,1522,1523,H30936,H,298.2,309.0,1562,37.7,36,0,0,0,0,0,0,10.800000000000011,0,Medium,Medium,Low,No
1523,1523,1524,L48703,L,298.3,309.0,1519,36.9,41,0,0,0,0,0,0,10.699999999999989,0,Medium,Medium,Low,No
1524,1524,1525,L48704,L,298.2,309.0,1601,35.8,43,0,0,0,0,0,0,10.800000000000011,0,Medium,Medium,Low,No
1525,1525,1526,L48705,L,298.2,309.0,2449,13.8,45,0,0,0,0,0,0,10.800000000000011,0,Low,High,Low,No
1526,1526,1527,L48706,L,298.1,309.0,1787,27.6,47,0,0,0,0,0,0,10.899999999999977,0,Medium,High,Low,No
1527,1527,1528,H30941,H,298.1,309.1,1425,44.5,49,0,0,0,0,0,0,11.0,0,Medium,Medium,Low,No
1528,1528,1529,L48708,L,298.1,309.0,1559,34.0,54,0,0,0,0,0,0,10.899999999999977,0,Medium,Medium,Low,No
1529,1529,1530,L48709,L,298.1,309.0,1557,36.0,56,0,0,0,0,0,0,10.899999999999977,0,Medium,Medium,Low,No
1530,1530,1531,L48710,L,298.1,309.0,1497,40.5,58,0,0,0,0,0,0,10.899999999999977,0,Medium,Medium,Low,No
1531,1531,1532,H30945,H,298.1,309.0,1438,41.4,60,0,0,0,0,0,0,10.899999999999977,0,Medium,Medium,Low,No
1532,1532,1533,M16392,M,298.1,308.9,1417,39.2,65,0,0,0,0,0,0,10.799999999999955,0,Medium,Medium,Low,No
1533,1533,1534,M16393,M,298.0,308.9,1339,51.4,68,0,0,0,0,0,0,10.899999999999977,0,High,Medium,Low,No
1534,1534,1535,L48714,L,298.0,308.8,1757,29.1,71,0,0,0,0,0,0,10.800000000000011,0,Medium,High,Low,No
1535,1535,1536,L48715,L,298.0,308.8,1581,36.1,73,0,0,0,0,0,0,10.800000000000011,0,Medium,Medium,Low,No
1536,1536,1537,M16396,M,298.2,308.9,1326,54.4,75,0,0,0,0,0,0,10.699999999999989,0,High,Medium,Low,No
1537,1537,1538,M16397,M,298.4,309.1,1467,39.6,78,0,0,0,0,0,0,10.700000000000045,0,Medium,Medium,Low,No
1538,1538,1539,L48718,L,298.4,309.1,1798,29.6,81,0,0,0,0,0,0,10.700000000000045,0,Medium,High,Medium,No
1539,1539,1540,M16399,M,298.5,309.2,1449,46.4,83,0,0,0,0,0,0,10.699999999999989,0,High,Medium,Medium,No
1540,1540,1541,M16400,M,298.4,309.1,1525,39.3,86,0,0,0,0,0,0,10.700000000000045,0,Medium,Medium,Medium,No
1541,1541,1542,L48721,L,298.4,309.0,2304,15.1,89,0,0,0,0,0,0,10.600000000000023,0,Low,High,Medium,No
1542,1542,1543,L48722,L,298.3,308.9,1379,54.7,91,0,0,0,0,0,0,10.599999999999966,0,High,Medium,Medium,No
1543,1543,1544,L48723,L,298.4,308.9,1628,34.9,93,0,0,0,0,0,0,10.5,0,Medium,Medium,Medium,No
1544,1544,1545,L48724,L,298.4,309.0,1474,52.7,95,0,0,0,0,0,0,10.600000000000023,0,High,Medium,Medium,No
1545,1545,1546,M16405,M,298.4,309.0,1544,38.8,97,0,0,0,0,0,0,10.600000000000023,0,Medium,Medium,Medium,No
1546,1546,1547,L48726,L,298.4,308.9,1391,48.4,100,0,0,0,0,0,0,10.5,0,High,Medium,Medium,No
1547,1547,1548,L48727,L,298.3,308.9,1348,55.5,102,0,0,0,0,0,0,10.599999999999966,0,High,Medium,Medium,No
1548,1548,1549,M16408,M,298.3,308.8,1349,52.1,104,0,0,0,0,0,0,10.5,0,High,Medium,Medium,No
1549,1549,1550,L48729,L,298.4,308.9,1706,29.5,107,0,0,0,0,0,0,10.5,0,Medium,High,Medium,No
1550,1550,1551,L48730,L,298.4,308.9,1638,32.4,109,0,0,0,0,0,0,10.5,0,Medium,Medium,Medium,No
1551,1551,1552,L48731,L,298.4,308.8,1458,40.1,111,0,0,0,0,0,0,10.400000000000034,0,Medium,Medium,Medium,No
1552,1552,1553,L48732,L,298.5,308.9,1781,27.8,113,0,0,0,0,0,0,10.399999999999977,0,Medium,High,Medium,No
1553,1553,1554,L48733,L,298.5,308.8,1332,59.1,115,0,0,0,0,0,0,10.300000000000011,0,High,Medium,Medium,No
1554,1554,1555,M16414,M,298.4,308.7,1584,31.7,117,0,0,0,0,0,0,10.300000000000011,0,Medium,Medium,Medium,No
1555,1555,1556,L48735,L,298.4,308.6,1491,42.0,120,0,0,0,0,0,0,10.200000000000045,0,Medium,Medium,Medium,No
1556,1556,1557,H30970,H,298.4,308.5,1398,47.1,122,0,0,0,0,0,0,10.100000000000023,0,High,Medium,Medium,No
1557,1557,1558,L48737,L,298.3,308.4,1585,30.6,127,0,0,0,0,0,0,10.099999999999966,0,Medium,Medium,Medium,No
1558,1558,1559,M16418,M,298.2,308.3,1476,43.5,129,0,0,0,0,0,0,10.100000000000023,0,Medium,Medium,Medium,No
1559,1559,1560,L48739,L,298.2,308.3,1458,41.8,132,0,0,0,0,0,0,10.100000000000023,0,Medium,Medium,High,No
1560,1560,1561,M16420,M,298.2,308.4,1510,39.9,134,0,0,0,0,0,0,10.199999999999989,0,Medium,Medium,High,No
1561,1561,1562,L48741,L,298.2,308.4,1388,53.8,137,0,0,0,0,0,0,10.199999999999989,0,High,Medium,High,No
1562,1562,1563,L48742,L,298.2,308.3,2216,16.8,139,0,0,0,0,0,0,10.100000000000023,0,Low,High,High,No
1563,1563,1564,L48743,L,298.2,308.3,1402,51.0,141,0,0,0,0,0,0,10.100000000000023,0,High,Medium,High,No
1564,1564,1565,M16424,M,298.0,308.2,2090,19.0,143,0,0,0,0,0,0,10.199999999999989,0,Low,High,High,No
1565,1565,1566,L48745,L,298.0,308.2,1459,42.1,146,0,0,0,0,0,0,10.199999999999989,0,Medium,Medium,High,No
1566,1566,1567,M16426,M,298.0,308.1,1403,44.8,148,0,0,0,0,0,0,10.100000000000023,0,Medium,Medium,High,No
1567,1567,1568,L48747,L,298.1,308.2,1521,39.3,151,0,0,0,0,0,0,10.099999999999966,0,Medium,Medium,High,No
1568,1568,1569,L48748,L,298.2,308.2,1407,47.1,153,0,0,0,0,0,0,10.0,0,High,Medium,High,No
1569,1569,1570,M16429,M,298.1,308.2,1654,35.3,155,0,0,0,0,0,0,10.099999999999966,0,Medium,High,High,No
1570,1570,1571,L48750,L,298.2,308.4,1452,43.5,158,0,0,0,0,0,0,10.199999999999989,0,Medium,Medium,High,No
1571,1571,1572,L48751,L,298.3,308.4,1528,37.3,160,0,0,0,0,0,0,10.099999999999966,0,Medium,Medium,High,No
1572,1572,1573,L48752,L,298.2,308.3,1230,59.6,162,0,0,0,0,0,0,10.100000000000023,0,High,Low,High,No
1573,1573,1574,L48753,L,298.2,308.2,1466,42.4,164,0,0,0,0,0,0,10.0,0,Medium,Medium,High,No
1574,1574,1575,L48754,L,298.2,308.2,1478,50.1,166,0,0,0,0,0,0,10.0,0,High,Medium,High,No
1575,1575,1576,L48755,L,298.2,308.3,2057,18.0,168,0,0,0,0,0,0,10.100000000000023,0,Low,High,High,No
1576,1576,1577,L48756,L,298.3,308.4,1490,41.7,170,0,0,0,0,0,0,10.099999999999966,0,Medium,Medium,High,No
1577,1577,1578,L48757,L,298.3,308.4,1484,43.4,172,0,0,0,0,0,0,10.099999999999966,0,Medium,Medium,High,No
1578,1578,1579,L48758,L,298.3,308.4,1593,37.0,174,0,0,0,0,0,0,10.099999999999966,0,Medium,Medium,High,No
1579,1579,1580,L48759,L,298.3,308.3,1444,43.8,176,0,0,0,0,0,0,10.0,0,Medium,Medium,High,No
1580,1580,1581,M16440,M,298.3,308.4,1444,47.5,178,0,0,0,0,0,0,10.099999999999966,0,High,Medium,High,No
1581,1581,1582,M16441,M,298.2,308.3,1560,33.0,181,0,0,0,0,0,0,10.100000000000023,0,Medium,Medium,High,No
1582,1582,1583,H30996,H,298.1,308.3,1530,42.0,184,0,0,0,0,0,0,10.199999999999989,0,Medium,Medium,High,No
1583,1583,1584,L48763,L,298.2,308.4,1310,61.0,189,1,0,0,0,1,0,10.199999999999989,1,High,Medium,High,No
1584,1584,1585,M16444,M,298.2,308.3,1639,33.3,191,0,0,0,0,0,0,10.100000000000023,0,Medium,Medium,High,No
1585,1585,1586,L48765,L,298.2,308.3,1400,48.7,194,0,0,0,0,0,0,10.100000000000023,0,High,Medium,High,No
1586,1586,1587,M16446,M,298.3,308.4,1486,44.2,196,0,0,0,0,0,0,10.099999999999966,0,Medium,Medium,High,No
1587,1587,1588,M16447,M,298.2,308.3,1448,43.3,199,0,0,0,0,0,0,10.100000000000023,0,Medium,Medium,High,No
1588,1588,1589,L48768,L,298.2,308.3,1688,32.0,202,0,0,0,0,0,0,10.100000000000023,0,Medium,High,High,No
1589,1589,1590,M16449,M,298.1,308.3,1453,41.5,204,0,0,0,0,0,0,10.199999999999989,0,Medium,Medium,High,No
1590,1590,1591,L48770,L,298.2,308.4,1497,37.7,207,0,0,0,0,0,0,10.199999999999989,0,Medium,Medium,High,No
1591,1591,1592,L48771,L,298.2,308.4,1355,49.4,209,0,0,0,0,0,0,10.199999999999989,0,High,Medium,High,No
1592,1592,1593,L48772,L,298.1,308.4,1592,38.2,211,0,0,0,0,0,0,10.299999999999955,0,Medium,Medium,High,No
1593,1593,1594,L48773,L,298.0,308.3,1544,34.7,213,0,0,0,0,0,0,10.300000000000011,0,Medium,Medium,High,No
1594,1594,1595,M16454,M,298.0,308.2,1373,51.2,215,0,0,0,0,0,0,10.199999999999989,0,High,Medium,High,No
1595,1595,1596,L48775,L,298.0,308.2,1365,52.9,218,1,0,0,0,1,0,10.199999999999989,1,High,Medium,High,No
1596,1596,1597,L48776,L,298.0,308.1,1877,24.3,0,0,0,0,0,0,0,10.100000000000023,0,Low,High,Low,No
1597,1597,1598,L48777,L,297.9,308.1,1531,40.8,2,0,0,0,0,0,0,10.200000000000045,0,Medium,Medium,Low,No
1598,1598,1599,L48778,L,297.9,308.0,1501,36.7,4,0,0,0,0,0,0,10.100000000000023,0,Medium,Medium,Low,No
1599,1599,1600,L48779,L,297.9,308.0,1490,46.2,6,0,0,0,0,0,0,10.100000000000023,0,High,Medium,Low,No
1600,1600,1601,M16460,M,297.8,307.8,1543,43.7,8,0,0,0,0,0,0,10.0,0,Medium,Medium,Low,No
1601,1601,1602,L48781,L,297.8,307.8,1597,38.2,11,0,0,0,0,0,0,10.0,0,Medium,Medium,Low,No
1602,1602,1603,H31016,H,297.8,307.9,1600,33.5,13,0,0,0,0,0,0,10.099999999999966,0,Medium,Medium,Low,No
1603,1603,1604,M16463,M,297.8,307.8,1622,32.1,18,0,0,0,0,0,0,10.0,0,Medium,Medium,Low,No
1604,1604,1605,L48784,L,297.8,307.8,1452,39.8,21,0,0,0,0,0,0,10.0,0,Medium,Medium,Low,No
1605,1605,1606,L48785,L,297.8,307.8,1396,42.5,23,0,0,0,0,0,0,10.0,0,Medium,Medium,Low,No
1606,1606,1607,L48786,L,297.8,307.7,1505,39.7,25,0,0,0,0,0,0,9.899999999999977,0,Medium,Medium,Low,No
1607,1607,1608,L48787,L,297.8,307.8,1412,48.3,27,0,0,0,0,0,0,10.0,0,High,Medium,Low,No
1608,1608,1609,L48788,L,297.8,307.7,1393,38.0,29,0,0,0,0,0,0,9.899999999999977,0,Medium,Medium,Low,No
1609,1609,1610,L48789,L,297.7,307.7,1581,34.9,31,0,0,0,0,0,0,10.0,0,Medium,Medium,Low,No
1610,1610,1611,L48790,L,297.8,307.8,1573,37.9,33,0,0,0,0,0,0,10.0,0,Medium,Medium,Low,No
1611,1611,1612,M16471,M,297.8,307.9,1726,27.3,35,0,0,0,0,0,0,10.099999999999966,0,Medium,High,Low,No
1612,1612,1613,M16472,M,297.9,307.9,1540,39.8,38,0,0,0,0,0,0,10.0,0,Medium,Medium,Low,No
1613,1613,1614,L48793,L,297.9,308.0,1296,62.9,41,0,0,0,0,0,0,10.100000000000023,0,High,Medium,Low,No
1614,1614,1615,M16474,M,297.8,307.9,1802,25.8,43,0,0,0,0,0,0,10.099999999999966,0,High,High,Low,No
1615,1615,1616,L48795,L,297.8,307.9,1447,48.6,46,0,0,0,0,0,0,10.099999999999966,0,High,Medium,Low,No
1616,1616,1617,H31030,H,297.8,307.8,1662,30.7,48,0,0,0,0,0,0,10.0,0,Medium,High,Low,No
1617,1617,1618,L48797,L,297.8,307.8,1563,34.3,53,0,0,0,0,0,0,10.0,0,Medium,Medium,Low,No
1618,1618,1619,L48798,L,297.9,307.8,1286,59.5,55,0,0,0,0,0,0,9.900000000000034,0,High,Medium,Low,No
1619,1619,1620,L48799,L,297.9,307.7,1590,34.6,57,0,0,0,0,0,0,9.800000000000011,0,Medium,Medium,Low,No
1620,1620,1621,L48800,L,297.9,307.7,1492,43.7,59,0,0,0,0,0,0,9.800000000000011,0,Medium,Medium,Low,No
1621,1621,1622,L48801,L,297.7,307.6,1844,21.9,61,0,0,0,0,0,0,9.900000000000034,0,Low,High,Low,No
1622,1622,1623,H31036,H,297.7,307.6,1538,38.3,63,0,0,0,0,0,0,9.900000000000034,0,Medium,Medium,Low,No
1623,1623,1624,L48803,L,297.7,307.6,1921,22.9,68,0,0,0,0,0,0,9.900000000000034,0,Low,High,Low,No
1624,1624,1625,M16484,M,297.8,307.8,1310,57.9,70,0,0,0,0,0,0,10.0,0,High,Medium,Low,No
1625,1625,1626,L48805,L,297.9,307.8,1365,46.9,73,0,0,0,0,0,0,9.900000000000034,0,High,Medium,Low,No
1626,1626,1627,M16486,M,297.9,307.8,1303,59.3,75,0,0,0,0,0,0,9.900000000000034,0,High,Medium,Low,No
1627,1627,1628,L48807,L,297.9,307.8,1499,37.5,78,0,0,0,0,0,0,9.900000000000034,0,Medium,Medium,Low,No
1628,1628,1629,L48808,L,297.9,307.8,1451,38.2,80,0,0,0,0,0,0,9.900000000000034,0,Medium,Medium,Low,No
1629,1629,1630,M16489,M,297.9,307.9,1336,54.4,82,0,0,0,0,0,0,10.0,0,High,Medium,Medium,No
1630,1630,1631,L48810,L,297.9,307.9,1412,44.5,85,0,0,0,0,0,0,10.0,0,Medium,Medium,Medium,No
1631,1631,1632,L48811,L,298.0,308.0,1433,39.2,87,0,0,0,0,0,0,10.0,0,Medium,Medium,Medium,No
1632,1632,1633,L48812,L,297.9,307.9,1426,43.6,89,0,0,0,0,0,0,10.0,0,Medium,Medium,Medium,No
1633,1633,1634,L48813,L,297.9,307.9,1476,45.2,91,0,0,0,0,0,0,10.0,0,High,Medium,Medium,No
1634,1634,1635,H31048,H,297.9,307.9,1406,58.5,93,0,0,0,0,0,0,10.0,0,High,Medium,Medium,No
1635,1635,1636,L48815,L,297.8,307.8,1383,56.5,98,0,0,0,0,0,0,10.0,0,High,Medium,Medium,No
1636,1636,1637,L48816,L,297.9,307.8,1505,37.3,100,0,0,0,0,0,0,9.900000000000034,0,Medium,Medium,Medium,No
1637,1637,1638,L48817,L,297.9,307.8,1665,33.9,102,0,0,0,0,0,0,9.900000000000034,0,Medium,High,Medium,No
1638,1638,1639,L48818,L,297.9,307.8,1397,45.0,104,0,0,0,0,0,0,9.900000000000034,0,Medium,Medium,Medium,No
1639,1639,1640,M16499,M,297.9,307.8,1450,43.5,106,0,0,0,0,0,0,9.900000000000034,0,Medium,Medium,Medium,No
1640,1640,1641,L48820,L,298.0,307.8,1567,36.4,109,0,0,0,0,0,0,9.800000000000011,0,Medium,Medium,Medium,No
1641,1641,1642,M16501,M,298.0,308.0,1555,37.0,111,0,0,0,0,0,0,10.0,0,Medium,Medium,Medium,No
1642,1642,1643,H31056,H,298.0,307.8,1588,35.4,114,0,0,0,0,0,0,9.800000000000011,0,Medium,Medium,Medium,No
1643,1643,1644,L48823,L,298.0,307.8,1453,37.7,119,0,0,0,0,0,0,9.800000000000011,0,Medium,Medium,Medium,No
1644,1644,1645,L48824,L,298.0,307.8,1622,33.3,121,0,0,0,0,0,0,9.800000000000011,0,Medium,Medium,Medium,No
1645,1645,1646,L48825,L,297.9,307.8,1538,38.5,123,0,0,0,0,0,0,9.900000000000034,0,Medium,Medium,Medium,No
1646,1646,1647,M16506,M,297.9,307.7,1527,42.8,125,0,0,0,0,0,0,9.800000000000011,0,Medium,Medium,Medium,No
1647,1647,1648,L48827,L,297.8,307.8,1761,28.9,128,0,0,0,0,0,0,10.0,0,Medium,High,Medium,No
1648,1648,1649,L48828,L,297.9,307.8,1373,50.2,130,0,0,0,0,0,0,9.900000000000034,0,High,Medium,Medium,No
1649,1649,1650,H31063,H,298.0,307.9,1482,37.8,132,0,0,0,0,0,0,9.899999999999977,0,Medium,Medium,High,No
1650,1650,1651,M16510,M,298.0,307.9,1417,51.0,137,0,0,0,0,0,0,9.899999999999977,0,High,Medium,High,No
1651,1651,1652,L48831,L,298.0,307.8,1414,51.7,140,0,0,0,0,0,0,9.800000000000011,0,High,Medium,High,No
1652,1652,1653,H31066,H,297.9,307.8,1635,34.0,142,0,0,0,0,0,0,9.900000000000034,0,Medium,Medium,High,No
1653,1653,1654,L48833,L,298.0,307.8,1386,57.3,147,0,0,0,0,0,0,9.800000000000011,0,High,Medium,High,No
1654,1654,1655,L48834,L,298.2,308.1,1379,62.3,149,0,0,0,0,0,0,9.900000000000034,0,High,Medium,High,No
1655,1655,1656,M16515,M,298.2,308.0,1577,35.9,151,0,0,0,0,0,0,9.800000000000011,0,Medium,Medium,High,No
1656,1656,1657,L48836,L,298.2,308.1,1532,42.5,154,0,0,0,0,0,0,9.900000000000034,0,Medium,Medium,High,No
1657,1657,1658,M16517,M,298.1,308.0,1374,48.8,156,0,0,0,0,0,0,9.899999999999977,0,High,Medium,High,No
1658,1658,1659,H31072,H,298.1,308.0,1570,35.3,159,0,0,0,0,0,0,9.899999999999977,0,Medium,Medium,High,No
1659,1659,1660,L48839,L,298.1,308.0,1697,31.0,164,0,0,0,0,0,0,9.899999999999977,0,Medium,High,High,No
1660,1660,1661,L48840,L,298.2,308.0,1499,44.1,166,0,0,0,0,0,0,9.800000000000011,0,Medium,Medium,High,No
1661,1661,1662,M16521,M,298.2,308.0,1411,47.2,168,0,0,0,0,0,0,9.800000000000011,0,High,Medium,High,No
1662,1662,1663,H31076,H,298.2,307.9,1462,45.5,171,0,0,0,0,0,0,9.699999999999989,0,High,Medium,High,No
1663,1663,1664,M16523,M,298.1,307.9,1759,28.6,176,0,0,0,0,0,0,9.799999999999955,0,Medium,High,High,No
1664,1664,1665,L48844,L,298.2,308.0,1535,38.0,179,0,0,0,0,0,0,9.800000000000011,0,Medium,Medium,High,No
1665,1665,1666,H31079,H,298.2,307.9,1491,39.7,181,0,0,0,0,0,0,9.699999999999989,0,Medium,Medium,High,No
1666,1666,1667,L48846,L,298.2,307.9,1551,36.0,186,0,0,0,0,0,0,9.699999999999989,0,Medium,Medium,High,No
1667,1667,1668,L48847,L,298.2,307.9,1769,27.2,188,0,0,0,0,0,0,9.699999999999989,0,Medium,High,High,No
1668,1668,1669,L48848,L,298.2,307.9,1551,34.1,190,0,0,0,0,0,0,9.699999999999989,0,Medium,Medium,High,No
1669,1669,1670,L48849,L,298.2,307.9,1544,31.4,192,0,0,0,0,0,0,9.699999999999989,0,Medium,Medium,High,No
1670,1670,1671,L48850,L,298.2,307.8,1528,31.1,194,0,0,0,0,0,0,9.600000000000023,0,Medium,Medium,High,No
1671,1671,1672,L48851,L,298.1,307.9,1614,35.8,196,0,0,0,0,0,0,9.799999999999955,0,Medium,Medium,High,No
1672,1672,1673,L48852,L,298.1,307.8,1432,49.8,198,0,0,0,0,0,0,9.699999999999989,0,High,Medium,High,No
1673,1673,1674,M16533,M,298.1,307.8,1384,43.7,200,0,0,0,0,0,0,9.699999999999989,0,Medium,Medium,High,No
1674,1674,1675,L48854,L,298.1,307.8,1540,37.8,203,0,0,0,0,0,0,9.699999999999989,0,Medium,Medium,High,No
1675,1675,1676,L48855,L,298.0,307.7,1407,43.9,205,0,0,0,0,0,0,9.699999999999989,0,Medium,Medium,High,No
1676,1676,1677,H31090,H,297.9,307.6,1418,43.0,207,0,0,0,0,0,0,9.700000000000045,0,Medium,Medium,High,No
1677,1677,1678,M16537,M,297.9,307.5,1647,30.8,212,0,0,0,0,0,0,9.600000000000023,0,Medium,Medium,High,No
1678,1678,1679,L48858,L,298.0,307.5,1644,32.8,215,0,0,0,0,0,0,9.5,0,Medium,Medium,High,No
1679,1679,1680,L48859,L,298.0,307.5,1792,27.9,217,0,0,0,0,0,0,9.5,0,Medium,High,High,No
1680,1680,1681,M16540,M,297.9,307.4,1610,34.6,219,0,0,0,0,0,0,9.5,0,Medium,Medium,High,No
1681,1681,1682,M16541,M,297.8,307.3,1804,26.0,222,0,0,0,0,0,0,9.5,0,Medium,High,High,No
1682,1682,1683,H31096,H,297.9,307.4,1604,36.1,225,1,1,0,0,0,0,9.5,1,Medium,Medium,High,No
1683,1683,1684,M16543,M,297.9,307.4,1403,52.8,0,0,0,0,0,0,0,9.5,0,High,Medium,Low,No
1684,1684,1685,L48864,L,297.8,307.3,1438,44.5,3,0,0,0,0,0,0,9.5,0,Medium,Medium,Low,No
1685,1685,1686,L48865,L,297.9,307.3,1824,26.3,5,0,0,0,0,0,0,9.400000000000034,0,Medium,High,Low,No
1686,1686,1687,H31100,H,297.9,307.3,1663,28.7,7,0,0,0,0,0,0,9.400000000000034,0,Medium,High,Low,No
1687,1687,1688,L48867,L,297.9,307.3,1502,36.7,12,0,0,0,0,0,0,9.400000000000034,0,Medium,Medium,Low,No
1688,1688,1689,L48868,L,297.9,307.4,1606,35.5,14,0,0,0,0,0,0,9.5,0,Medium,Medium,Low,No
1689,1689,1690,L48869,L,297.9,307.5,1561,37.7,16,0,0,0,0,0,0,9.600000000000023,0,Medium,Medium,Low,No
1690,1690,1691,M16550,M,297.9,307.4,1435,42.9,18,0,0,0,0,0,0,9.5,0,Medium,Medium,Low,No
1691,1691,1692,L48871,L,297.9,307.5,1602,38.3,21,0,0,0,0,0,0,9.600000000000023,0,Medium,Medium,Low,No
1692,1692,1693,M16552,M,298.1,307.6,1764,27.7,23,0,0,0,0,0,0,9.5,0,Medium,High,Low,No
1693,1693,1694,H31107,H,298.0,307.5,1683,27.8,26,0,0,0,0,0,0,9.5,0,Medium,High,Low,No
1694,1694,1695,L48874,L,298.0,307.5,1618,35.2,31,0,0,0,0,0,0,9.5,0,Medium,Medium,Low,No
1695,1695,1696,L48875,L,298.0,307.6,1509,41.6,33,0,0,0,0,0,0,9.600000000000023,0,Medium,Medium,Low,No
1696,1696,1697,L48876,L,297.9,307.6,1550,39.0,35,0,0,0,0,0,0,9.700000000000045,0,Medium,Medium,Low,No
1697,1697,1698,M16557,M,297.9,307.6,1519,44.0,37,0,0,0,0,0,0,9.700000000000045,0,Medium,Medium,Low,No
1698,1698,1699,L48878,L,297.9,307.6,1481,38.0,40,0,0,0,0,0,0,9.700000000000045,0,Medium,Medium,Low,No
1699,1699,1700,L48879,L,298.1,307.7,1289,48.3,42,0,0,0,0,0,0,9.599999999999966,0,High,Medium,Low,No
1700,1700,1701,M16560,M,298.0,307.6,1844,23.8,44,0,0,0,0,0,0,9.600000000000023,0,Low,High,Low,No
1701,1701,1702,L48881,L,298.0,307.7,1479,42.5,47,0,0,0,0,0,0,9.699999999999989,0,Medium,Medium,Low,No
1702,1702,1703,L48882,L,298.0,307.7,1430,47.3,49,0,0,0,0,0,0,9.699999999999989,0,High,Medium,Low,No
1703,1703,1704,M16563,M,298.1,307.8,1636,36.7,51,0,0,0,0,0,0,9.699999999999989,0,Medium,Medium,Low,No
1704,1704,1705,M16564,M,298.1,307.8,1503,44.7,54,0,0,0,0,0,0,9.699999999999989,0,Medium,Medium,Low,No
1705,1705,1706,M16565,M,298.1,307.8,1608,32.6,57,0,0,0,0,0,0,9.699999999999989,0,Medium,Medium,Low,No
1706,1706,1707,L48886,L,298.2,307.8,1521,42.9,60,0,0,0,0,0,0,9.600000000000023,0,Medium,Medium,Low,No
1707,1707,1708,L48887,L,298.2,307.8,1439,41.6,62,0,0,0,0,0,0,9.600000000000023,0,Medium,Medium,Low,No
1708,1708,1709,L48888,L,298.2,307.8,1627,31.5,64,0,0,0,0,0,0,9.600000000000023,0,Medium,Medium,Low,No
1709,1709,1710,L48889,L,298.2,307.8,1749,26.1,66,0,0,0,0,0,0,9.600000000000023,0,Medium,High,Low,No
1710,1710,1711,L48890,L,298.2,307.8,1530,35.9,68,0,0,0,0,0,0,9.600000000000023,0,Medium,Medium,Low,No
1711,1711,1712,L48891,L,298.2,307.8,1355,51.3,70,0,0,0,0,0,0,9.600000000000023,0,High,Medium,Low,No
1712,1712,1713,L48892,L,298.3,307.9,1551,33.8,72,0,0,0,0,0,0,9.599999999999966,0,Medium,Medium,Low,No
1713,1713,1714,L48893,L,298.2,307.8,1515,46.7,74,0,0,0,0,0,0,9.600000000000023,0,High,Medium,Low,No
1714,1714,1715,L48894,L,298.2,307.8,1388,48.6,76,0,0,0,0,0,0,9.600000000000023,0,High,Medium,Low,No
1715,1715,1716,L48895,L,298.2,307.8,1585,34.6,78,0,0,0,0,0,0,9.600000000000023,0,Medium,Medium,Low,No
1716,1716,1717,L48896,L,298.1,307.7,1523,37.7,80,0,0,0,0,0,0,9.599999999999966,0,Medium,Medium,Low,No
1717,1717,1718,L48897,L,298.2,307.6,1369,54.5,82,0,0,0,0,0,0,9.400000000000034,0,High,Medium,Medium,No
1718,1718,1719,M16578,M,298.2,307.7,1681,31.0,84,0,0,0,0,0,0,9.5,0,Medium,High,Medium,No
1719,1719,1720,L48899,L,298.2,307.7,1503,38.3,87,0,0,0,0,0,0,9.5,0,Medium,Medium,Medium,No
1720,1720,1721,L48900,L,298.2,307.7,1459,44.5,89,0,0,0,0,0,0,9.5,0,Medium,Medium,Medium,No
1721,1721,1722,L48901,L,298.2,307.7,1688,32.4,91,0,0,0,0,0,0,9.5,0,Medium,High,Medium,No
1722,1722,1723,M16582,M,298.2,307.7,1952,21.6,93,0,0,0,0,0,0,9.5,0,Low,High,Medium,No
1723,1723,1724,L48903,L,298.2,307.8,2029,19.9,96,0,0,0,0,0,0,9.600000000000023,0,Low,High,Medium,No
1724,1724,1725,M16584,M,298.3,307.8,1457,52.5,98,0,0,0,0,0,0,9.5,0,High,Medium,Medium,No
1725,1725,1726,M16585,M,298.3,307.8,1392,50.4,101,0,0,0,0,0,0,9.5,0,High,Medium,Medium,No
1726,1726,1727,L48906,L,298.3,307.8,1906,22.1,104,0,0,0,0,0,0,9.5,0,Low,High,Medium,No
1727,1727,1728,M16587,M,298.3,307.7,1602,33.4,106,0,0,0,0,0,0,9.399999999999977,0,Medium,Medium,Medium,No
1728,1728,1729,L48908,L,298.3,307.7,1465,49.4,109,0,0,0,0,0,0,9.399999999999977,0,High,Medium,Medium,No
1729,1729,1730,M16589,M,298.3,307.7,1439,43.8,111,0,0,0,0,0,0,9.399999999999977,0,Medium,Medium,Medium,No
1730,1730,1731,M16590,M,298.3,307.8,1330,55.4,114,0,0,0,0,0,0,9.5,0,High,Medium,Medium,No
1731,1731,1732,M16591,M,298.3,307.9,1485,42.0,117,0,0,0,0,0,0,9.599999999999966,0,Medium,Medium,Medium,No
1732,1732,1733,H31146,H,298.4,307.9,1700,28.2,120,0,0,0,0,0,0,9.5,0,Medium,High,Medium,No
1733,1733,1734,L48913,L,298.4,308.0,1515,42.8,125,0,0,0,0,0,0,9.600000000000023,0,Medium,Medium,Medium,No
1734,1734,1735,M16594,M,298.5,308.1,1501,39.2,127,0,0,0,0,0,0,9.600000000000023,0,Medium,Medium,Medium,No
1735,1735,1736,L48915,L,298.4,308.0,1380,47.6,130,0,0,0,0,0,0,9.600000000000023,0,High,Medium,Medium,No
1736,1736,1737,L48916,L,298.4,307.9,1544,35.9,132,0,0,0,0,0,0,9.5,0,Medium,Medium,High,No
1737,1737,1738,L48917,L,298.4,307.9,1743,27.3,134,0,0,0,0,0,0,9.5,0,Medium,High,High,No
1738,1738,1739,H31152,H,298.4,307.9,1948,21.4,136,0,0,0,0,0,0,9.5,0,Low,High,High,No
1739,1739,1740,H31153,H,298.5,307.9,1260,54.2,141,0,0,0,0,0,0,9.399999999999977,0,High,Medium,High,No
1740,1740,1741,M16600,M,298.5,307.9,1640,33.1,146,0,0,0,0,0,0,9.399999999999977,0,Medium,Medium,High,No
1741,1741,1742,M16601,M,298.5,308.0,1363,49.2,149,0,0,0,0,0,0,9.5,0,High,Medium,High,No
1742,1742,1743,L48922,L,298.5,308.0,1379,49.6,152,0,0,0,0,0,0,9.5,0,High,Medium,High,No
1743,1743,1744,M16603,M,298.5,308.0,1713,25.8,154,0,0,0,0,0,0,9.5,0,High,High,High,No
1744,1744,1745,M16604,M,298.5,308.0,1461,51.9,157,0,0,0,0,0,0,9.5,0,High,Medium,High,No
1745,1745,1746,L48925,L,298.5,308.0,1624,29.8,160,0,0,0,0,0,0,9.5,0,Medium,Medium,High,No
1746,1746,1747,L48926,L,298.4,308.0,1526,41.1,162,0,0,0,0,0,0,9.600000000000023,0,Medium,Medium,High,No
1747,1747,1748,L48927,L,298.4,307.9,2381,14.2,164,0,0,0,0,0,0,9.5,0,Low,High,High,No
1748,1748,1749,H31162,H,298.4,307.7,1626,31.1,166,0,0,0,0,0,1,9.300000000000011,1,Medium,Medium,High,No
1749,1749,1750,L48929,L,298.3,307.7,1576,33.8,171,0,0,0,0,0,0,9.399999999999977,0,Medium,Medium,High,No
1750,1750,1751,M16610,M,298.4,307.8,1617,31.6,173,0,0,0,0,0,0,9.400000000000034,0,Medium,Medium,High,No
1751,1751,1752,L48931,L,298.3,307.6,1942,20.6,176,0,0,0,0,0,0,9.300000000000011,0,Low,High,High,No
1752,1752,1753,L48932,L,298.2,307.6,1492,37.2,178,0,0,0,0,0,0,9.400000000000034,0,Medium,Medium,High,No
1753,1753,1754,L48933,L,298.2,307.5,1470,51.3,180,0,0,0,0,0,0,9.300000000000011,0,High,Medium,High,No
1754,1754,1755,M16614,M,298.0,307.4,1463,46.5,182,0,0,0,0,0,0,9.399999999999977,0,High,Medium,High,No
1755,1755,1756,L48935,L,298.0,307.3,1424,46.5,185,0,0,0,0,0,0,9.300000000000011,0,High,Medium,High,No
1756,1756,1757,M16616,M,298.1,307.4,1363,60.1,187,0,0,0,0,0,0,9.299999999999955,0,High,Medium,High,No
1757,1757,1758,M16617,M,298.1,307.4,1335,56.2,190,0,0,0,0,0,0,9.299999999999955,0,High,Medium,High,No
1758,1758,1759,L48938,L,298.1,307.4,1608,33.9,193,0,0,0,0,0,0,9.299999999999955,0,Medium,Medium,High,No
1759,1759,1760,H31173,H,298.0,307.4,1606,35.2,195,0,0,0,0,0,0,9.399999999999977,0,Medium,Medium,High,No
1760,1760,1761,L48940,L,298.1,307.5,1684,33.1,200,0,0,0,0,0,0,9.399999999999977,0,Medium,High,High,No
1761,1761,1762,L48941,L,298.1,307.6,1950,20.3,202,0,0,0,0,0,0,9.5,0,Low,High,High,No
1762,1762,1763,H31176,H,298.2,307.6,1460,48.6,204,0,0,0,0,0,0,9.400000000000034,0,High,Medium,High,No
1763,1763,1764,L48943,L,298.2,307.6,1511,31.0,209,1,1,0,0,0,0,9.400000000000034,1,Medium,Medium,High,No
1764,1764,1765,H31178,H,298.2,307.6,1318,55.7,0,0,0,0,0,0,0,9.400000000000034,0,High,Medium,Low,No
1765,1765,1766,L48945,L,298.2,307.6,1368,51.8,5,0,0,0,0,0,0,9.400000000000034,0,High,Medium,Low,No
1766,1766,1767,M16626,M,298.3,307.7,1717,27.1,7,0,0,0,0,0,0,9.399999999999977,0,Medium,High,Low,No
1767,1767,1768,M16627,M,298.3,307.7,1520,41.4,10,0,0,0,0,0,0,9.399999999999977,0,Medium,Medium,Low,No
1768,1768,1769,M16628,M,298.3,307.8,1485,42.0,13,0,0,0,0,0,0,9.5,0,Medium,Medium,Low,No
1769,1769,1770,L48949,L,298.4,307.9,1981,23.2,16,0,0,0,0,0,0,9.5,0,Low,High,Low,No
1770,1770,1771,H31184,H,298.4,307.9,1605,31.0,18,0,0,0,0,0,0,9.5,0,Medium,Medium,Low,No
1771,1771,1772,L48951,L,298.4,307.9,1446,45.3,23,0,0,0,0,0,0,9.5,0,High,Medium,Low,No
1772,1772,1773,L48952,L,298.4,308.0,1508,47.9,25,0,0,0,0,0,0,9.600000000000023,0,High,Medium,Low,No
1773,1773,1774,L48953,L,298.5,308.0,1384,59.5,27,0,0,0,0,0,0,9.5,0,High,Medium,Low,No
1774,1774,1775,M16634,M,298.5,308.0,1519,37.3,29,0,0,0,0,0,0,9.5,0,Medium,Medium,Low,No
1775,1775,1776,L48955,L,298.5,308.0,1404,48.1,32,0,0,0,0,0,0,9.5,0,High,Medium,Low,No
1776,1776,1777,L48956,L,298.5,308.1,1564,31.1,34,0,0,0,0,0,0,9.600000000000023,0,Medium,Medium,Low,No
1777,1777,1778,H31191,H,298.6,308.2,1555,36.8,36,0,0,0,0,0,0,9.599999999999966,0,Medium,Medium,Low,No
1778,1778,1779,L48958,L,298.6,308.2,1325,54.0,41,0,0,0,0,0,0,9.599999999999966,0,High,Medium,Low,No
1779,1779,1780,M16639,M,298.6,308.2,1488,44.0,43,0,0,0,0,0,0,9.599999999999966,0,Medium,Medium,Low,No
1780,1780,1781,L48960,L,298.5,308.2,1595,32.3,46,0,0,0,0,0,0,9.699999999999989,0,Medium,Medium,Low,No
1781,1781,1782,L48961,L,298.5,308.1,1662,28.6,48,0,0,0,0,0,0,9.600000000000023,0,Medium,High,Low,No
1782,1782,1783,L48962,L,298.4,308.0,1571,37.4,50,0,0,0,0,0,0,9.600000000000023,0,Medium,Medium,Low,No
1783,1783,1784,H31197,H,298.3,308.0,1553,41.0,52,0,0,0,0,0,0,9.699999999999989,0,Medium,Medium,Low,No
1784,1784,1785,L48964,L,298.3,308.0,2886,3.8,57,1,0,0,1,0,0,9.699999999999989,1,Low,High,Low,No
1785,1785,1786,L48965,L,298.2,308.0,1538,38.2,59,0,0,0,0,0,0,9.800000000000011,0,Medium,Medium,Low,No
1786,1786,1787,L48966,L,298.4,308.2,1618,33.0,61,0,0,0,0,0,0,9.800000000000011,0,Medium,Medium,Low,No
1787,1787,1788,L48967,L,298.4,308.2,1364,45.9,63,0,0,0,0,0,0,9.800000000000011,0,High,Medium,Low,No
1788,1788,1789,L48968,L,298.3,308.0,1442,47.3,65,0,0,0,0,0,0,9.699999999999989,0,High,Medium,Low,No
1789,1789,1790,L48969,L,298.2,307.9,1313,67.3,67,1,0,0,1,0,0,9.699999999999989,1,High,Medium,Low,No
1790,1790,1791,L48970,L,298.2,307.9,1847,23.6,69,0,0,0,0,0,0,9.699999999999989,0,Low,High,Low,No
1791,1791,1792,L48971,L,298.1,307.8,1524,40.8,71,0,0,0,0,0,0,9.699999999999989,0,Medium,Medium,Low,No
1792,1792,1793,M16652,M,298.1,307.7,1445,48.0,73,0,0,0,0,0,0,9.599999999999966,0,High,Medium,Low,No
1793,1793,1794,L48973,L,298.1,307.8,1761,28.2,76,0,0,0,0,0,0,9.699999999999989,0,Medium,High,Low,No
1794,1794,1795,M16654,M,298.1,307.8,1514,43.5,78,0,0,0,0,0,0,9.699999999999989,0,Medium,Medium,Low,No
1795,1795,1796,M16655,M,298.1,307.7,1498,38.3,81,0,0,0,0,0,0,9.599999999999966,0,Medium,Medium,Medium,No
1796,1796,1797,H31210,H,298.1,307.6,1542,37.1,84,0,0,0,0,0,0,9.5,0,Medium,Medium,Medium,No
1797,1797,1798,M16657,M,298.0,307.6,1508,41.8,89,0,0,0,0,0,0,9.600000000000023,0,Medium,Medium,Medium,No
1798,1798,1799,M16658,M,298.0,307.5,1431,52.9,92,0,0,0,0,0,0,9.5,0,High,Medium,Medium,No
1799,1799,1800,M16659,M,298.0,307.5,1427,45.1,95,0,0,0,0,0,0,9.5,0,High,Medium,Medium,No
1800,1800,1801,M16660,M,298.0,307.5,1524,36.3,98,0,0,0,0,0,0,9.5,0,Medium,Medium,Medium,No
1801,1801,1802,M16661,M,298.0,307.5,1427,43.6,101,0,0,0,0,0,0,9.5,0,Medium,Medium,Medium,No
1802,1802,1803,H31216,H,298.1,307.6,1496,44.1,104,0,0,0,0,0,0,9.5,0,Medium,Medium,Medium,No
1803,1803,1804,L48983,L,298.1,307.7,1388,40.3,109,0,0,0,0,0,0,9.599999999999966,0,Medium,Medium,Medium,No
1804,1804,1805,L48984,L,298.1,307.7,1495,48.1,111,0,0,0,0,0,0,9.599999999999966,0,High,Medium,Medium,No
1805,1805,1806,H31219,H,298.1,307.7,1376,56.2,113,0,0,0,0,0,0,9.599999999999966,0,High,Medium,Medium,No
1806,1806,1807,H31220,H,298.0,307.6,1593,32.2,118,0,0,0,0,0,0,9.600000000000023,0,Medium,Medium,Medium,No
1807,1807,1808,L48987,L,298.0,307.6,1654,28.9,123,0,0,0,0,0,0,9.600000000000023,0,Medium,High,Medium,No
1808,1808,1809,L48988,L,298.1,307.7,2567,12.8,125,1,0,0,1,0,0,9.599999999999966,1,Low,High,Medium,No
1809,1809,1810,L48989,L,298.1,307.7,1767,27.0,127,0,0,0,0,0,0,9.599999999999966,0,Medium,High,Medium,No
1810,1810,1811,L48990,L,298.1,307.6,1364,53.8,129,0,0,0,0,0,0,9.5,0,High,Medium,Medium,No
1811,1811,1812,M16671,M,298.1,307.8,1569,31.2,131,0,0,0,0,0,0,9.699999999999989,0,Medium,Medium,High,No
1812,1812,1813,L48992,L,298.2,307.8,1476,36.8,134,0,0,0,0,0,0,9.600000000000023,0,Medium,Medium,High,No
1813,1813,1814,L48993,L,298.1,307.7,1479,45.0,136,0,0,0,0,0,0,9.599999999999966,0,Medium,Medium,High,No
1814,1814,1815,L48994,L,298.1,307.7,1650,34.1,138,0,0,0,0,0,0,9.599999999999966,0,Medium,Medium,High,No
1815,1815,1816,M16675,M,298.1,307.6,1565,36.3,140,0,0,0,0,0,0,9.5,0,Medium,Medium,High,No
1816,1816,1817,L48996,L,298.1,307.6,1460,46.5,143,0,0,0,0,0,0,9.5,0,High,Medium,High,No
1817,1817,1818,L48997,L,298.1,307.7,1664,27.6,145,0,0,0,0,0,0,9.599999999999966,0,Medium,High,High,No
1818,1818,1819,M16678,M,298.1,307.7,1435,40.9,147,0,0,0,0,0,0,9.599999999999966,0,Medium,Medium,High,No
1819,1819,1820,M16679,M,298.1,307.6,2066,19.2,150,0,0,0,0,0,0,9.5,0,Low,High,High,No
1820,1820,1821,L49000,L,298.1,307.5,1493,43.7,153,0,0,0,0,0,0,9.399999999999977,0,Medium,Medium,High,No
1821,1821,1822,L49001,L,298.1,307.6,1354,43.3,155,0,0,0,0,0,0,9.5,0,Medium,Medium,High,No
1822,1822,1823,L49002,L,298.1,307.6,1488,39.4,157,0,0,0,0,0,0,9.5,0,Medium,Medium,High,No
1823,1823,1824,L49003,L,298.1,307.7,1414,48.7,159,0,0,0,0,0,0,9.599999999999966,0,High,Medium,High,No
1824,1824,1825,L49004,L,298.1,307.5,1391,57.4,161,0,0,0,0,0,0,9.399999999999977,0,High,Medium,High,No
1825,1825,1826,M16685,M,298.0,307.5,1784,27.8,163,0,0,0,0,0,0,9.5,0,Medium,High,High,No
1826,1826,1827,H31240,H,297.8,307.3,1516,40.1,166,0,0,0,0,0,0,9.5,0,Medium,Medium,High,No
1827,1827,1828,M16687,M,297.9,307.3,1420,47.8,171,0,0,0,0,0,0,9.400000000000034,0,High,Medium,High,No
1828,1828,1829,L49008,L,297.8,307.2,1351,56.3,174,0,0,0,0,0,0,9.399999999999977,0,High,Medium,High,No
1829,1829,1830,L49009,L,297.8,307.2,1880,23.0,176,0,0,0,0,0,0,9.399999999999977,0,Low,High,High,No
1830,1830,1831,L49010,L,297.8,307.3,1859,24.0,178,0,0,0,0,0,0,9.5,0,Low,High,High,No
1831,1831,1832,M16691,M,297.8,307.3,1315,54.0,180,0,0,0,0,0,0,9.5,0,High,Medium,High,No
1832,1832,1833,M16692,M,297.8,307.4,1330,51.7,183,0,0,0,0,0,0,9.599999999999966,0,High,Medium,High,No
1833,1833,1834,L49013,L,297.8,307.3,1327,61.0,186,1,0,0,0,1,0,9.5,1,High,Medium,High,No
1834,1834,1835,L49014,L,297.8,307.2,1498,38.1,188,0,0,0,0,0,0,9.399999999999977,0,Medium,Medium,High,No
1835,1835,1836,H31249,H,297.8,307.3,1555,35.8,190,0,0,0,0,0,0,9.5,0,Medium,Medium,High,No
1836,1836,1837,L49016,L,297.7,307.2,1518,35.8,195,0,0,0,0,0,0,9.5,0,Medium,Medium,High,No
1837,1837,1838,L49017,L,297.7,307.2,1392,43.0,197,0,0,0,0,0,0,9.5,0,Medium,Medium,High,No
1838,1838,1839,M16698,M,297.8,307.2,1456,39.6,199,0,0,0,0,0,0,9.399999999999977,0,Medium,Medium,High,No
1839,1839,1840,L49019,L,297.7,307.1,1715,30.2,0,0,0,0,0,0,0,9.400000000000034,0,Medium,High,Low,No
1840,1840,1841,M16700,M,297.7,307.2,1405,43.7,2,0,0,0,0,0,0,9.5,0,Medium,Medium,Low,No
1841,1841,1842,L49021,L,297.7,307.2,1668,37.8,5,0,0,0,0,0,0,9.5,0,Medium,High,Low,No
1842,1842,1843,H31256,H,297.7,307.1,1855,22.5,7,0,0,0,0,0,0,9.400000000000034,0,Low,High,Low,No
1843,1843,1844,L49023,L,297.6,307.1,1496,39.2,12,0,0,0,0,0,0,9.5,0,Medium,Medium,Low,No
1844,1844,1845,M16704,M,297.6,307.1,1471,44.9,14,0,0,0,0,0,0,9.5,0,Medium,Medium,Low,No
1845,1845,1846,L49025,L,297.7,307.2,1444,40.0,17,0,0,0,0,0,0,9.5,0,Medium,Medium,Low,No
1846,1846,1847,H31260,H,297.7,307.3,1514,38.6,19,0,0,0,0,0,0,9.600000000000023,0,Medium,Medium,Low,No
1847,1847,1848,L49027,L,297.8,307.3,1412,50.7,24,0,0,0,0,0,0,9.5,0,High,Medium,Low,No
1848,1848,1849,H31262,H,297.7,307.2,1429,44.1,26,0,0,0,0,0,0,9.5,0,Medium,Medium,Low,No
1849,1849,1850,L49029,L,297.7,307.2,1668,32.7,31,0,0,0,0,0,0,9.5,0,Medium,High,Low,No
1850,1850,1851,M16710,M,297.7,307.2,1372,52.8,33,0,0,0,0,0,0,9.5,0,High,Medium,Low,No
1851,1851,1852,M16711,M,297.7,307.3,1365,49.2,36,0,0,0,0,0,0,9.600000000000023,0,High,Medium,Low,No
1852,1852,1853,M16712,M,297.6,307.1,1526,39.1,39,0,0,0,0,0,0,9.5,0,Medium,Medium,Low,No
1853,1853,1854,L49033,L,297.6,307.2,1486,40.6,42,0,0,0,0,0,0,9.599999999999966,0,Medium,Medium,Low,No
1854,1854,1855,M16714,M,297.6,307.2,1470,42.6,44,0,0,0,0,0,0,9.599999999999966,0,Medium,Medium,Low,No
1855,1855,1856,H31269,H,297.7,307.3,1249,62.8,47,0,0,0,0,0,0,9.600000000000023,0,High,Low,Low,No
1856,1856,1857,M16716,M,297.8,307.4,1752,26.1,52,0,0,0,0,0,0,9.599999999999966,0,Medium,High,Low,No
1857,1857,1858,L49037,L,297.7,307.4,1643,36.5,55,0,0,0,0,0,0,9.699999999999989,0,Medium,Medium,Low,No
1858,1858,1859,M16718,M,297.8,307.4,1488,36.1,57,0,0,0,0,0,0,9.599999999999966,0,Medium,Medium,Low,No
1859,1859,1860,L49039,L,297.8,307.4,1355,45.8,60,0,0,0,0,0,0,9.599999999999966,0,High,Medium,Low,No
1860,1860,1861,L49040,L,297.8,307.6,1607,30.3,62,0,0,0,0,0,0,9.800000000000011,0,Medium,Medium,Low,No
1861,1861,1862,M16721,M,297.9,307.6,1609,30.3,64,0,0,0,0,0,0,9.700000000000045,0,Medium,Medium,Low,No
1862,1862,1863,L49042,L,297.9,307.7,1517,44.4,67,0,0,0,0,0,0,9.800000000000011,0,Medium,Medium,Low,No
1863,1863,1864,M16723,M,297.9,307.7,1517,39.5,69,0,0,0,0,0,0,9.800000000000011,0,Medium,Medium,Low,No
1864,1864,1865,L49044,L,297.9,307.7,1546,37.6,72,0,0,0,0,0,0,9.800000000000011,0,Medium,Medium,Low,No
1865,1865,1866,L49045,L,297.9,307.7,1567,34.7,74,0,0,0,0,0,0,9.800000000000011,0,Medium,Medium,Low,No
1866,1866,1867,M16726,M,298.1,307.9,1662,28.9,76,0,0,0,0,0,0,9.799999999999955,0,Medium,High,Low,No
1867,1867,1868,L49047,L,298.1,307.9,1502,41.8,79,0,0,0,0,0,0,9.799999999999955,0,Medium,Medium,Low,No
1868,1868,1869,L49048,L,298.3,308.0,1361,56.9,81,0,0,0,0,0,0,9.699999999999989,0,High,Medium,Medium,No
1869,1869,1870,M16729,M,298.3,308.1,1630,32.7,83,0,0,0,0,0,0,9.800000000000011,0,Medium,Medium,Medium,No
1870,1870,1871,L49050,L,298.3,308.0,1486,42.3,86,0,0,0,0,0,0,9.699999999999989,0,Medium,Medium,Medium,No
1871,1871,1872,L49051,L,298.3,308.1,1840,21.5,88,0,0,0,0,0,0,9.800000000000011,0,Low,High,Medium,No
1872,1872,1873,L49052,L,298.3,308.1,1326,58.4,90,0,0,0,0,0,0,9.800000000000011,0,High,Medium,Medium,No
1873,1873,1874,L49053,L,298.4,308.1,1367,57.8,92,0,0,0,0,0,0,9.700000000000045,0,High,Medium,Medium,No
1874,1874,1875,L49054,L,298.4,308.1,1598,32.7,94,0,0,0,0,0,0,9.700000000000045,0,Medium,Medium,Medium,No
1875,1875,1876,L49055,L,298.3,308.0,1363,50.1,96,0,0,0,0,0,0,9.699999999999989,0,High,Medium,Medium,No
1876,1876,1877,L49056,L,298.3,308.0,1242,62.0,98,0,0,0,0,0,0,9.699999999999989,0,High,Low,Medium,No
1877,1877,1878,M16737,M,298.2,307.8,1566,33.8,100,0,0,0,0,0,0,9.600000000000023,0,Medium,Medium,Medium,No
1878,1878,1879,M16738,M,298.1,307.7,1424,47.7,103,0,0,0,0,0,0,9.599999999999966,0,High,Medium,Medium,No
1879,1879,1880,M16739,M,298.2,307.7,1608,33.8,106,0,0,0,0,0,0,9.5,0,Medium,Medium,Medium,No
1880,1880,1881,L49060,L,298.1,307.7,1705,29.1,109,0,0,0,0,0,0,9.599999999999966,0,Medium,High,Medium,No
1881,1881,1882,L49061,L,298.0,307.6,1548,45.8,111,0,0,0,0,0,0,9.600000000000023,0,High,Medium,Medium,No
1882,1882,1883,M16742,M,298.0,307.6,1581,43.4,113,0,0,0,0,0,0,9.600000000000023,0,Medium,Medium,Medium,No
1883,1883,1884,M16743,M,298.0,307.6,1472,46.7,116,0,0,0,0,0,0,9.600000000000023,0,High,Medium,Medium,No
1884,1884,1885,M16744,M,298.0,307.6,1792,26.0,119,0,0,0,0,0,0,9.600000000000023,0,Medium,High,Medium,No
1885,1885,1886,L49065,L,298.0,307.6,1683,32.8,122,0,0,0,0,0,0,9.600000000000023,0,Medium,High,Medium,No
1886,1886,1887,L49066,L,297.9,307.6,1503,40.7,124,0,0,0,0,0,0,9.700000000000045,0,Medium,Medium,Medium,No
1887,1887,1888,M16747,M,297.9,307.5,1642,32.4,126,0,0,0,0,0,0,9.600000000000023,0,Medium,Medium,Medium,No
1888,1888,1889,M16748,M,297.8,307.4,1902,24.3,129,0,0,0,0,0,0,9.599999999999966,0,Low,High,Medium,No
1889,1889,1890,H31303,H,297.7,307.4,1432,40.2,132,0,0,0,0,0,0,9.699999999999989,0,Medium,Medium,High,No
1890,1890,1891,L49070,L,297.8,307.4,1512,40.8,137,0,0,0,0,0,0,9.599999999999966,0,Medium,Medium,High,No
1891,1891,1892,L49071,L,297.7,307.4,1764,29.0,139,0,0,0,0,0,0,9.699999999999989,0,Medium,High,High,No
1892,1892,1893,M16752,M,297.8,307.4,1438,43.6,141,0,0,0,0,0,0,9.599999999999966,0,Medium,Medium,High,No
1893,1893,1894,L49073,L,297.8,307.5,1631,29.9,144,0,0,0,0,0,0,9.699999999999989,0,Medium,Medium,High,No
1894,1894,1895,H31308,H,297.9,307.5,1880,23.3,146,0,0,0,0,0,0,9.600000000000023,0,Low,High,High,No
1895,1895,1896,L49075,L,297.9,307.6,1344,54.3,151,0,0,0,0,0,0,9.700000000000045,0,High,Medium,High,No
1896,1896,1897,L49076,L,297.9,307.5,1574,35.8,153,0,0,0,0,0,0,9.600000000000023,0,Medium,Medium,High,No
1897,1897,1898,L49077,L,297.8,307.4,1418,41.2,155,0,0,0,0,0,0,9.599999999999966,0,Medium,Medium,High,No
1898,1898,1899,L49078,L,297.8,307.5,1372,54.1,157,0,0,0,0,0,0,9.699999999999989,0,High,Medium,High,No
1899,1899,1900,L49079,L,297.8,307.5,1388,40.0,159,0,0,0,0,0,0,9.699999999999989,0,Medium,Medium,High,No
1900,1900,1901,H31314,H,297.9,307.6,1493,36.0,161,0,0,0,0,0,0,9.700000000000045,0,Medium,Medium,High,No
1901,1901,1902,M16761,M,297.9,307.6,1505,40.1,166,0,0,0,0,0,0,9.700000000000045,0,Medium,Medium,High,No
1902,1902,1903,L49082,L,298.0,307.6,1694,29.1,169,0,0,0,0,0,0,9.600000000000023,0,Medium,High,High,No
1903,1903,1904,L49083,L,297.9,307.6,1968,20.4,171,0,0,0,0,0,0,9.700000000000045,0,Low,High,High,No
1904,1904,1905,M16764,M,298.0,307.6,1569,35.6,173,0,0,0,0,0,0,9.600000000000023,0,Medium,Medium,High,No
1905,1905,1906,L49085,L,297.9,307.6,1687,29.1,176,0,0,0,0,0,0,9.700000000000045,0,Medium,High,High,No
1906,1906,1907,L49086,L,297.9,307.6,1430,52.4,178,0,0,0,0,0,0,9.700000000000045,0,High,Medium,High,No
1907,1907,1908,L49087,L,297.9,307.6,1504,42.4,180,0,0,0,0,0,0,9.700000000000045,0,Medium,Medium,High,No
1908,1908,1909,L49088,L,297.9,307.6,1977,20.2,182,0,0,0,0,0,0,9.700000000000045,0,Low,High,High,No
1909,1909,1910,L49089,L,298.0,307.7,1435,45.6,184,0,0,0,0,0,0,9.699999999999989,0,High,Medium,High,No
1910,1910,1911,H31324,H,298.0,307.7,1547,36.8,186,0,0,0,0,0,0,9.699999999999989,0,Medium,Medium,High,No
1911,1911,1912,M16771,M,298.1,307.8,1316,57.2,191,0,0,0,0,0,0,9.699999999999989,0,High,Medium,High,No
1912,1912,1913,M16772,M,298.0,307.7,1621,34.9,194,0,0,0,0,0,0,9.699999999999989,0,Medium,Medium,High,No
1913,1913,1914,M16773,M,298.0,307.8,1492,40.2,197,0,0,0,0,0,0,9.800000000000011,0,Medium,Medium,High,No
1914,1914,1915,L49094,L,298.0,307.7,1643,32.3,200,0,0,0,0,0,0,9.699999999999989,0,Medium,Medium,High,No
1915,1915,1916,L49095,L,298.0,307.7,1492,38.7,202,0,0,0,0,0,0,9.699999999999989,0,Medium,Medium,High,No
1916,1916,1917,L49096,L,298.0,307.7,1387,50.8,204,0,0,0,0,0,0,9.699999999999989,0,High,Medium,High,No
1917,1917,1918,M16777,M,298.1,307.9,1463,47.3,206,0,0,0,0,0,0,9.799999999999955,0,High,Medium,High,No
1918,1918,1919,M16778,M,298.1,307.9,1496,40.0,0,0,0,0,0,0,0,9.799999999999955,0,Medium,Medium,Low,No
1919,1919,1920,L49099,L,298.2,308.0,1658,30.0,3,0,0,0,0,0,0,9.800000000000011,0,Medium,High,Low,No
1920,1920,1921,L49100,L,298.1,307.9,2161,17.5,5,0,0,0,0,0,0,9.799999999999955,0,Low,High,Low,No
1921,1921,1922,L49101,L,298.1,307.9,1665,32.0,7,0,0,0,0,0,0,9.799999999999955,0,Medium,High,Low,No
1922,1922,1923,L49102,L,298.0,307.8,1716,26.6,9,0,0,0,0,0,0,9.800000000000011,0,Medium,High,Low,No
1923,1923,1924,L49103,L,298.0,307.7,1529,34.1,11,0,0,0,0,0,0,9.699999999999989,0,Medium,Medium,Low,No
1924,1924,1925,L49104,L,297.9,307.7,1353,50.7,13,0,0,0,0,0,0,9.800000000000011,0,High,Medium,Low,No
1925,1925,1926,L49105,L,297.9,307.7,1537,37.7,15,0,0,0,0,0,0,9.800000000000011,0,Medium,Medium,Low,No
1926,1926,1927,L49106,L,298.0,307.7,1606,30.8,17,0,0,0,0,0,0,9.699999999999989,0,Medium,Medium,Low,No
1927,1927,1928,H31341,H,298.0,307.8,1314,47.8,19,0,0,0,0,0,0,9.800000000000011,0,High,Medium,Low,No
1928,1928,1929,L49108,L,298.0,307.8,1623,29.9,24,0,0,0,0,0,0,9.800000000000011,0,Medium,Medium,Low,No
1929,1929,1930,M16789,M,298.0,307.8,1483,50.9,26,0,0,0,0,0,0,9.800000000000011,0,High,Medium,Low,No
1930,1930,1931,M16790,M,298.1,307.9,1569,37.0,29,0,0,0,0,0,0,9.799999999999955,0,Medium,Medium,Low,No
1931,1931,1932,M16791,M,298.2,308.0,1969,21.7,32,0,0,0,0,0,0,9.800000000000011,0,Low,High,Low,No
1932,1932,1933,M16792,M,298.1,308.0,1686,29.3,35,0,0,0,0,0,0,9.899999999999977,0,Medium,High,Low,No
1933,1933,1934,L49113,L,298.1,308.0,1638,35.1,38,0,0,0,0,0,0,9.899999999999977,0,Medium,Medium,Low,No
1934,1934,1935,L49114,L,298.1,307.9,1698,33.3,40,0,0,0,0,0,0,9.799999999999955,0,Medium,High,Low,No
1935,1935,1936,M16795,M,298.1,307.9,1377,55.1,42,0,0,0,0,0,0,9.799999999999955,0,High,Medium,Low,No
1936,1936,1937,M16796,M,298.1,308.0,2129,18.4,45,0,0,0,0,0,0,9.899999999999977,0,Low,High,Low,No
1937,1937,1938,L49117,L,298.2,308.0,1411,42.4,48,0,0,0,0,0,0,9.800000000000011,0,Medium,Medium,Low,No
1938,1938,1939,L49118,L,298.1,307.9,1517,40.8,50,0,0,0,0,0,0,9.799999999999955,0,Medium,Medium,Low,No
1939,1939,1940,M16799,M,298.1,307.9,1303,53.9,52,0,0,0,0,0,0,9.799999999999955,0,High,Medium,Low,No
1940,1940,1941,L49120,L,298.1,307.9,1578,35.6,55,0,0,0,0,0,0,9.799999999999955,0,Medium,Medium,Low,No
1941,1941,1942,L49121,L,298.1,307.9,1425,58.2,57,0,0,0,0,0,0,9.799999999999955,0,High,Medium,Low,No
1942,1942,1943,L49122,L,298.1,308.0,1456,42.4,59,0,0,0,0,0,0,9.899999999999977,0,Medium,Medium,Low,No
1943,1943,1944,L49123,L,298.1,308.0,1704,30.9,61,0,0,0,0,0,0,9.899999999999977,0,Medium,High,Low,No
1944,1944,1945,L49124,L,298.1,308.1,1791,27.3,63,0,0,0,0,0,0,10.0,0,Medium,High,Low,No
1945,1945,1946,L49125,L,298.1,308.1,1616,32.8,65,0,0,0,0,0,0,10.0,0,Medium,Medium,Low,No
1946,1946,1947,L49126,L,298.2,308.1,1622,34.9,67,0,0,0,0,0,0,9.900000000000034,0,Medium,Medium,Low,No
1947,1947,1948,L49127,L,298.2,308.1,1462,49.9,69,0,0,0,0,0,0,9.900000000000034,0,High,Medium,Low,No
1948,1948,1949,L49128,L,298.1,308.1,1410,45.8,71,0,0,0,0,0,0,10.0,0,High,Medium,Low,No
1949,1949,1950,M16809,M,298.1,308.0,1543,41.9,73,0,0,0,0,0,0,9.899999999999977,0,Medium,Medium,Low,No
1950,1950,1951,M16810,M,298.0,307.9,1479,47.6,76,0,0,0,0,0,0,9.899999999999977,0,High,Medium,Low,No
1951,1951,1952,L49131,L,298.0,307.8,1839,22.7,79,0,0,0,0,0,0,9.800000000000011,0,Low,High,Low,No
1952,1952,1953,L49132,L,298.0,307.8,1266,60.5,81,0,0,0,0,0,0,9.800000000000011,0,High,Medium,Medium,No
1953,1953,1954,L49133,L,297.9,307.7,1593,34.9,83,0,0,0,0,0,0,9.800000000000011,0,Medium,Medium,Medium,No
1954,1954,1955,L49134,L,297.9,307.8,1459,46.9,85,0,0,0,0,0,0,9.900000000000034,0,High,Medium,Medium,No
1955,1955,1956,L49135,L,297.9,307.7,1308,55.2,87,0,0,0,0,0,0,9.800000000000011,0,High,Medium,Medium,No
1956,1956,1957,M16816,M,297.9,307.7,1364,46.8,89,0,0,0,0,0,0,9.800000000000011,0,High,Medium,Medium,No
1957,1957,1958,H31371,H,297.9,307.7,1618,35.9,92,0,0,0,0,0,0,9.800000000000011,0,Medium,Medium,Medium,No
1958,1958,1959,H31372,H,297.9,307.7,1464,43.2,97,0,0,0,0,0,0,9.800000000000011,0,Medium,Medium,Medium,No
1959,1959,1960,M16819,M,297.8,307.6,1352,49.4,102,0,0,0,0,0,0,9.800000000000011,0,High,Medium,Medium,No
1960,1960,1961,L49140,L,297.8,307.6,1446,51.4,105,0,0,0,0,0,0,9.800000000000011,0,High,Medium,Medium,No
1961,1961,1962,L49141,L,297.8,307.5,1448,51.2,107,0,0,0,0,0,0,9.699999999999989,0,High,Medium,Medium,No
1962,1962,1963,L49142,L,297.8,307.5,1391,48.6,109,0,0,0,0,0,0,9.699999999999989,0,High,Medium,Medium,No
1963,1963,1964,L49143,L,297.7,307.5,1379,43.3,111,0,0,0,0,0,0,9.800000000000011,0,Medium,Medium,Medium,No
1964,1964,1965,M16824,M,297.8,307.5,1405,46.9,113,0,0,0,0,0,0,9.699999999999989,0,High,Medium,Medium,No
1965,1965,1966,L49145,L,297.8,307.5,1581,33.1,116,0,0,0,0,0,0,9.699999999999989,0,Medium,Medium,Medium,No
1966,1966,1967,L49146,L,297.9,307.6,1515,40.5,118,0,0,0,0,0,0,9.700000000000045,0,Medium,Medium,Medium,No
1967,1967,1968,L49147,L,297.9,307.6,1589,37.8,120,0,0,0,0,0,0,9.700000000000045,0,Medium,Medium,Medium,No
1968,1968,1969,L49148,L,298.0,307.6,1281,50.8,122,0,0,0,0,0,0,9.600000000000023,0,High,Medium,Medium,No
1969,1969,1970,H31383,H,297.8,307.5,1631,31.3,124,0,0,0,0,0,0,9.699999999999989,0,Medium,Medium,Medium,No
1970,1970,1971,M16830,M,297.9,307.6,1202,67.0,129,0,0,0,0,0,0,9.700000000000045,0,High,Low,Medium,No
1971,1971,1972,L49151,L,297.9,307.6,1298,52.7,132,0,0,0,0,0,0,9.700000000000045,0,High,Medium,High,No
1972,1972,1973,L49152,L,297.9,307.6,1612,30.7,134,0,0,0,0,0,0,9.700000000000045,0,Medium,Medium,High,No
1973,1973,1974,L49153,L,297.9,307.6,1747,25.3,136,0,0,0,0,0,0,9.700000000000045,0,High,High,High,No
1974,1974,1975,L49154,L,298.0,307.6,1450,48.7,138,0,0,0,0,0,0,9.600000000000023,0,High,Medium,High,No
1975,1975,1976,L49155,L,298.0,307.7,1422,45.6,140,0,0,0,0,0,0,9.699999999999989,0,High,Medium,High,No
1976,1976,1977,M16836,M,298.1,307.7,1419,47.4,142,0,0,0,0,0,0,9.599999999999966,0,High,Medium,High,No
1977,1977,1978,M16837,M,298.1,307.7,1633,30.7,145,0,0,0,0,0,0,9.599999999999966,0,Medium,Medium,High,No
1978,1978,1979,L49158,L,298.0,307.7,1442,43.6,148,0,0,0,0,0,0,9.699999999999989,0,Medium,Medium,High,No
1979,1979,1980,H31393,H,298.0,307.6,1420,45.8,150,0,0,0,0,0,0,9.600000000000023,0,High,Medium,High,No
1980,1980,1981,M16840,M,298.0,307.6,1301,58.5,155,0,0,0,0,0,0,9.600000000000023,0,High,Medium,High,No
1981,1981,1982,L49161,L,298.0,307.6,1385,45.0,158,0,0,0,0,0,0,9.600000000000023,0,Medium,Medium,High,No
1982,1982,1983,M16842,M,298.0,307.7,1487,41.3,160,0,0,0,0,0,0,9.699999999999989,0,Medium,Medium,High,No
1983,1983,1984,M16843,M,298.0,307.6,1459,44.4,163,0,0,0,0,0,0,9.600000000000023,0,Medium,Medium,High,No
1984,1984,1985,M16844,M,298.0,307.5,1387,45.5,166,0,0,0,0,0,0,9.5,0,High,Medium,High,No
1985,1985,1986,L49165,L,298.1,307.7,1537,40.8,169,0,0,0,0,0,0,9.599999999999966,0,Medium,Medium,High,No
1986,1986,1987,L49166,L,298.1,307.6,1498,42.9,171,0,0,0,0,0,0,9.5,0,Medium,Medium,High,No
1987,1987,1988,M16847,M,298.2,307.8,1599,31.2,173,0,0,0,0,0,0,9.600000000000023,0,Medium,Medium,High,No
1988,1988,1989,H31402,H,298.3,307.9,1420,39.2,176,0,0,0,0,0,0,9.599999999999966,0,Medium,Medium,High,No
1989,1989,1990,L49169,L,298.2,307.9,1785,23.4,181,0,0,0,0,0,0,9.699999999999989,0,Low,High,High,No
1990,1990,1991,L49170,L,298.2,307.8,1423,48.1,183,0,0,0,0,0,0,9.600000000000023,0,High,Medium,High,No
1991,1991,1992,M16851,M,298.2,307.8,1583,36.6,185,0,0,0,0,0,0,9.600000000000023,0,Medium,Medium,High,No
1992,1992,1993,L49172,L,298.2,307.8,1375,46.6,188,0,0,0,0,0,0,9.600000000000023,0,High,Medium,High,No
1993,1993,1994,M16853,M,298.3,308.0,1463,42.5,190,0,0,0,0,0,0,9.699999999999989,0,Medium,Medium,High,No
1994,1994,1995,M16854,M,298.2,307.9,1403,45.1,193,0,0,0,0,0,0,9.699999999999989,0,High,Medium,High,No
1995,1995,1996,L49175,L,298.3,308.0,1451,47.1,196,0,0,0,0,0,0,9.699999999999989,0,High,Medium,High,No
1996,1996,1997,M16856,M,298.4,308.0,1416,38.2,198,1,1,0,0,0,0,9.600000000000023,1,Medium,Medium,High,No
1997,1997,1998,L49177,L,298.3,308.1,1672,41.3,0,0,0,0,0,0,0,9.800000000000011,0,Medium,High,Low,No
1998,1998,1999,H31412,H,298.3,308.0,1637,30.8,2,0,0,0,0,0,0,9.699999999999989,0,Medium,Medium,Low,No
1999,1999,2000,L49179,L,298.4,308.0,1540,37.8,7,0,0,0,0,0,0,9.600000000000023,0,Medium,Medium,Low,No
2000,2000,2001,L49180,L,298.4,308.1,1279,53.1,9,0,0,0,0,0,0,9.700000000000045,0,High,Medium,Low,No
2001,2001,2002,L49181,L,298.4,308.2,1604,34.9,11,0,0,0,0,0,0,9.800000000000011,0,Medium,Medium,Low,No
2002,2002,2003,L49182,L,298.5,308.2,1654,27.1,13,0,0,0,0,0,0,9.699999999999989,0,Medium,High,Low,No
2003,2003,2004,M16863,M,298.5,308.2,1564,37.5,15,0,0,0,0,0,0,9.699999999999989,0,Medium,Medium,Low,No
2004,2004,2005,L49184,L,298.5,308.2,1451,47.5,18,0,0,0,0,0,0,9.699999999999989,0,High,Medium,Low,No
2005,2005,2006,L49185,L,298.5,308.3,1504,38.0,20,0,0,0,0,0,0,9.800000000000011,0,Medium,Medium,Low,No
2006,2006,2007,M16866,M,298.5,308.3,1381,50.5,22,0,0,0,0,0,0,9.800000000000011,0,High,Medium,Low,No
2007,2007,2008,L49187,L,298.6,308.4,1562,34.4,25,0,0,0,0,0,0,9.799999999999955,0,Medium,Medium,Low,No
2008,2008,2009,L49188,L,298.5,308.3,1811,24.7,27,0,0,0,0,0,0,9.800000000000011,0,Low,High,Low,No
2009,2009,2010,M16869,M,298.6,308.3,1717,28.7,29,0,0,0,0,0,0,9.699999999999989,0,Medium,High,Low,No
2010,2010,2011,L49190,L,298.6,308.3,1278,60.5,32,0,0,0,0,0,0,9.699999999999989,0,High,Medium,Low,No
2011,2011,2012,L49191,L,298.7,308.5,1616,30.2,34,0,0,0,0,0,0,9.800000000000011,0,Medium,Medium,Low,No
2012,2012,2013,L49192,L,298.6,308.4,1397,46.4,36,0,0,0,0,0,0,9.799999999999955,0,High,Medium,Low,No
2013,2013,2014,L49193,L,298.6,308.4,1485,42.9,38,0,0,0,0,0,0,9.799999999999955,0,Medium,Medium,Low,No
2014,2014,2015,L49194,L,298.6,308.4,1310,59.7,40,0,0,0,0,0,0,9.799999999999955,0,High,Medium,Low,No
2015,2015,2016,L49195,L,298.5,308.2,1301,66.3,42,1,0,0,1,0,0,9.699999999999989,1,High,Medium,Low,No
2016,2016,2017,L49196,L,298.5,308.3,1458,44.0,44,0,0,0,0,0,0,9.800000000000011,0,Medium,Medium,Low,No
2017,2017,2018,L49197,L,298.7,308.5,1483,42.5,46,0,0,0,0,0,0,9.800000000000011,0,Medium,Medium,Low,No
2018,2018,2019,L49198,L,298.7,308.5,1375,46.4,48,0,0,0,0,0,0,9.800000000000011,0,High,Medium,Low,No
2019,2019,2020,M16879,M,298.7,308.5,1660,27.0,50,0,0,0,0,0,0,9.800000000000011,0,Medium,High,Low,No
2020,2020,2021,H31434,H,298.7,308.4,1560,33.3,53,0,0,0,0,0,0,9.699999999999989,0,Medium,Medium,Low,No
2021,2021,2022,L49201,L,298.7,308.5,1480,42.2,58,0,0,0,0,0,0,9.800000000000011,0,Medium,Medium,Low,No
2022,2022,2023,L49202,L,298.7,308.4,1373,46.9,60,0,0,0,0,0,0,9.699999999999989,0,High,Medium,Low,No
2023,2023,2024,L49203,L,298.7,308.5,1444,54.2,62,0,0,0,0,0,0,9.800000000000011,0,High,Medium,Low,No
2024,2024,2025,M16884,M,298.7,308.6,1722,24.7,64,0,0,0,0,0,0,9.900000000000034,0,Low,High,Low,No
2025,2025,2026,L49205,L,298.7,308.5,1469,39.9,67,0,0,0,0,0,0,9.800000000000011,0,Medium,Medium,Low,No
2026,2026,2027,M16886,M,298.7,308.5,1360,52.9,69,0,0,0,0,0,0,9.800000000000011,0,High,Medium,Low,No
2027,2027,2028,L49207,L,298.7,308.4,1750,25.8,72,0,0,0,0,0,0,9.699999999999989,0,High,High,Low,No
2028,2028,2029,M16888,M,298.7,308.3,1349,46.6,74,0,0,0,0,0,0,9.600000000000023,0,High,Medium,Low,No
2029,2029,2030,L49209,L,298.7,308.5,1668,35.2,77,0,0,0,0,0,0,9.800000000000011,0,Medium,High,Low,No
2030,2030,2031,L49210,L,298.9,308.6,1400,49.5,79,0,0,0,0,0,0,9.700000000000045,0,High,Medium,Low,No
2031,2031,2032,L49211,L,298.8,308.6,1331,62.8,81,0,0,0,0,0,0,9.800000000000011,0,High,Medium,Medium,No
2032,2032,2033,L49212,L,298.8,308.5,1444,42.2,83,0,0,0,0,0,0,9.699999999999989,0,Medium,Medium,Medium,No
2033,2033,2034,H31447,H,298.8,308.5,1359,47.6,85,0,0,0,0,0,0,9.699999999999989,0,High,Medium,Medium,No
2034,2034,2035,M16894,M,298.8,308.5,1425,47.4,90,0,0,0,0,0,0,9.699999999999989,0,High,Medium,Medium,No
2035,2035,2036,M16895,M,298.9,308.6,1469,34.2,93,0,0,0,0,0,0,9.700000000000045,0,Medium,Medium,Medium,No
2036,2036,2037,L49216,L,299.0,308.7,1892,22.8,96,0,0,0,0,0,0,9.699999999999989,0,Low,High,Medium,No
2037,2037,2038,H31451,H,299.0,308.7,1940,19.9,98,0,0,0,0,0,0,9.699999999999989,0,Low,High,Medium,No
2038,2038,2039,L49218,L,299.0,308.8,1405,55.2,103,0,0,0,0,0,0,9.800000000000011,0,High,Medium,Medium,No
2039,2039,2040,M16899,M,299.0,308.9,1449,39.6,105,0,0,0,0,0,0,9.899999999999977,0,Medium,Medium,Medium,No
2040,2040,2041,L49220,L,299.1,308.9,1686,29.6,108,0,0,0,0,0,0,9.799999999999955,0,Medium,High,Medium,No
2041,2041,2042,L49221,L,299.1,308.9,1680,27.2,110,0,0,0,0,0,0,9.799999999999955,0,Medium,High,Medium,No
2042,2042,2043,M16902,M,299.1,308.9,1397,52.4,112,0,0,0,0,0,0,9.799999999999955,0,High,Medium,Medium,No
2043,2043,2044,M16903,M,299.2,309.0,1597,30.3,115,0,0,0,0,0,0,9.800000000000011,0,Medium,Medium,Medium,No
2044,2044,2045,L49224,L,299.3,309.1,1470,41.1,118,0,0,0,0,0,0,9.800000000000011,0,Medium,Medium,Medium,No
2045,2045,2046,M16905,M,299.3,309.1,1703,31.3,120,0,0,0,0,0,0,9.800000000000011,0,Medium,High,Medium,No
2046,2046,2047,L49226,L,299.3,309.1,1388,45.5,123,0,0,0,0,0,0,9.800000000000011,0,High,Medium,Medium,No
2047,2047,2048,L49227,L,299.3,309.2,1775,24.2,125,0,0,0,0,0,0,9.899999999999977,0,Low,High,Medium,No
2048,2048,2049,L49228,L,299.3,309.2,1465,41.5,127,0,0,0,0,0,0,9.899999999999977,0,Medium,Medium,Medium,No
2049,2049,2050,M16909,M,299.3,309.2,1586,37.9,129,0,0,0,0,0,0,9.899999999999977,0,Medium,Medium,Medium,No
2050,2050,2051,M16910,M,299.5,309.3,1675,29.2,132,0,0,0,0,0,0,9.800000000000011,0,Medium,High,High,No
2051,2051,2052,M16911,M,299.4,309.2,1470,44.4,135,0,0,0,0,0,0,9.800000000000011,0,Medium,Medium,High,No
2052,2052,2053,L49232,L,299.5,309.3,1477,40.4,138,0,0,0,0,0,0,9.800000000000011,0,Medium,Medium,High,No
2053,2053,2054,L49233,L,299.5,309.3,1382,61.0,140,0,0,0,0,0,0,9.800000000000011,0,High,Medium,High,No
2054,2054,2055,M16914,M,299.6,309.4,1605,29.8,142,0,0,0,0,0,0,9.799999999999955,0,Medium,Medium,High,No
2055,2055,2056,L49235,L,299.6,309.4,1643,32.9,145,0,0,0,0,0,0,9.799999999999955,0,Medium,Medium,High,No
2056,2056,2057,L49236,L,299.5,309.3,1333,54.1,147,0,0,0,0,0,0,9.800000000000011,0,High,Medium,High,No
2057,2057,2058,L49237,L,299.5,309.3,1520,42.3,149,0,0,0,0,0,0,9.800000000000011,0,Medium,Medium,High,No
2058,2058,2059,M16918,M,299.5,309.3,1902,24.0,151,0,0,0,0,0,0,9.800000000000011,0,Low,High,High,No
2059,2059,2060,H31473,H,299.5,309.4,1386,44.4,154,0,0,0,0,0,0,9.899999999999977,0,Medium,Medium,High,No
2060,2060,2061,L49240,L,299.6,309.5,1803,27.7,159,0,0,0,0,0,0,9.899999999999977,0,Medium,High,High,No
2061,2061,2062,L49241,L,299.7,309.6,1359,50.7,161,0,0,0,0,0,0,9.900000000000034,0,High,Medium,High,No
2062,2062,2063,M16922,M,299.7,309.6,1477,42.7,163,0,0,0,0,0,0,9.900000000000034,0,Medium,Medium,High,No
2063,2063,2064,L49243,L,299.7,309.6,1321,53.4,166,0,0,0,0,0,0,9.900000000000034,0,High,Medium,High,No
2064,2064,2065,L49244,L,299.6,309.5,1453,41.4,168,0,0,0,0,0,0,9.899999999999977,0,Medium,Medium,High,No
2065,2065,2066,L49245,L,299.7,309.6,1419,45.1,170,0,0,0,0,0,0,9.900000000000034,0,High,Medium,High,No
2066,2066,2067,L49246,L,299.7,309.6,1512,36.2,172,0,0,0,0,0,0,9.900000000000034,0,Medium,Medium,High,No
2067,2067,2068,L49247,L,299.7,309.6,1553,36.8,174,0,0,0,0,0,0,9.900000000000034,0,Medium,Medium,High,No
2068,2068,2069,M16928,M,299.7,309.6,1534,39.1,176,0,0,0,0,0,0,9.900000000000034,0,Medium,Medium,High,No
2069,2069,2070,H31483,H,299.7,309.6,1553,41.0,179,0,0,0,0,0,0,9.900000000000034,0,Medium,Medium,High,No
2070,2070,2071,L49250,L,299.7,309.5,1352,49.7,184,0,0,0,0,0,0,9.800000000000011,0,High,Medium,High,No
2071,2071,2072,M16931,M,299.7,309.6,1313,60.0,186,0,0,0,0,0,0,9.900000000000034,0,High,Medium,High,No
2072,2072,2073,L49252,L,299.6,309.5,1570,35.5,189,0,0,0,0,0,1,9.899999999999977,1,Medium,Medium,High,No
2073,2073,2074,L49253,L,299.6,309.4,1677,31.1,191,0,0,0,0,0,0,9.799999999999955,0,Medium,High,High,No
2074,2074,2075,L49254,L,299.5,309.4,1602,31.5,193,0,0,0,0,0,0,9.899999999999977,0,Medium,Medium,High,No
2075,2075,2076,L49255,L,299.5,309.4,1390,58.8,195,1,0,0,0,1,0,9.899999999999977,1,High,Medium,High,No
2076,2076,2077,L49256,L,299.4,309.3,1544,36.0,197,0,0,0,0,0,0,9.900000000000034,0,Medium,Medium,High,No
2077,2077,2078,L49257,L,299.4,309.4,1701,31.2,199,0,0,0,0,0,0,10.0,0,Medium,High,High,No
2078,2078,2079,M16938,M,299.4,309.3,1692,28.4,201,0,0,0,0,0,0,9.900000000000034,0,Medium,High,High,No
2079,2079,2080,M16939,M,299.3,309.3,1523,37.9,204,0,0,0,0,0,0,10.0,0,Medium,Medium,High,No
2080,2080,2081,L49260,L,299.3,309.2,2280,15.4,207,0,0,0,0,0,0,9.899999999999977,0,Low,High,High,No
2081,2081,2082,M16941,M,299.4,309.3,1485,47.1,209,0,0,0,0,0,0,9.900000000000034,0,High,Medium,High,No
2082,2082,2083,H31496,H,299.4,309.2,1513,36.1,212,0,0,0,0,0,0,9.800000000000011,0,Medium,Medium,High,No
2083,2083,2084,H31497,H,299.4,309.3,1743,28.2,0,0,0,0,0,0,0,9.900000000000034,0,Medium,High,Low,No
2084,2084,2085,L49264,L,299.5,309.3,1442,46.2,5,0,0,0,0,0,0,9.800000000000011,0,High,Medium,Low,No
2085,2085,2086,L49265,L,299.5,309.3,1462,46.7,7,0,0,0,0,0,0,9.800000000000011,0,High,Medium,Low,No
2086,2086,2087,H31500,H,299.4,309.3,1439,49.7,9,0,0,0,0,0,0,9.900000000000034,0,High,Medium,Low,No
2087,2087,2088,L49267,L,299.5,309.3,1577,36.6,14,0,0,0,0,0,0,9.800000000000011,0,Medium,Medium,Low,No
2088,2088,2089,L49268,L,299.6,309.4,1331,46.4,16,0,0,0,0,0,0,9.799999999999955,0,High,Medium,Low,No
2089,2089,2090,L49269,L,299.5,309.3,1941,22.5,18,0,0,0,0,0,0,9.800000000000011,0,Low,High,Low,No
2090,2090,2091,L49270,L,299.5,309.2,1393,47.3,20,0,0,0,0,0,0,9.699999999999989,0,High,Medium,Low,No
2091,2091,2092,L49271,L,299.4,309.2,1433,42.1,22,0,0,0,0,0,0,9.800000000000011,0,Medium,Medium,Low,No
2092,2092,2093,L49272,L,299.4,309.2,1444,48.2,24,0,0,0,0,0,0,9.800000000000011,0,High,Medium,Low,No
2093,2093,2094,L49273,L,299.4,309.2,1564,39.0,26,0,0,0,0,0,0,9.800000000000011,0,Medium,Medium,Low,No
2094,2094,2095,L49274,L,299.4,309.3,1377,43.6,28,0,0,0,0,0,0,9.900000000000034,0,Medium,Medium,Low,No
2095,2095,2096,L49275,L,299.4,309.3,1525,41.5,30,0,0,0,0,0,0,9.900000000000034,0,Medium,Medium,Low,No
2096,2096,2097,M16956,M,299.5,309.4,1387,56.2,32,0,0,0,0,0,0,9.899999999999977,0,High,Medium,Low,No
2097,2097,2098,M16957,M,299.4,309.4,1326,47.5,35,0,0,0,0,0,0,10.0,0,High,Medium,Low,No
2098,2098,2099,L49278,L,299.4,309.3,1401,59.0,38,0,0,0,0,0,0,9.900000000000034,0,High,Medium,Low,No
2099,2099,2100,L49279,L,299.4,309.3,1596,31.8,40,0,0,0,0,0,0,9.900000000000034,0,Medium,Medium,Low,No
2100,2100,2101,M16960,M,299.3,309.3,1471,46.0,42,0,0,0,0,0,0,10.0,0,High,Medium,Low,No
2101,2101,2102,L49281,L,299.3,309.3,1528,37.8,45,0,0,0,0,0,0,10.0,0,Medium,Medium,Low,No
2102,2102,2103,L49282,L,299.3,309.3,1325,62.0,47,0,0,0,0,0,0,10.0,0,High,Medium,Low,No
2103,2103,2104,M16963,M,299.3,309.1,1376,46.7,49,0,0,0,0,0,0,9.800000000000011,0,High,Medium,Low,No
2104,2104,2105,M16964,M,299.3,309.1,1600,35.3,52,0,0,0,0,0,0,9.800000000000011,0,Medium,Medium,Low,No
2105,2105,2106,L49285,L,299.3,309.1,1495,44.0,55,0,0,0,0,0,0,9.800000000000011,0,Medium,Medium,Low,No
2106,2106,2107,L49286,L,299.4,309.1,1645,28.6,57,0,0,0,0,0,0,9.700000000000045,0,Medium,Medium,Low,No
2107,2107,2108,M16967,M,299.4,309.1,1417,47.3,59,0,0,0,0,0,0,9.700000000000045,0,High,Medium,Low,No
2108,2108,2109,H31522,H,299.4,309.0,1415,51.7,62,0,0,0,0,0,0,9.600000000000023,0,High,Medium,Low,No
2109,2109,2110,M16969,M,299.3,309.0,1496,43.4,67,0,0,0,0,0,0,9.699999999999989,0,Medium,Medium,Low,No
2110,2110,2111,H31524,H,299.3,309.0,1508,35.0,70,0,0,0,0,0,0,9.699999999999989,0,Medium,Medium,Low,No
2111,2111,2112,L49291,L,299.4,309.0,1436,47.9,75,0,0,0,0,0,0,9.600000000000023,0,High,Medium,Low,No
2112,2112,2113,L49292,L,299.5,309.1,1852,22.6,77,0,0,0,0,0,0,9.600000000000023,0,Low,High,Low,No
2113,2113,2114,L49293,L,299.5,309.1,1863,22.5,79,0,0,0,0,0,0,9.600000000000023,0,Low,High,Low,No
2114,2114,2115,H31528,H,299.4,309.1,1373,44.1,81,0,0,0,0,0,0,9.700000000000045,0,Medium,Medium,Medium,No
2115,2115,2116,L49295,L,299.4,309.0,1404,47.3,86,0,0,0,0,0,0,9.600000000000023,0,High,Medium,Medium,No
2116,2116,2117,M16976,M,299.4,309.0,1381,44.9,88,0,0,0,0,0,0,9.600000000000023,0,Medium,Medium,Medium,No
2117,2117,2118,H31531,H,299.4,308.9,1762,29.3,91,0,0,0,0,0,0,9.5,0,Medium,High,Medium,No
2118,2118,2119,H31532,H,299.3,308.9,1429,43.0,96,0,0,0,0,0,0,9.599999999999966,0,Medium,Medium,Medium,No
2119,2119,2120,M16979,M,299.3,308.9,1858,24.7,101,0,0,0,0,0,0,9.599999999999966,0,Low,High,Medium,No
2120,2120,2121,H31534,H,299.2,308.8,1908,21.3,104,0,0,0,0,0,0,9.600000000000023,0,Low,High,Medium,No
2121,2121,2122,M16981,M,299.2,308.8,1503,37.4,109,0,0,0,0,0,0,9.600000000000023,0,Medium,Medium,Medium,No
2122,2122,2123,M16982,M,299.2,308.8,1523,38.9,112,0,0,0,0,0,0,9.600000000000023,0,Medium,Medium,Medium,No
2123,2123,2124,L49303,L,299.3,309.0,1491,38.4,115,0,0,0,0,0,0,9.699999999999989,0,Medium,Medium,Medium,No
2124,2124,2125,L49304,L,299.2,308.9,1430,39.1,117,0,0,0,0,0,0,9.699999999999989,0,Medium,Medium,Medium,No
2125,2125,2126,L49305,L,299.3,308.9,1258,69.4,119,1,0,0,1,0,0,9.599999999999966,1,High,Medium,Medium,No
2126,2126,2127,L49306,L,299.3,309.0,1449,46.5,121,0,0,0,0,0,0,9.699999999999989,0,High,Medium,Medium,No
2127,2127,2128,H31541,H,299.3,309.0,1425,40.6,123,0,0,0,0,0,0,9.699999999999989,0,Medium,Medium,Medium,No
2128,2128,2129,L49308,L,299.4,309.0,1800,24.3,128,0,0,0,0,0,0,9.600000000000023,0,Low,High,Medium,No
2129,2129,2130,H31543,H,299.4,309.0,1607,33.7,130,0,0,0,0,0,0,9.600000000000023,0,Medium,Medium,Medium,No
2130,2130,2131,L49310,L,299.4,309.0,1391,58.2,135,0,0,0,0,0,0,9.600000000000023,0,High,Medium,High,No
2131,2131,2132,L49311,L,299.4,309.1,1432,45.4,137,0,0,0,0,0,0,9.700000000000045,0,High,Medium,High,No
2132,2132,2133,L49312,L,299.4,309.0,1660,28.4,139,0,0,0,0,0,0,9.600000000000023,0,Medium,High,High,No
2133,2133,2134,H31547,H,299.3,309.0,1732,29.7,141,0,0,0,0,0,0,9.699999999999989,0,Medium,High,High,No
2134,2134,2135,L49314,L,299.3,309.0,1473,46.3,146,0,0,0,0,0,0,9.699999999999989,0,High,Medium,High,No
2135,2135,2136,L49315,L,299.3,309.0,1511,47.8,148,0,0,0,0,0,0,9.699999999999989,0,High,Medium,High,No
2136,2136,2137,L49316,L,299.2,308.9,1588,41.5,150,0,0,0,0,0,0,9.699999999999989,0,Medium,Medium,High,No
2137,2137,2138,L49317,L,299.3,308.9,1623,31.1,152,0,0,0,0,0,0,9.599999999999966,0,Medium,Medium,High,No
2138,2138,2139,L49318,L,299.3,309.0,1734,30.6,154,0,0,0,0,0,0,9.699999999999989,0,Medium,High,High,No
2139,2139,2140,L49319,L,299.3,309.0,1415,47.6,156,0,0,0,0,0,0,9.699999999999989,0,High,Medium,High,No
2140,2140,2141,L49320,L,299.3,309.0,1419,46.6,158,0,0,0,0,0,0,9.699999999999989,0,High,Medium,High,No
2141,2141,2142,M17001,M,299.3,308.9,1577,34.9,160,0,0,0,0,0,0,9.599999999999966,0,Medium,Medium,High,No
2142,2142,2143,L49322,L,299.3,308.9,1376,60.3,163,0,0,0,0,0,0,9.599999999999966,0,High,Medium,High,No
2143,2143,2144,M17003,M,299.3,308.8,1442,49.0,165,0,0,0,0,0,0,9.5,0,High,Medium,High,No
2144,2144,2145,L49324,L,299.4,308.9,1451,40.5,168,0,0,0,0,0,0,9.5,0,Medium,Medium,High,No
2145,2145,2146,L49325,L,299.3,308.8,1550,45.8,170,0,0,0,0,0,0,9.5,0,High,Medium,High,No
2146,2146,2147,L49326,L,299.3,308.8,1647,32.9,172,0,0,0,0,0,0,9.5,0,Medium,Medium,High,No
2147,2147,2148,L49327,L,299.4,308.9,1550,33.7,174,0,0,0,0,0,0,9.5,0,Medium,Medium,High,No
2148,2148,2149,L49328,L,299.4,308.9,1583,34.1,176,0,0,0,0,0,0,9.5,0,Medium,Medium,High,No
2149,2149,2150,L49329,L,299.4,309.0,1613,32.2,178,0,0,0,0,0,0,9.600000000000023,0,Medium,Medium,High,No
2150,2150,2151,H31564,H,299.3,308.8,1636,35.5,180,0,0,0,0,0,0,9.5,0,Medium,Medium,High,No
2151,2151,2152,M17011,M,299.3,308.7,1289,51.5,185,0,0,0,0,0,0,9.399999999999977,0,High,Medium,High,No
2152,2152,2153,M17012,M,299.3,308.8,1648,28.4,188,0,0,0,0,0,0,9.5,0,Medium,Medium,High,No
2153,2153,2154,H31567,H,299.3,308.8,1397,45.4,191,0,0,0,0,0,0,9.5,0,High,Medium,High,No
2154,2154,2155,M17014,M,299.3,308.9,1767,24.8,196,0,0,0,0,0,0,9.599999999999966,0,Low,High,High,No
2155,2155,2156,L49335,L,299.3,308.8,1341,47.7,199,0,0,0,0,0,0,9.5,0,High,Medium,High,No
2156,2156,2157,M17016,M,299.4,308.9,1457,41.5,201,0,0,0,0,0,0,9.5,0,Medium,Medium,High,No
2157,2157,2158,M17017,M,299.4,309.0,1939,19.8,204,0,0,0,0,0,0,9.600000000000023,0,Low,High,High,No
2158,2158,2159,M17018,M,299.5,309.0,1399,49.7,207,0,0,0,0,0,0,9.5,0,High,Medium,High,No
2159,2159,2160,M17019,M,299.5,309.0,1602,31.3,210,0,0,0,0,0,0,9.5,0,Medium,Medium,High,No
2160,2160,2161,L49340,L,299.4,309.0,1507,41.0,213,0,0,0,0,0,0,9.600000000000023,0,Medium,Medium,High,No
2161,2161,2162,L49341,L,299.4,309.1,1464,40.5,215,0,0,0,0,0,0,9.700000000000045,0,Medium,Medium,High,No
2162,2162,2163,L49342,L,299.5,309.1,1336,42.1,217,0,0,0,0,0,0,9.600000000000023,0,Medium,Medium,High,No
2163,2163,2164,L49343,L,299.6,309.2,1422,39.8,219,0,0,0,0,0,0,9.599999999999966,0,Medium,Medium,High,No
2164,2164,2165,L49344,L,299.6,309.2,1540,36.7,221,0,0,0,0,0,0,9.599999999999966,0,Medium,Medium,High,No
2165,2165,2166,L49345,L,299.5,309.1,1476,47.8,223,0,0,0,0,0,0,9.600000000000023,0,High,Medium,High,No
2166,2166,2167,M17026,M,299.6,309.2,1867,23.4,225,1,1,0,0,0,0,9.599999999999966,1,Low,High,High,No
2167,2167,2168,H31581,H,299.6,309.1,1588,41.3,0,0,0,0,0,0,0,9.5,0,Medium,Medium,Low,No
2168,2168,2169,M17028,M,299.5,309.1,1420,49.5,5,0,0,0,0,0,0,9.600000000000023,0,High,Medium,Low,No
2169,2169,2170,L49349,L,299.5,309.1,1415,49.2,8,0,0,0,0,0,0,9.600000000000023,0,High,Medium,Low,No
2170,2170,2171,M17030,M,299.4,309.1,1500,43.3,10,0,0,0,0,0,0,9.700000000000045,0,Medium,Medium,Low,No
2171,2171,2172,L49351,L,299.5,309.1,1502,44.6,13,0,0,0,0,0,0,9.600000000000023,0,Medium,Medium,Low,No
2172,2172,2173,L49352,L,299.5,309.2,1816,23.0,15,0,0,0,0,0,0,9.699999999999989,0,Low,High,Low,No
2173,2173,2174,M17033,M,299.5,309.2,1495,41.6,17,0,0,0,0,0,0,9.699999999999989,0,Medium,Medium,Low,No
2174,2174,2175,L49354,L,299.6,309.2,1572,33.4,20,0,0,0,0,0,0,9.599999999999966,0,Medium,Medium,Low,No
2175,2175,2176,M17035,M,299.5,309.2,1590,35.9,22,0,0,0,0,0,0,9.699999999999989,0,Medium,Medium,Low,No
2176,2176,2177,M17036,M,299.6,309.3,1387,48.3,25,0,0,0,0,0,0,9.699999999999989,0,High,Medium,Low,No
2177,2177,2178,M17037,M,299.6,309.2,1393,47.7,28,0,0,0,0,0,0,9.599999999999966,0,High,Medium,Low,No
2178,2178,2179,L49358,L,299.6,309.2,1602,37.3,31,0,0,0,0,0,0,9.599999999999966,0,Medium,Medium,Low,No
2179,2179,2180,L49359,L,299.6,309.2,1601,33.3,33,0,0,0,0,0,0,9.599999999999966,0,Medium,Medium,Low,No
2180,2180,2181,H31594,H,299.6,309.2,1597,36.3,35,0,0,0,0,0,0,9.599999999999966,0,Medium,Medium,Low,No
2181,2181,2182,H31595,H,299.5,309.1,1548,44.3,40,0,0,0,0,0,0,9.600000000000023,0,Medium,Medium,Low,No
2182,2182,2183,M17042,M,299.5,309.2,1314,61.8,45,0,0,0,0,0,0,9.699999999999989,0,High,Medium,Low,No
2183,2183,2184,M17043,M,299.6,309.3,1577,39.8,48,0,0,0,0,0,0,9.699999999999989,0,Medium,Medium,Low,No
2184,2184,2185,L49364,L,299.8,309.4,1475,43.4,51,0,0,0,0,0,0,9.599999999999966,0,Medium,Medium,Low,No
2185,2185,2186,L49365,L,299.8,309.4,1630,32.4,53,0,0,0,0,0,0,9.599999999999966,0,Medium,Medium,Low,No
2186,2186,2187,L49366,L,299.7,309.4,1445,42.9,55,0,0,0,0,0,0,9.699999999999989,0,Medium,Medium,Low,No
2187,2187,2188,M17047,M,299.8,309.4,1439,47.4,57,0,0,0,0,0,0,9.599999999999966,0,High,Medium,Low,No
2188,2188,2189,L49368,L,299.7,309.3,1420,44.1,60,0,0,0,0,0,0,9.600000000000023,0,Medium,Medium,Low,No
2189,2189,2190,H31603,H,299.7,309.2,1554,41.6,62,0,0,0,0,0,0,9.5,0,Medium,Medium,Low,No
2190,2190,2191,M17050,M,299.6,309.1,1471,44.3,67,0,0,0,0,0,0,9.5,0,Medium,Medium,Low,No
2191,2191,2192,L49371,L,299.6,309.0,1648,33.6,70,0,0,0,0,0,0,9.399999999999977,0,Medium,Medium,Low,No
2192,2192,2193,L49372,L,299.6,309.0,1472,48.8,72,0,0,0,0,0,0,9.399999999999977,0,High,Medium,Low,No
2193,2193,2194,M17053,M,299.5,308.9,1448,42.9,74,0,0,0,0,0,0,9.399999999999977,0,Medium,Medium,Low,No
2194,2194,2195,M17054,M,299.6,308.9,1568,35.3,77,0,0,0,0,0,0,9.299999999999955,0,Medium,Medium,Low,No
2195,2195,2196,L49375,L,299.6,308.9,1613,30.8,80,0,0,0,0,0,0,9.299999999999955,0,Medium,Medium,Low,No
2196,2196,2197,M17056,M,299.7,308.9,1551,35.4,82,0,0,0,0,0,0,9.199999999999989,0,Medium,Medium,Medium,No
2197,2197,2198,L49377,L,299.7,309.0,1412,49.2,85,0,0,0,0,0,0,9.300000000000011,0,High,Medium,Medium,No
2198,2198,2199,M17058,M,299.7,308.9,1478,41.0,87,0,0,0,0,0,0,9.199999999999989,0,Medium,Medium,Medium,No
2199,2199,2200,M17059,M,299.8,309.1,1268,58.0,90,0,0,0,0,0,0,9.300000000000011,0,High,Medium,Medium,No
2200,2200,2201,L49380,L,299.8,309.1,1546,35.6,93,0,0,0,0,0,0,9.300000000000011,0,Medium,Medium,Medium,No
2201,2201,2202,L49381,L,299.8,309.0,1567,36.1,95,0,0,0,0,0,0,9.199999999999989,0,Medium,Medium,Medium,No
2202,2202,2203,M17062,M,299.9,309.2,1548,35.7,97,0,0,0,0,0,0,9.300000000000011,0,Medium,Medium,Medium,No
2203,2203,2204,L49383,L,299.8,309.0,1614,30.8,100,0,0,0,0,0,0,9.199999999999989,0,Medium,Medium,Medium,No
2204,2204,2205,M17064,M,299.7,309.1,1352,46.1,102,0,0,0,0,0,0,9.400000000000034,0,High,Medium,Medium,No
2205,2205,2206,L49385,L,299.9,309.2,1624,34.6,105,0,0,0,0,0,0,9.300000000000011,0,Medium,Medium,Medium,No
2206,2206,2207,L49386,L,299.9,309.2,1436,52.0,107,0,0,0,0,0,0,9.300000000000011,0,High,Medium,Medium,No
2207,2207,2208,L49387,L,299.8,309.2,1591,37.5,109,0,0,0,0,0,0,9.399999999999977,0,Medium,Medium,Medium,No
2208,2208,2209,H31622,H,299.8,309.2,1435,42.6,111,0,0,0,0,0,0,9.399999999999977,0,Medium,Medium,Medium,No
2209,2209,2210,L49389,L,299.8,309.3,1386,49.4,116,0,0,0,0,0,0,9.5,0,High,Medium,Medium,No
2210,2210,2211,L49390,L,299.7,309.2,1401,54.1,118,0,0,0,0,0,0,9.5,0,High,Medium,Medium,No
2211,2211,2212,M17071,M,299.6,309.0,1245,64.0,120,0,0,0,0,0,0,9.399999999999977,0,High,Low,Medium,No
2212,2212,2213,L49392,L,299.7,309.1,1475,40.0,123,0,0,0,0,0,0,9.400000000000034,0,Medium,Medium,Medium,No
2213,2213,2214,L49393,L,299.7,309.1,1473,39.4,125,0,0,0,0,0,0,9.400000000000034,0,Medium,Medium,Medium,No
2214,2214,2215,H31628,H,299.7,309.2,1355,44.8,127,0,0,0,0,0,0,9.5,0,Medium,Medium,Medium,No
2215,2215,2216,H31629,H,299.7,309.2,1468,49.6,132,0,0,0,0,0,0,9.5,0,High,Medium,High,No
2216,2216,2217,L49396,L,299.7,309.2,1645,30.8,137,0,0,0,0,0,0,9.5,0,Medium,Medium,High,No
2217,2217,2218,L49397,L,299.7,309.1,1347,55.3,139,0,0,0,0,0,0,9.400000000000034,0,High,Medium,High,No
2218,2218,2219,L49398,L,299.7,309.1,1713,33.5,141,0,0,0,0,0,0,9.400000000000034,0,Medium,High,High,No
2219,2219,2220,M17079,M,299.6,309.1,1435,48.4,143,0,0,0,0,0,0,9.5,0,High,Medium,High,No
2220,2220,2221,M17080,M,299.6,309.0,1736,26.1,146,0,0,0,0,0,0,9.399999999999977,0,Medium,High,High,No
2221,2221,2222,L49401,L,299.6,309.0,1372,60.4,149,0,0,0,0,0,0,9.399999999999977,0,High,Medium,High,No
2222,2222,2223,L49402,L,299.7,309.0,1605,33.0,151,0,0,0,0,0,0,9.300000000000011,0,Medium,Medium,High,No
2223,2223,2224,L49403,L,299.6,309.0,1413,48.5,153,0,0,0,0,0,0,9.399999999999977,0,High,Medium,High,No
2224,2224,2225,M17084,M,299.7,309.0,1645,31.9,155,0,0,0,0,0,0,9.300000000000011,0,Medium,Medium,High,No
2225,2225,2226,M17085,M,299.7,309.0,1465,49.0,158,0,0,0,0,0,0,9.300000000000011,0,High,Medium,High,No
2226,2226,2227,M17086,M,299.6,308.9,1685,27.8,161,0,0,0,0,0,0,9.299999999999955,0,Medium,High,High,No
2227,2227,2228,L49407,L,299.5,308.8,1965,20.4,164,0,0,0,0,0,0,9.300000000000011,0,Low,High,High,No
2228,2228,2229,H31642,H,299.4,308.6,1542,41.8,166,0,0,0,0,0,0,9.200000000000045,0,Medium,Medium,High,No
2229,2229,2230,L49409,L,299.4,308.7,1681,30.8,171,0,0,0,0,0,0,9.300000000000011,0,Medium,High,High,No
2230,2230,2231,L49410,L,299.5,308.7,1446,45.7,173,0,0,0,0,0,0,9.199999999999989,0,High,Medium,High,No
2231,2231,2232,L49411,L,299.4,308.6,1415,56.4,175,0,0,0,0,0,0,9.200000000000045,0,High,Medium,High,No
2232,2232,2233,L49412,L,299.5,308.6,1672,30.5,177,0,0,0,0,0,0,9.100000000000023,0,Medium,High,High,No
2233,2233,2234,L49413,L,299.5,308.7,2549,13.0,179,1,0,0,1,0,0,9.199999999999989,1,Low,High,High,No
2234,2234,2235,L49414,L,299.4,308.6,1492,40.5,181,0,0,0,0,0,0,9.200000000000045,0,Medium,Medium,High,No
2235,2235,2236,M17095,M,299.4,308.6,1455,42.7,183,0,0,0,0,0,0,9.200000000000045,0,Medium,Medium,High,No
2236,2236,2237,M17096,M,299.3,308.5,1422,43.1,186,0,0,0,0,0,0,9.199999999999989,0,Medium,Medium,High,No
2237,2237,2238,L49417,L,299.3,308.6,1403,50.6,189,0,0,0,0,0,0,9.300000000000011,0,High,Medium,High,No
2238,2238,2239,L49418,L,299.3,308.6,1474,49.6,191,0,0,0,0,0,0,9.300000000000011,0,High,Medium,High,No
2239,2239,2240,L49419,L,299.2,308.6,1381,50.0,193,0,0,0,0,0,0,9.400000000000034,0,High,Medium,High,No
2240,2240,2241,L49420,L,299.2,308.5,1457,44.7,195,0,0,0,0,0,0,9.300000000000011,0,Medium,Medium,High,No
2241,2241,2242,L49421,L,299.2,308.4,1711,28.9,197,0,0,0,0,0,0,9.199999999999989,0,Medium,High,High,No
2242,2242,2243,L49422,L,299.2,308.4,1667,29.0,199,0,0,0,0,0,0,9.199999999999989,0,Medium,High,High,No
2243,2243,2244,L49423,L,299.2,308.4,1465,35.0,201,0,0,0,0,0,0,9.199999999999989,0,Medium,Medium,High,No
2244,2244,2245,M17104,M,299.3,308.4,1542,37.5,203,1,1,0,0,0,0,9.099999999999966,1,Medium,Medium,High,No
2245,2245,2246,M17105,M,299.3,308.4,1438,42.3,0,0,0,0,0,0,0,9.099999999999966,0,Medium,Medium,Low,No
2246,2246,2247,L49426,L,299.3,308.4,1406,47.4,3,0,0,0,0,0,0,9.099999999999966,0,High,Medium,Low,No
2247,2247,2248,M17107,M,299.2,308.4,1396,48.5,5,0,0,0,0,0,0,9.199999999999989,0,High,Medium,Low,No
2248,2248,2249,M17108,M,299.3,308.5,1304,60.6,8,0,0,0,0,0,0,9.199999999999989,0,High,Medium,Low,No
2249,2249,2250,L49429,L,299.2,308.5,1442,46.5,11,0,0,0,0,0,0,9.300000000000011,0,High,Medium,Low,No
2250,2250,2251,M17110,M,299.2,308.4,1396,48.7,13,0,0,0,0,0,0,9.199999999999989,0,High,Medium,Low,No
2251,2251,2252,H31665,H,299.1,308.3,1424,43.4,16,0,0,0,0,0,0,9.199999999999989,0,Medium,Medium,Low,No
2252,2252,2253,H31666,H,299.1,308.3,1451,42.8,21,0,0,0,0,0,0,9.199999999999989,0,Medium,Medium,Low,No
2253,2253,2254,L49433,L,299.2,308.4,1386,54.1,26,0,0,0,0,0,0,9.199999999999989,0,High,Medium,Low,No
2254,2254,2255,L49434,L,299.1,308.3,1325,46.9,28,0,0,0,0,0,0,9.199999999999989,0,High,Medium,Low,No
2255,2255,2256,L49435,L,299.1,308.3,1559,33.7,30,0,0,0,0,0,0,9.199999999999989,0,Medium,Medium,Low,No
2256,2256,2257,L49436,L,299.1,308.3,1489,38.1,32,0,0,0,0,0,0,9.199999999999989,0,Medium,Medium,Low,No
2257,2257,2258,L49437,L,299.1,308.3,1892,25.2,34,0,0,0,0,0,0,9.199999999999989,0,High,High,Low,No
2258,2258,2259,L49438,L,299.1,308.2,1319,60.3,36,0,0,0,0,0,0,9.099999999999966,0,High,Medium,Low,No
2259,2259,2260,L49439,L,299.1,308.3,1431,52.3,38,0,0,0,0,0,0,9.199999999999989,0,High,Medium,Low,No
2260,2260,2261,H31674,H,299.1,308.3,1521,36.5,40,0,0,0,0,0,0,9.199999999999989,0,Medium,Medium,Low,No
2261,2261,2262,M17121,M,299.1,308.2,1435,45.2,45,0,0,0,0,0,0,9.099999999999966,0,High,Medium,Low,No
2262,2262,2263,L49442,L,299.1,308.3,1533,42.4,48,0,0,0,0,0,0,9.199999999999989,0,Medium,Medium,Low,No
2263,2263,2264,M17123,M,299.2,308.4,1529,43.0,50,0,0,0,0,0,0,9.199999999999989,0,Medium,Medium,Low,No
2264,2264,2265,M17124,M,299.2,308.4,1415,43.5,53,0,0,0,0,0,0,9.199999999999989,0,Medium,Medium,Low,No
2265,2265,2266,M17125,M,299.2,308.4,1330,51.2,56,0,0,0,0,0,0,9.199999999999989,0,High,Medium,Low,No
2266,2266,2267,L49446,L,299.2,308.5,1381,60.6,59,0,0,0,0,0,0,9.300000000000011,0,High,Medium,Low,No
2267,2267,2268,L49447,L,299.2,308.5,1370,52.4,61,0,0,0,0,0,0,9.300000000000011,0,High,Medium,Low,No
2268,2268,2269,L49448,L,299.2,308.5,1438,46.6,63,0,0,0,0,0,0,9.300000000000011,0,High,Medium,Low,No
2269,2269,2270,L49449,L,299.3,308.6,1314,48.2,65,0,0,0,0,0,0,9.300000000000011,0,High,Medium,Low,No
2270,2270,2271,L49450,L,299.3,308.6,1437,48.1,67,0,0,0,0,0,0,9.300000000000011,0,High,Medium,Low,No
2271,2271,2272,L49451,L,299.2,308.5,1821,26.1,69,0,0,0,0,0,0,9.300000000000011,0,Medium,High,Low,No
2272,2272,2273,M17132,M,299.3,308.6,1448,52.1,71,0,0,0,0,0,0,9.300000000000011,0,High,Medium,Low,No
2273,2273,2274,L49453,L,299.3,308.5,1589,32.7,74,0,0,0,0,0,0,9.199999999999989,0,Medium,Medium,Low,No
2274,2274,2275,L49454,L,299.3,308.6,1520,33.7,76,0,0,0,0,0,0,9.300000000000011,0,Medium,Medium,Low,No
2275,2275,2276,L49455,L,299.3,308.6,1605,37.0,78,0,0,0,0,0,0,9.300000000000011,0,Medium,Medium,Low,No
2276,2276,2277,L49456,L,299.3,308.7,1393,54.2,80,0,0,0,0,0,0,9.399999999999977,0,High,Medium,Low,No
2277,2277,2278,H31691,H,299.3,308.7,1408,44.4,82,0,0,0,0,0,0,9.399999999999977,0,Medium,Medium,Medium,No
2278,2278,2279,M17138,M,299.3,308.7,1459,35.6,87,0,0,0,0,0,0,9.399999999999977,0,Medium,Medium,Medium,No
2279,2279,2280,L49459,L,299.4,308.7,1525,39.0,90,0,0,0,0,0,0,9.300000000000011,0,Medium,Medium,Medium,No
2280,2280,2281,L49460,L,299.4,308.8,1390,57.0,92,0,0,0,0,0,0,9.400000000000034,0,High,Medium,Medium,No
2281,2281,2282,L49461,L,299.3,308.7,1536,38.9,94,0,0,0,0,0,0,9.399999999999977,0,Medium,Medium,Medium,No
2282,2282,2283,L49462,L,299.4,308.7,1459,47.6,96,0,0,0,0,0,0,9.300000000000011,0,High,Medium,Medium,No
2283,2283,2284,L49463,L,299.2,308.5,1387,51.1,98,0,0,0,0,0,0,9.300000000000011,0,High,Medium,Medium,No
2284,2284,2285,L49464,L,299.2,308.5,1378,53.4,100,0,0,0,0,0,0,9.300000000000011,0,High,Medium,Medium,No
2285,2285,2286,L49465,L,299.4,308.7,1381,56.7,102,0,0,0,0,0,0,9.300000000000011,0,High,Medium,Medium,No
2286,2286,2287,M17146,M,299.4,308.7,1289,60.5,104,0,0,0,0,0,0,9.300000000000011,0,High,Medium,Medium,No
2287,2287,2288,L49467,L,299.4,308.6,1746,26.8,107,0,0,0,0,0,0,9.200000000000045,0,Medium,High,Medium,No
2288,2288,2289,M17148,M,299.4,308.6,1541,39.1,109,0,0,0,0,0,0,9.200000000000045,0,Medium,Medium,Medium,No
2289,2289,2290,L49469,L,299.4,308.7,1504,37.8,112,0,0,0,0,0,0,9.300000000000011,0,Medium,Medium,Medium,No
2290,2290,2291,M17150,M,299.5,308.7,1321,51.9,114,0,0,0,0,0,0,9.199999999999989,0,High,Medium,Medium,No
2291,2291,2292,M17151,M,299.5,308.8,1886,20.9,117,0,0,0,0,0,0,9.300000000000011,0,Low,High,Medium,No
2292,2292,2293,L49472,L,299.6,308.9,1422,53.2,120,0,0,0,0,0,0,9.299999999999955,0,High,Medium,Medium,No
2293,2293,2294,L49473,L,299.5,308.9,1520,38.3,122,0,0,0,0,0,0,9.399999999999977,0,Medium,Medium,Medium,No
2294,2294,2295,L49474,L,299.4,308.8,1627,32.6,124,0,0,0,0,0,0,9.400000000000034,0,Medium,Medium,Medium,No
2295,2295,2296,L49475,L,299.4,308.7,1512,37.2,126,0,0,0,0,0,0,9.300000000000011,0,Medium,Medium,Medium,No
2296,2296,2297,L49476,L,299.4,308.7,1553,42.7,128,0,0,0,0,0,0,9.300000000000011,0,Medium,Medium,Medium,No
2297,2297,2298,L49477,L,299.3,308.7,1802,26.0,130,0,0,0,0,0,0,9.399999999999977,0,Medium,High,Medium,No
2298,2298,2299,L49478,L,299.3,308.6,1482,37.6,132,0,0,0,0,0,0,9.300000000000011,0,Medium,Medium,High,No
2299,2299,2300,L49479,L,299.4,308.7,1446,62.9,134,1,0,0,1,0,0,9.300000000000011,1,High,Medium,High,No
2300,2300,2301,L49480,L,299.3,308.6,1371,50.5,136,0,0,0,0,0,0,9.300000000000011,0,High,Medium,High,No
2301,2301,2302,M17161,M,299.2,308.6,1586,35.7,138,0,0,0,0,0,0,9.400000000000034,0,Medium,Medium,High,No
2302,2302,2303,L49482,L,299.2,308.5,1515,39.8,141,0,0,0,0,0,0,9.300000000000011,0,Medium,Medium,High,No
2303,2303,2304,L49483,L,299.2,308.5,1374,53.6,143,0,0,0,0,0,0,9.300000000000011,0,High,Medium,High,No
2304,2304,2305,L49484,L,299.1,308.5,1455,39.8,145,0,0,0,0,0,0,9.399999999999977,0,Medium,Medium,High,No
2305,2305,2306,H31719,H,299.2,308.5,1342,47.5,147,0,0,0,0,0,0,9.300000000000011,0,High,Medium,High,No
2306,2306,2307,L49486,L,299.1,308.6,1260,57.8,152,0,0,0,0,0,0,9.5,0,High,Medium,High,No
2307,2307,2308,H31721,H,299.0,308.5,1623,33.5,154,0,0,0,0,0,0,9.5,0,Medium,Medium,High,No
2308,2308,2309,L49488,L,299.1,308.5,1371,55.5,159,0,0,0,0,0,0,9.399999999999977,0,High,Medium,High,No
2309,2309,2310,L49489,L,299.1,308.6,1611,31.4,161,0,0,0,0,0,0,9.5,0,Medium,Medium,High,No
2310,2310,2311,M17170,M,299.0,308.4,1535,47.5,163,0,0,0,0,0,0,9.399999999999977,0,High,Medium,High,No
2311,2311,2312,M17171,M,299.1,308.6,1491,38.5,166,0,0,0,0,0,0,9.5,0,Medium,Medium,High,No
2312,2312,2313,M17172,M,299.1,308.6,1441,36.2,169,0,0,0,0,0,0,9.5,0,Medium,Medium,High,No
2313,2313,2314,M17173,M,299.1,308.8,1725,26.6,172,0,0,0,0,0,0,9.699999999999989,0,Medium,High,High,No
2314,2314,2315,L49494,L,299.2,308.9,1368,47.2,175,0,0,0,0,0,0,9.699999999999989,0,High,Medium,High,No
2315,2315,2316,L49495,L,299.2,308.9,1526,37.9,177,0,0,0,0,0,0,9.699999999999989,0,Medium,Medium,High,No
2316,2316,2317,L49496,L,299.2,308.8,1542,39.2,179,0,0,0,0,0,0,9.600000000000023,0,Medium,Medium,High,No
2317,2317,2318,L49497,L,299.2,308.8,1605,31.1,181,0,0,0,0,0,0,9.600000000000023,0,Medium,Medium,High,No
2318,2318,2319,L49498,L,299.2,308.8,1405,51.4,183,0,0,0,0,0,0,9.600000000000023,0,High,Medium,High,No
2319,2319,2320,M17179,M,299.2,308.8,1700,33.5,185,0,0,0,0,0,0,9.600000000000023,0,Medium,High,High,No
2320,2320,2321,H31734,H,299.2,308.8,1440,39.1,188,0,0,0,0,0,0,9.600000000000023,0,Medium,Medium,High,No
2321,2321,2322,M17181,M,299.2,308.8,1314,52.5,193,0,0,0,0,0,0,9.600000000000023,0,High,Medium,High,No
2322,2322,2323,L49502,L,299.2,308.7,1514,41.9,196,0,0,0,0,0,0,9.5,0,Medium,Medium,High,No
2323,2323,2324,M17183,M,299.2,308.7,1401,47.0,198,0,0,0,0,0,0,9.5,0,High,Medium,High,No
2324,2324,2325,L49504,L,299.3,308.8,1636,29.9,201,0,0,0,0,0,0,9.5,0,Medium,Medium,High,No
2325,2325,2326,L49505,L,299.3,308.8,1603,33.9,203,0,0,0,0,0,0,9.5,0,Medium,Medium,High,No
2326,2326,2327,M17186,M,299.4,308.7,1487,52.6,205,0,0,0,0,0,0,9.300000000000011,0,High,Medium,High,No
2327,2327,2328,M17187,M,299.3,308.7,1420,50.3,208,0,0,0,0,0,0,9.399999999999977,0,High,Medium,High,No
2328,2328,2329,L49508,L,299.3,308.7,1579,36.3,211,0,0,0,0,0,0,9.399999999999977,0,Medium,Medium,High,No
2329,2329,2330,L49509,L,299.3,308.7,1484,40.5,213,0,0,0,0,0,0,9.399999999999977,0,Medium,Medium,High,No
2330,2330,2331,M17190,M,299.3,308.7,1390,49.3,215,0,0,0,0,0,0,9.399999999999977,0,High,Medium,High,No
2331,2331,2332,L49511,L,299.3,308.6,1384,53.6,218,1,0,0,0,1,0,9.300000000000011,1,High,Medium,High,No
2332,2332,2333,L49512,L,299.2,308.5,1378,50.4,220,1,0,0,0,1,0,9.300000000000011,1,High,Medium,High,No
2333,2333,2334,L49513,L,299.2,308.5,1445,45.2,222,0,0,0,0,0,0,9.300000000000011,0,High,Medium,High,No
2334,2334,2335,L49514,L,299.2,308.4,1445,43.5,224,0,0,0,0,0,0,9.199999999999989,0,Medium,Medium,High,No
2335,2335,2336,L49515,L,299.2,308.4,1509,39.4,0,0,0,0,0,0,0,9.199999999999989,0,Medium,Medium,Low,No
2336,2336,2337,L49516,L,299.2,308.4,1434,46.8,2,0,0,0,0,0,0,9.199999999999989,0,High,Medium,Low,No
2337,2337,2338,L49517,L,299.2,308.4,1877,23.9,4,0,0,0,0,0,0,9.199999999999989,0,Low,High,Low,No
2338,2338,2339,L49518,L,299.3,308.3,1651,28.0,6,0,0,0,0,0,0,9.0,0,Medium,High,Low,No
2339,2339,2340,L49519,L,299.2,308.2,1466,41.3,8,0,0,0,0,0,0,9.0,0,Medium,Medium,Low,No
2340,2340,2341,L49520,L,299.1,308.1,1479,40.7,10,0,0,0,0,0,0,9.0,0,Medium,Medium,Low,No
2341,2341,2342,L49521,L,299.1,308.2,1409,46.4,12,0,0,0,0,0,0,9.099999999999966,0,High,Medium,Low,No
2342,2342,2343,M17202,M,299.2,308.2,1674,28.2,14,0,0,0,0,0,0,9.0,0,Medium,High,Low,No
2343,2343,2344,L49523,L,299.1,308.3,1305,61.4,17,0,0,0,0,0,0,9.199999999999989,0,High,Medium,Low,No
2344,2344,2345,M17204,M,299.2,308.3,1755,26.4,19,0,0,0,0,0,0,9.100000000000023,0,Medium,High,Low,No
2345,2345,2346,L49525,L,299.2,308.4,1475,38.7,22,0,0,0,0,0,0,9.199999999999989,0,Medium,Medium,Low,No
2346,2346,2347,L49526,L,299.2,308.4,1402,47.7,24,0,0,0,0,0,0,9.199999999999989,0,High,Medium,Low,No
2347,2347,2348,L49527,L,299.2,308.3,1410,43.0,26,0,0,0,0,0,0,9.100000000000023,0,Medium,Medium,Low,No
2348,2348,2349,L49528,L,299.2,308.4,1436,41.8,28,0,0,0,0,0,0,9.199999999999989,0,Medium,Medium,Low,No
2349,2349,2350,M17209,M,299.3,308.5,1386,42.2,30,0,0,0,0,0,0,9.199999999999989,0,Medium,Medium,Low,No
2350,2350,2351,L49530,L,299.3,308.6,1744,26.4,33,0,0,0,0,0,0,9.300000000000011,0,Medium,High,Low,No
2351,2351,2352,L49531,L,299.2,308.4,1393,48.4,35,0,0,0,0,0,0,9.199999999999989,0,High,Medium,Low,No
2352,2352,2353,M17212,M,299.3,308.5,1422,45.4,37,0,0,0,0,0,0,9.199999999999989,0,High,Medium,Low,No
2353,2353,2354,L49533,L,299.2,308.4,1841,22.8,40,0,0,0,0,0,0,9.199999999999989,0,Low,High,Low,No
2354,2354,2355,L49534,L,299.3,308.6,1433,37.7,42,0,0,0,0,0,0,9.300000000000011,0,Medium,Medium,Low,No
2355,2355,2356,M17215,M,299.3,308.5,1305,60.6,44,0,0,0,0,0,0,9.199999999999989,0,High,Medium,Low,No
2356,2356,2357,H31770,H,299.3,308.6,1498,39.5,47,0,0,0,0,0,0,9.300000000000011,0,Medium,Medium,Low,No
2357,2357,2358,L49537,L,299.3,308.5,1772,26.1,52,0,0,0,0,0,0,9.199999999999989,0,Medium,High,Low,No
2358,2358,2359,M17218,M,299.2,308.4,1381,42.5,54,0,0,0,0,0,0,9.199999999999989,0,Medium,Medium,Low,No
2359,2359,2360,L49539,L,299.3,308.5,1413,38.5,57,0,0,0,0,0,0,9.199999999999989,0,Medium,Medium,Low,No
2360,2360,2361,H31774,H,299.2,308.4,1388,53.2,59,0,0,0,0,0,0,9.199999999999989,0,High,Medium,Low,No
2361,2361,2362,M17221,M,299.2,308.6,1631,35.4,64,0,0,0,0,0,0,9.400000000000034,0,Medium,Medium,Low,No
2362,2362,2363,H31776,H,299.3,308.6,1520,41.4,67,0,0,0,0,0,0,9.300000000000011,0,Medium,Medium,Low,No
2363,2363,2364,L49543,L,299.3,308.5,1510,45.4,72,0,0,0,0,0,0,9.199999999999989,0,High,Medium,Low,No
2364,2364,2365,L49544,L,299.2,308.5,1366,49.7,74,0,0,0,0,0,0,9.300000000000011,0,High,Medium,Low,No
2365,2365,2366,L49545,L,299.4,308.5,1845,22.9,76,0,0,0,0,0,0,9.100000000000023,0,Low,High,Low,No
2366,2366,2367,L49546,L,299.3,308.5,1485,44.7,78,0,0,0,0,0,0,9.199999999999989,0,Medium,Medium,Low,No
2367,2367,2368,M17227,M,299.3,308.5,1496,39.4,80,0,0,0,0,0,0,9.199999999999989,0,Medium,Medium,Low,No
2368,2368,2369,M17228,M,299.3,308.4,1468,42.2,83,0,0,0,0,0,0,9.099999999999966,0,Medium,Medium,Medium,No
2369,2369,2370,M17229,M,299.2,308.4,1856,22.7,86,0,0,0,0,0,0,9.199999999999989,0,Low,High,Medium,No
2370,2370,2371,L49550,L,299.2,308.4,1620,34.1,89,0,0,0,0,0,0,9.199999999999989,0,Medium,Medium,Medium,No
2371,2371,2372,L49551,L,299.3,308.5,1409,44.8,91,0,0,0,0,0,0,9.199999999999989,0,Medium,Medium,Medium,No
2372,2372,2373,M17232,M,299.3,308.5,1404,49.4,93,0,0,0,0,0,0,9.199999999999989,0,High,Medium,Medium,No
2373,2373,2374,L49553,L,299.2,308.4,1350,51.3,96,0,0,0,0,0,0,9.199999999999989,0,High,Medium,Medium,No
2374,2374,2375,M17234,M,299.2,308.4,1538,38.0,98,0,0,0,0,0,0,9.199999999999989,0,Medium,Medium,Medium,No
2375,2375,2376,M17235,M,299.2,308.4,1476,32.7,101,0,0,0,0,0,0,9.199999999999989,0,Medium,Medium,Medium,No
2376,2376,2377,M17236,M,299.2,308.3,1364,51.8,104,0,0,0,0,0,0,9.100000000000023,0,High,Medium,Medium,No
2377,2377,2378,M17237,M,299.2,308.3,1582,45.5,107,0,0,0,0,0,0,9.100000000000023,0,High,Medium,Medium,No
2378,2378,2379,L49558,L,299.1,308.2,1348,56.1,110,0,0,0,0,0,0,9.099999999999966,0,High,Medium,Medium,No
2379,2379,2380,H31793,H,299.1,308.2,1450,46.1,112,0,0,0,0,0,0,9.099999999999966,0,High,Medium,Medium,No
2380,2380,2381,L49560,L,299.0,308.1,1242,60.9,117,0,0,0,0,0,0,9.100000000000023,0,High,Low,Medium,No
2381,2381,2382,L49561,L,299.1,308.2,1493,34.9,119,0,0,0,0,0,0,9.099999999999966,0,Medium,Medium,Medium,No
2382,2382,2383,L49562,L,299.1,308.3,1601,31.4,121,0,0,0,0,0,0,9.199999999999989,0,Medium,Medium,Medium,No
2383,2383,2384,L49563,L,299.1,308.2,1568,33.3,123,0,0,0,0,0,0,9.099999999999966,0,Medium,Medium,Medium,No
2384,2384,2385,M17244,M,299.1,308.3,1506,38.0,125,0,0,0,0,0,0,9.199999999999989,0,Medium,Medium,Medium,No
2385,2385,2386,L49565,L,299.1,308.3,1524,34.1,128,0,0,0,0,0,0,9.199999999999989,0,Medium,Medium,Medium,No
2386,2386,2387,L49566,L,299.1,308.4,1543,37.9,130,0,0,0,0,0,0,9.299999999999955,0,Medium,Medium,Medium,No
2387,2387,2388,M17247,M,299.2,308.5,1474,47.2,132,0,0,0,0,0,0,9.300000000000011,0,High,Medium,High,No
2388,2388,2389,M17248,M,299.2,308.5,1526,37.3,135,0,0,0,0,0,0,9.300000000000011,0,Medium,Medium,High,No
2389,2389,2390,L49569,L,299.2,308.5,1867,27.0,138,0,0,0,0,0,0,9.300000000000011,0,Medium,High,High,No
2390,2390,2391,L49570,L,299.2,308.5,1487,41.2,140,0,0,0,0,0,0,9.300000000000011,0,Medium,Medium,High,No
2391,2391,2392,L49571,L,299.2,308.4,1580,32.6,142,0,0,0,0,0,0,9.199999999999989,0,Medium,Medium,High,No
2392,2392,2393,L49572,L,299.2,308.5,1340,50.0,144,0,0,0,0,0,0,9.300000000000011,0,High,Medium,High,No
2393,2393,2394,L49573,L,299.2,308.5,1544,41.6,146,0,0,0,0,0,0,9.300000000000011,0,Medium,Medium,High,No
2394,2394,2395,L49574,L,299.2,308.5,1488,40.3,148,0,0,0,0,0,0,9.300000000000011,0,Medium,Medium,High,No
2395,2395,2396,M17255,M,299.2,308.5,1742,28.9,150,0,0,0,0,0,0,9.300000000000011,0,Medium,High,High,No
2396,2396,2397,M17256,M,299.1,308.5,1592,34.2,153,0,0,0,0,0,0,9.399999999999977,0,Medium,Medium,High,No
2397,2397,2398,L49577,L,299.2,308.6,1582,38.8,156,0,0,0,0,0,0,9.400000000000034,0,Medium,Medium,High,No
2398,2398,2399,L49578,L,299.2,308.5,1490,43.2,158,0,0,0,0,0,0,9.300000000000011,0,Medium,Medium,High,No
2399,2399,2400,M17259,M,299.2,308.5,1594,35.8,160,0,0,0,0,0,0,9.300000000000011,0,Medium,Medium,High,No
2400,2400,2401,H31814,H,299.2,308.6,1462,55.0,163,0,0,0,0,0,0,9.400000000000034,0,High,Medium,High,No
2401,2401,2402,M17261,M,299.2,308.6,1367,47.6,168,0,0,0,0,0,0,9.400000000000034,0,High,Medium,High,No
2402,2402,2403,L49582,L,299.2,308.7,1325,51.0,171,0,0,0,0,0,0,9.5,0,High,Medium,High,No
2403,2403,2404,H31817,H,299.2,308.7,1448,51.4,173,0,0,0,0,0,0,9.5,0,High,Medium,High,No
2404,2404,2405,M17264,M,299.1,308.7,2008,20.3,178,0,0,0,0,0,0,9.599999999999966,0,Low,High,High,No
2405,2405,2406,L49585,L,299.1,308.7,1498,38.9,181,0,0,0,0,0,0,9.599999999999966,0,Medium,Medium,High,No
2406,2406,2407,L49586,L,299.1,308.6,1437,41.6,183,0,0,0,0,0,0,9.5,0,Medium,Medium,High,No
2407,2407,2408,M17267,M,299.1,308.6,1499,45.1,185,0,0,0,0,0,0,9.5,0,High,Medium,High,No
2408,2408,2409,L49588,L,299.0,308.4,1356,52.6,188,0,0,0,0,0,0,9.399999999999977,0,High,Medium,High,No
2409,2409,2410,L49589,L,299.1,308.5,1539,46.8,190,0,0,0,0,0,0,9.399999999999977,0,High,Medium,High,No
2410,2410,2411,L49590,L,299.1,308.5,1689,32.1,192,0,0,0,0,0,0,9.399999999999977,0,Medium,High,High,No
2411,2411,2412,L49591,L,299.0,308.5,1559,38.1,194,0,0,0,0,0,0,9.5,0,Medium,Medium,High,No
2412,2412,2413,L49592,L,299.1,308.6,1408,46.7,196,0,0,0,0,0,0,9.5,0,High,Medium,High,No
2413,2413,2414,L49593,L,299.0,308.5,1886,23.0,198,0,0,0,0,0,0,9.5,0,Low,High,High,No
2414,2414,2415,L49594,L,299.1,308.5,1415,43.4,0,0,0,0,0,0,0,9.399999999999977,0,Medium,Medium,Low,No
2415,2415,2416,M17275,M,299.1,308.5,1587,35.6,2,0,0,0,0,0,0,9.399999999999977,0,Medium,Medium,Low,No
2416,2416,2417,L49596,L,299.0,308.4,1571,38.6,5,0,0,0,0,0,0,9.399999999999977,0,Medium,Medium,Low,No
2417,2417,2418,L49597,L,298.9,308.3,1576,36.6,7,0,0,0,0,0,0,9.400000000000034,0,Medium,Medium,Low,No
2418,2418,2419,L49598,L,298.9,308.3,1660,34.4,9,0,0,0,0,0,0,9.400000000000034,0,Medium,High,Low,No
2419,2419,2420,M17279,M,298.9,308.2,1328,49.2,11,0,0,0,0,0,0,9.300000000000011,0,High,Medium,Low,No
2420,2420,2421,H31834,H,298.8,308.2,1450,44.7,14,0,0,0,0,0,0,9.399999999999977,0,Medium,Medium,Low,No
2421,2421,2422,L49601,L,298.9,308.2,2384,15.0,19,0,0,0,0,0,0,9.300000000000011,0,Low,High,Low,No
2422,2422,2423,L49602,L,298.8,308.2,1443,53.4,21,0,0,0,0,0,0,9.399999999999977,0,High,Medium,Low,No
2423,2423,2424,M17283,M,298.9,308.2,2022,20.0,23,0,0,0,0,0,0,9.300000000000011,0,Low,High,Low,No
2424,2424,2425,L49604,L,298.9,308.2,1828,23.8,26,0,0,0,0,0,0,9.300000000000011,0,Low,High,Low,No
2425,2425,2426,L49605,L,298.8,308.1,1472,53.5,28,0,0,0,0,0,0,9.300000000000011,0,High,Medium,Low,No
2426,2426,2427,M17286,M,298.9,308.2,1372,63.6,30,1,0,0,1,0,0,9.300000000000011,1,High,Medium,Low,No
2427,2427,2428,L49607,L,298.9,308.3,1855,23.8,33,0,0,0,0,0,0,9.400000000000034,0,Low,High,Low,No
2428,2428,2429,M17288,M,299.0,308.3,1377,47.2,35,0,0,0,0,0,0,9.300000000000011,0,High,Medium,Low,No
2429,2429,2430,L49609,L,298.9,308.3,1432,48.9,38,0,0,0,0,0,0,9.400000000000034,0,High,Medium,Low,No
2430,2430,2431,M17290,M,298.9,308.2,1335,47.8,40,0,0,0,0,0,0,9.300000000000011,0,High,Medium,Low,No
2431,2431,2432,M17291,M,298.9,308.2,1411,51.3,43,0,0,0,0,0,0,9.300000000000011,0,High,Medium,Low,No
2432,2432,2433,L49612,L,298.9,308.2,1510,43.5,46,0,0,0,0,0,0,9.300000000000011,0,Medium,Medium,Low,No
2433,2433,2434,L49613,L,299.0,308.3,1441,44.0,48,0,0,0,0,0,0,9.300000000000011,0,Medium,Medium,Low,No
2434,2434,2435,M17294,M,299.0,308.2,1358,42.7,50,0,0,0,0,0,0,9.199999999999989,0,Medium,Medium,Low,No
2435,2435,2436,L49615,L,298.9,308.2,1686,30.4,53,0,0,0,0,0,0,9.300000000000011,0,Medium,High,Low,No
2436,2436,2437,H31850,H,299.0,308.2,1662,30.4,55,0,0,0,0,0,0,9.199999999999989,0,Medium,High,Low,No
2437,2437,2438,L49617,L,299.1,308.3,1426,40.1,60,0,0,0,0,0,0,9.199999999999989,0,Medium,Medium,Low,No
2438,2438,2439,M17298,M,299.1,308.4,1330,53.6,62,0,0,0,0,0,0,9.299999999999955,0,High,Medium,Low,No
2439,2439,2440,L49619,L,299.1,308.4,1693,31.6,65,0,0,0,0,0,0,9.299999999999955,0,Medium,High,Low,No
2440,2440,2441,L49620,L,299.1,308.4,1426,47.9,67,0,0,0,0,0,0,9.299999999999955,0,High,Medium,Low,No
2441,2441,2442,L49621,L,299.1,308.5,1676,31.0,69,0,0,0,0,0,0,9.399999999999977,0,Medium,High,Low,No
2442,2442,2443,M17302,M,299.1,308.4,1332,51.7,71,0,0,0,0,0,0,9.299999999999955,0,High,Medium,Low,No
2443,2443,2444,L49623,L,299.1,308.5,1647,35.0,74,0,0,0,0,0,0,9.399999999999977,0,Medium,Medium,Low,No
2444,2444,2445,L49624,L,299.2,308.6,1267,68.2,76,1,0,0,1,0,0,9.400000000000034,1,High,Medium,Low,No
2445,2445,2446,H31859,H,299.2,308.7,1375,55.1,78,0,0,0,0,0,0,9.5,0,High,Medium,Low,No
2446,2446,2447,L49626,L,299.3,308.6,1422,48.9,83,0,0,0,0,0,0,9.300000000000011,0,High,Medium,Medium,No
2447,2447,2448,L49627,L,299.3,308.7,1408,48.7,85,0,0,0,0,0,0,9.399999999999977,0,High,Medium,Medium,No
2448,2448,2449,L49628,L,299.4,308.9,1440,42.5,87,0,0,0,0,0,0,9.5,0,Medium,Medium,Medium,No
2449,2449,2450,L49629,L,299.3,308.8,1772,25.2,89,0,0,0,0,0,0,9.5,0,High,High,Medium,No
2450,2450,2451,L49630,L,299.2,308.7,1492,37.8,91,0,0,0,0,0,0,9.5,0,Medium,Medium,Medium,No
2451,2451,2452,L49631,L,299.2,308.7,1650,30.5,93,0,0,0,0,0,0,9.5,0,Medium,Medium,Medium,No
2452,2452,2453,M17312,M,299.1,308.6,2329,14.6,95,0,0,0,0,0,0,9.5,0,Low,High,Medium,No
2453,2453,2454,L49633,L,299.0,308.6,1648,30.8,98,0,0,0,0,0,0,9.600000000000023,0,Medium,Medium,Medium,No
2454,2454,2455,L49634,L,299.0,308.6,1653,31.7,100,0,0,0,0,0,0,9.600000000000023,0,Medium,High,Medium,No
2455,2455,2456,L49635,L,299.0,308.6,1946,22.3,102,0,0,0,0,0,0,9.600000000000023,0,Low,High,Medium,No
2456,2456,2457,L49636,L,299.1,308.6,1555,36.6,104,0,0,0,0,0,0,9.5,0,Medium,Medium,Medium,No
2457,2457,2458,L49637,L,299.0,308.6,1661,32.2,106,0,0,0,0,0,0,9.600000000000023,0,Medium,High,Medium,No
2458,2458,2459,L49638,L,299.0,308.6,1434,45.9,108,0,0,0,0,0,0,9.600000000000023,0,High,Medium,Medium,No
2459,2459,2460,L49639,L,299.0,308.6,1297,54.2,110,0,0,0,0,0,0,9.600000000000023,0,High,Medium,Medium,No
2460,2460,2461,L49640,L,299.0,308.6,1466,46.4,112,0,0,0,0,0,0,9.600000000000023,0,High,Medium,Medium,No
2461,2461,2462,M17321,M,298.9,308.6,1517,39.8,114,0,0,0,0,0,0,9.700000000000045,0,Medium,Medium,Medium,No
2462,2462,2463,L49642,L,298.9,308.5,1742,34.5,117,0,0,0,0,0,0,9.600000000000023,0,Medium,High,Medium,No
2463,2463,2464,L49643,L,298.9,308.5,1580,39.1,119,0,0,0,0,0,0,9.600000000000023,0,Medium,Medium,Medium,No
2464,2464,2465,M17324,M,298.9,308.5,1534,42.9,121,0,0,0,0,0,0,9.600000000000023,0,Medium,Medium,Medium,No
2465,2465,2466,L49645,L,298.9,308.6,1481,40.7,124,0,0,0,0,0,0,9.700000000000045,0,Medium,Medium,Medium,No
2466,2466,2467,L49646,L,299.0,308.6,1429,37.7,126,0,0,0,0,0,0,9.600000000000023,0,Medium,Medium,Medium,No
2467,2467,2468,M17327,M,298.9,308.6,1574,33.5,128,0,0,0,0,0,0,9.700000000000045,0,Medium,Medium,Medium,No
2468,2468,2469,M17328,M,298.9,308.6,1524,40.4,131,0,0,0,0,0,0,9.700000000000045,0,Medium,Medium,High,No
2469,2469,2470,L49649,L,299.0,308.7,1507,37.5,134,0,0,0,0,0,0,9.699999999999989,0,Medium,Medium,High,No
2470,2470,2471,L49650,L,298.9,308.5,1467,44.7,136,0,0,0,0,0,0,9.600000000000023,0,Medium,Medium,High,No
2471,2471,2472,L49651,L,298.9,308.4,1301,51.1,138,0,0,0,0,0,0,9.5,0,High,Medium,High,No
2472,2472,2473,L49652,L,298.9,308.5,1429,55.1,140,0,0,0,0,0,0,9.600000000000023,0,High,Medium,High,No
2473,2473,2474,M17333,M,298.9,308.5,1555,37.6,142,0,0,0,0,0,0,9.600000000000023,0,Medium,Medium,High,No
2474,2474,2475,L49654,L,298.9,308.5,1503,40.6,145,0,0,0,0,0,0,9.600000000000023,0,Medium,Medium,High,No
2475,2475,2476,L49655,L,298.9,308.5,1459,43.1,147,0,0,0,0,0,0,9.600000000000023,0,Medium,Medium,High,No
2476,2476,2477,H31890,H,298.9,308.4,1449,42.4,149,0,0,0,0,0,0,9.5,0,Medium,Medium,High,No
2477,2477,2478,L49657,L,298.9,308.5,1387,57.3,154,0,0,0,0,0,0,9.600000000000023,0,High,Medium,High,No
2478,2478,2479,M17338,M,298.9,308.5,1456,50.0,156,0,0,0,0,0,0,9.600000000000023,0,High,Medium,High,No
2479,2479,2480,L49659,L,299.0,308.5,1604,34.7,159,0,0,0,0,0,0,9.5,0,Medium,Medium,High,No
2480,2480,2481,L49660,L,299.0,308.6,1734,32.4,161,0,0,0,0,0,0,9.600000000000023,0,Medium,High,High,No
2481,2481,2482,L49661,L,299.0,308.6,1378,47.8,163,0,0,0,0,0,0,9.600000000000023,0,High,Medium,High,No
2482,2482,2483,L49662,L,298.9,308.7,1504,41.8,165,0,0,0,0,0,0,9.800000000000011,0,Medium,Medium,High,No
2483,2483,2484,M17343,M,298.9,308.7,1402,49.8,167,0,0,0,0,0,0,9.800000000000011,0,High,Medium,High,No
2484,2484,2485,H31898,H,298.8,308.6,1524,37.7,170,0,0,0,0,0,0,9.800000000000011,0,Medium,Medium,High,No
2485,2485,2486,L49665,L,298.8,308.6,1593,35.5,175,0,0,0,0,0,0,9.800000000000011,0,Medium,Medium,High,No
2486,2486,2487,M17346,M,298.9,308.7,1772,28.4,177,0,0,0,0,0,0,9.800000000000011,0,Medium,High,High,No
2487,2487,2488,H31901,H,298.9,308.6,1623,31.0,180,0,0,0,0,0,0,9.700000000000045,0,Medium,Medium,High,No
2488,2488,2489,L49668,L,298.9,308.7,1356,50.7,185,0,0,0,0,0,0,9.800000000000011,0,High,Medium,High,No
2489,2489,2490,H31903,H,298.9,308.7,1500,41.6,187,0,0,0,0,0,0,9.800000000000011,0,Medium,Medium,High,No
2490,2490,2491,H31904,H,299.1,308.8,1566,46.6,192,0,0,0,0,0,0,9.699999999999989,0,High,Medium,High,No
2491,2491,2492,L49671,L,299.1,308.9,1445,43.4,197,0,0,0,0,0,0,9.799999999999955,0,Medium,Medium,High,No
2492,2492,2493,H31906,H,299.0,308.8,1382,58.5,199,0,0,0,0,0,0,9.800000000000011,0,High,Medium,High,No
2493,2493,2494,M17353,M,299.0,308.8,1418,45.7,204,0,0,0,0,0,0,9.800000000000011,0,High,Medium,High,No
2494,2494,2495,L49674,L,299.1,308.8,1329,53.6,207,1,0,0,0,1,0,9.699999999999989,1,High,Medium,High,No
2495,2495,2496,M17355,M,299.1,308.8,1491,41.0,209,0,0,0,0,0,0,9.699999999999989,0,Medium,Medium,High,No
2496,2496,2497,M17356,M,299.2,308.9,1573,37.4,212,0,0,0,0,0,0,9.699999999999989,0,Medium,Medium,High,No
2497,2497,2498,M17357,M,299.2,308.9,1521,42.3,215,0,0,0,0,0,0,9.699999999999989,0,Medium,Medium,High,No
2498,2498,2499,L49678,L,299.1,308.9,1467,47.2,218,0,0,0,0,0,0,9.799999999999955,0,High,Medium,High,No
2499,2499,2500,M17359,M,299.1,308.9,1325,48.4,220,0,0,0,0,0,0,9.799999999999955,0,High,Medium,High,No
2500,2500,2501,L49680,L,299.1,308.9,1617,32.3,223,0,0,0,0,0,0,9.799999999999955,0,Medium,Medium,High,No
2501,2501,2502,M17361,M,299.1,308.9,1476,42.7,225,0,0,0,0,0,0,9.799999999999955,0,Medium,Medium,High,No
2502,2502,2503,L49682,L,299.2,309.0,1515,48.9,228,1,0,0,0,1,0,9.800000000000011,1,High,Medium,High,No
2503,2503,2504,L49683,L,299.2,309.0,1408,47.2,0,0,0,0,0,0,0,9.800000000000011,0,High,Medium,Low,No
2504,2504,2505,L49684,L,299.2,309.1,1468,45.6,2,0,0,0,0,0,0,9.900000000000034,0,High,Medium,Low,No
2505,2505,2506,L49685,L,299.2,309.1,1387,48.7,4,0,0,0,0,0,0,9.900000000000034,0,High,Medium,Low,No
2506,2506,2507,M17366,M,299.2,309.1,1503,34.7,6,0,0,0,0,0,0,9.900000000000034,0,Medium,Medium,Low,No
2507,2507,2508,H31921,H,299.2,309.1,1410,47.1,9,0,0,0,0,0,0,9.900000000000034,0,High,Medium,Low,No
2508,2508,2509,L49688,L,299.0,308.9,1615,30.6,14,0,0,0,0,0,0,9.899999999999977,0,Medium,Medium,Low,No
2509,2509,2510,L49689,L,299.0,308.9,1511,35.9,16,0,0,0,0,0,0,9.899999999999977,0,Medium,Medium,Low,No
2510,2510,2511,L49690,L,299.1,309.0,1405,53.8,18,0,0,0,0,0,0,9.899999999999977,0,High,Medium,Low,No
2511,2511,2512,M17371,M,299.0,308.9,1526,41.1,20,0,0,0,0,0,0,9.899999999999977,0,Medium,Medium,Low,No
2512,2512,2513,L49692,L,298.9,308.8,1530,38.3,23,0,0,0,0,0,0,9.900000000000034,0,Medium,Medium,Low,No
2513,2513,2514,L49693,L,299.0,308.7,1583,32.5,25,0,0,0,0,0,0,9.699999999999989,0,Medium,Medium,Low,No
2514,2514,2515,L49694,L,298.9,308.6,2069,18.7,27,0,0,0,0,0,0,9.700000000000045,0,Low,High,Low,No
2515,2515,2516,L49695,L,298.8,308.5,1490,35.0,29,0,0,0,0,0,0,9.699999999999989,0,Medium,Medium,Low,No
2516,2516,2517,L49696,L,298.8,308.5,1736,29.0,31,0,0,0,0,0,0,9.699999999999989,0,Medium,High,Low,No
2517,2517,2518,L49697,L,298.8,308.5,1395,44.4,33,0,0,0,0,0,0,9.699999999999989,0,Medium,Medium,Low,No
2518,2518,2519,M17378,M,298.9,308.6,1425,49.6,35,0,0,0,0,0,0,9.700000000000045,0,High,Medium,Low,No
2519,2519,2520,L49699,L,298.8,308.6,1631,32.4,38,0,0,0,0,0,0,9.800000000000011,0,Medium,Medium,Low,No
2520,2520,2521,L49700,L,298.8,308.6,1535,41.2,40,0,0,0,0,0,0,9.800000000000011,0,Medium,Medium,Low,No
2521,2521,2522,L49701,L,298.8,308.6,1584,34.4,42,0,0,0,0,0,0,9.800000000000011,0,Medium,Medium,Low,No
2522,2522,2523,M17382,M,298.8,308.7,1543,38.2,44,0,0,0,0,0,0,9.899999999999977,0,Medium,Medium,Low,No
2523,2523,2524,L49703,L,298.8,308.7,1635,35.2,47,0,0,0,0,0,0,9.899999999999977,0,Medium,Medium,Low,No
2524,2524,2525,M17384,M,298.8,308.7,1446,45.5,49,0,0,0,0,0,0,9.899999999999977,0,High,Medium,Low,No
2525,2525,2526,M17385,M,298.8,308.6,1598,35.1,52,0,0,0,0,0,0,9.800000000000011,0,Medium,Medium,Low,No
2526,2526,2527,L49706,L,298.8,308.6,1501,35.0,55,0,0,0,0,0,0,9.800000000000011,0,Medium,Medium,Low,No
2527,2527,2528,L49707,L,298.8,308.5,1450,50.8,57,0,0,0,0,0,0,9.699999999999989,0,High,Medium,Low,No
2528,2528,2529,L49708,L,298.8,308.6,1730,25.9,59,0,0,0,0,0,0,9.800000000000011,0,High,High,Low,No
2529,2529,2530,M17389,M,298.8,308.6,1571,33.7,61,0,0,0,0,0,0,9.800000000000011,0,Medium,Medium,Low,No
2530,2530,2531,L49710,L,298.9,308.7,1438,51.7,64,0,0,0,0,0,0,9.800000000000011,0,High,Medium,Low,No
2531,2531,2532,M17391,M,298.8,308.5,1510,38.7,66,0,0,0,0,0,0,9.699999999999989,0,Medium,Medium,Low,No
2532,2532,2533,L49712,L,298.9,308.7,1389,44.9,69,0,0,0,0,0,0,9.800000000000011,0,Medium,Medium,Low,No
2533,2533,2534,L49713,L,298.8,308.7,1490,33.6,71,0,0,0,0,0,0,9.899999999999977,0,Medium,Medium,Low,No
2534,2534,2535,L49714,L,298.9,308.7,1729,26.6,73,0,0,0,0,0,0,9.800000000000011,0,Medium,High,Low,No
2535,2535,2536,L49715,L,299.0,308.8,1495,38.4,75,0,0,0,0,0,0,9.800000000000011,0,Medium,Medium,Low,No
2536,2536,2537,L49716,L,298.9,308.8,1281,53.9,77,0,0,0,0,0,0,9.900000000000034,0,High,Medium,Low,No
2537,2537,2538,H31951,H,298.9,308.7,1353,48.1,79,0,0,0,0,0,0,9.800000000000011,0,High,Medium,Low,No
2538,2538,2539,L49718,L,299.1,308.8,1429,50.1,84,0,0,0,0,0,0,9.699999999999989,0,High,Medium,Medium,No
2539,2539,2540,L49719,L,299.1,308.8,1413,42.1,86,0,0,0,0,0,0,9.699999999999989,0,Medium,Medium,Medium,No
2540,2540,2541,L49720,L,299.1,308.8,1502,38.3,88,0,0,0,0,0,0,9.699999999999989,0,Medium,Medium,Medium,No
2541,2541,2542,H31955,H,299.1,308.8,1553,32.6,90,0,0,0,0,0,0,9.699999999999989,0,Medium,Medium,Medium,No
2542,2542,2543,H31956,H,299.2,308.9,1712,26.4,95,0,0,0,0,0,0,9.699999999999989,0,Medium,High,Medium,No
2543,2543,2544,L49723,L,299.3,309.0,1786,23.5,100,0,0,0,0,0,0,9.699999999999989,0,Low,High,Medium,No
2544,2544,2545,L49724,L,299.2,309.0,1951,21.4,102,0,0,0,0,0,0,9.800000000000011,0,Low,High,Medium,No
2545,2545,2546,M17405,M,299.2,309.0,1541,36.3,104,0,0,0,0,0,0,9.800000000000011,0,Medium,Medium,Medium,No
2546,2546,2547,L49726,L,299.2,309.1,1605,34.3,107,0,0,0,0,0,0,9.900000000000034,0,Medium,Medium,Medium,No
2547,2547,2548,L49727,L,299.2,309.1,1578,38.1,109,0,0,0,0,0,0,9.900000000000034,0,Medium,Medium,Medium,No
2548,2548,2549,M17408,M,299.3,309.2,1440,37.5,111,0,0,0,0,0,0,9.899999999999977,0,Medium,Medium,Medium,No
2549,2549,2550,L49729,L,299.4,309.2,1489,42.3,114,0,0,0,0,0,0,9.800000000000011,0,Medium,Medium,Medium,No
2550,2550,2551,L49730,L,299.4,309.3,1366,48.4,116,0,0,0,0,0,0,9.900000000000034,0,High,Medium,Medium,No
2551,2551,2552,L49731,L,299.3,309.2,1541,37.2,118,0,0,0,0,0,0,9.899999999999977,0,Medium,Medium,Medium,No
2552,2552,2553,H31966,H,299.3,309.1,1552,40.7,120,0,0,0,0,0,0,9.800000000000011,0,Medium,Medium,Medium,No
2553,2553,2554,L49733,L,299.3,309.1,1473,40.3,125,0,0,0,0,0,0,9.800000000000011,0,Medium,Medium,Medium,No
2554,2554,2555,L49734,L,299.3,309.1,1531,37.9,127,0,0,0,0,0,0,9.800000000000011,0,Medium,Medium,Medium,No
2555,2555,2556,L49735,L,299.3,309.2,1511,37.2,129,0,0,0,0,0,0,9.899999999999977,0,Medium,Medium,Medium,No
2556,2556,2557,M17416,M,299.3,309.1,1449,47.9,131,0,0,0,0,0,0,9.800000000000011,0,High,Medium,High,No
2557,2557,2558,M17417,M,299.4,309.1,1440,50.0,134,0,0,0,0,0,0,9.700000000000045,0,High,Medium,High,No
2558,2558,2559,M17418,M,299.2,309.0,1881,23.9,137,0,0,0,0,0,0,9.800000000000011,0,Low,High,High,No
2559,2559,2560,L49739,L,299.3,309.0,1447,50.4,140,0,0,0,0,0,1,9.699999999999989,1,High,Medium,High,No
2560,2560,2561,M17420,M,299.4,309.1,1326,62.0,142,0,0,0,0,0,0,9.700000000000045,0,High,Medium,High,No
2561,2561,2562,L49741,L,299.4,309.2,1607,31.7,145,0,0,0,0,0,0,9.800000000000011,0,Medium,Medium,High,No
2562,2562,2563,L49742,L,299.3,309.1,1551,39.1,147,0,0,0,0,0,0,9.800000000000011,0,Medium,Medium,High,No
2563,2563,2564,L49743,L,299.3,309.1,1496,37.2,149,0,0,0,0,0,0,9.800000000000011,0,Medium,Medium,High,No
2564,2564,2565,L49744,L,299.3,309.1,1493,38.0,151,0,0,0,0,0,0,9.800000000000011,0,Medium,Medium,High,No
2565,2565,2566,L49745,L,299.4,309.1,1304,50.5,153,0,0,0,0,0,0,9.700000000000045,0,High,Medium,High,No
2566,2566,2567,M17426,M,299.3,309.0,1420,41.6,155,0,0,0,0,0,0,9.699999999999989,0,Medium,Medium,High,No
2567,2567,2568,L49747,L,299.4,309.1,1766,24.6,158,0,0,0,0,0,0,9.700000000000045,0,Low,High,High,No
2568,2568,2569,L49748,L,299.6,309.2,1450,43.1,160,0,0,0,0,0,0,9.599999999999966,0,Medium,Medium,High,No
2569,2569,2570,H31983,H,299.5,309.2,1872,22.6,162,0,0,0,0,0,0,9.699999999999989,0,Low,High,High,No
2570,2570,2571,L49750,L,299.6,309.2,1713,26.5,167,0,0,0,0,0,0,9.599999999999966,0,Medium,High,High,No
2571,2571,2572,M17431,M,299.5,309.2,1497,40.9,169,0,0,0,0,0,0,9.699999999999989,0,Medium,Medium,High,No
2572,2572,2573,M17432,M,299.4,309.1,1352,44.7,172,0,0,0,0,0,0,9.700000000000045,0,Medium,Medium,High,No
2573,2573,2574,L49753,L,299.5,309.2,1499,41.5,175,0,0,0,0,0,0,9.699999999999989,0,Medium,Medium,High,No
2574,2574,2575,L49754,L,299.5,309.3,1972,19.3,177,0,0,0,0,0,0,9.800000000000011,0,Low,High,High,No
2575,2575,2576,L49755,L,299.5,309.3,1422,49.2,179,0,0,0,0,0,0,9.800000000000011,0,High,Medium,High,No
2576,2576,2577,L49756,L,299.5,309.3,1523,41.5,181,0,0,0,0,0,0,9.800000000000011,0,Medium,Medium,High,No
2577,2577,2578,L49757,L,299.5,309.4,1563,41.5,183,0,0,0,0,0,0,9.899999999999977,0,Medium,Medium,High,No
2578,2578,2579,L49758,L,299.4,309.3,1391,46.6,185,0,0,0,0,0,0,9.900000000000034,0,High,Medium,High,No
2579,2579,2580,L49759,L,299.3,309.1,1795,24.7,187,0,0,0,0,0,0,9.800000000000011,0,Low,High,High,No
2580,2580,2581,L49760,L,299.3,309.1,1293,53.7,189,0,0,0,0,0,0,9.800000000000011,0,High,Medium,High,No
2581,2581,2582,L49761,L,299.2,309.1,1345,60.7,191,1,0,0,0,1,0,9.900000000000034,1,High,Medium,High,No
2582,2582,2583,L49762,L,299.2,309.0,1615,33.7,193,0,0,0,0,0,0,9.800000000000011,0,Medium,Medium,High,No
2583,2583,2584,L49763,L,299.2,308.9,1342,50.8,195,0,0,0,0,0,0,9.699999999999989,0,High,Medium,High,No
2584,2584,2585,L49764,L,299.1,308.8,1502,46.7,197,0,0,0,0,0,0,9.699999999999989,0,High,Medium,High,No
2585,2585,2586,M17445,M,299.0,308.7,1620,35.4,199,0,0,0,0,0,0,9.699999999999989,0,Medium,Medium,High,No
2586,2586,2587,L49766,L,299.0,308.7,1537,42.8,202,0,0,0,0,0,0,9.699999999999989,0,Medium,Medium,High,No
2587,2587,2588,L49767,L,299.0,308.7,2248,16.8,204,0,0,0,0,0,0,9.699999999999989,0,Low,High,High,No
2588,2588,2589,L49768,L,299.0,308.7,1706,28.6,206,0,0,0,0,0,0,9.699999999999989,0,Medium,High,High,No
2589,2589,2590,L49769,L,299.0,308.7,2250,16.6,208,0,0,0,0,0,0,9.699999999999989,0,Low,High,High,No
2590,2590,2591,L49770,L,299.0,308.7,1396,48.6,0,0,0,0,0,0,0,9.699999999999989,0,High,Medium,Low,No
2591,2591,2592,L49771,L,298.9,308.6,1522,46.4,2,0,0,0,0,0,0,9.700000000000045,0,High,Medium,Low,No
2592,2592,2593,L49772,L,298.9,308.6,1539,45.4,4,0,0,0,0,0,0,9.700000000000045,0,High,Medium,Low,No
2593,2593,2594,H32007,H,298.9,308.5,1415,54.0,6,0,0,0,0,0,0,9.600000000000023,0,High,Medium,Low,No
2594,2594,2595,L49774,L,298.8,308.5,1446,37.0,11,0,0,0,0,0,0,9.699999999999989,0,Medium,Medium,Low,No
2595,2595,2596,M17455,M,298.8,308.6,1486,41.1,13,0,0,0,0,0,0,9.800000000000011,0,Medium,Medium,Low,No
2596,2596,2597,L49776,L,299.0,308.7,1426,38.6,16,0,0,0,0,0,0,9.699999999999989,0,Medium,Medium,Low,No
2597,2597,2598,L49777,L,299.0,308.7,1449,38.9,18,0,0,0,0,0,0,9.699999999999989,0,Medium,Medium,Low,No
2598,2598,2599,L49778,L,299.1,308.8,1320,67.5,20,1,0,0,1,0,0,9.699999999999989,1,High,Medium,Low,No
2599,2599,2600,M17459,M,299.2,308.9,1447,39.6,22,0,0,0,0,0,0,9.699999999999989,0,Medium,Medium,Low,No
2600,2600,2601,L49780,L,299.3,309.0,1422,47.3,25,0,0,0,0,0,0,9.699999999999989,0,High,Medium,Low,No
2601,2601,2602,L49781,L,299.3,309.1,1399,52.1,27,0,0,0,0,0,0,9.800000000000011,0,High,Medium,Low,No
2602,2602,2603,L49782,L,299.4,309.2,1427,41.5,29,0,0,0,0,0,0,9.800000000000011,0,Medium,Medium,Low,No
2603,2603,2604,M17463,M,299.3,309.2,1334,46.3,31,0,0,0,0,0,0,9.899999999999977,0,High,Medium,Low,No
2604,2604,2605,M17464,M,299.3,309.1,1385,45.6,34,0,0,0,0,0,0,9.800000000000011,0,High,Medium,Low,No
2605,2605,2606,L49785,L,299.4,309.2,1552,37.4,37,0,0,0,0,0,0,9.800000000000011,0,Medium,Medium,Low,No
2606,2606,2607,H32020,H,299.4,309.3,1534,37.5,39,0,0,0,0,0,0,9.900000000000034,0,Medium,Medium,Low,No
2607,2607,2608,L49787,L,299.4,309.3,1448,48.6,44,0,0,0,0,0,0,9.900000000000034,0,High,Medium,Low,No
2608,2608,2609,L49788,L,299.5,309.3,1409,44.7,46,0,0,0,0,0,0,9.800000000000011,0,Medium,Medium,Low,No
2609,2609,2610,L49789,L,299.4,309.2,1621,34.5,48,0,0,0,0,0,0,9.800000000000011,0,Medium,Medium,Low,No
2610,2610,2611,H32024,H,299.4,309.1,1547,40.9,50,0,0,0,0,0,0,9.700000000000045,0,Medium,Medium,Low,No
2611,2611,2612,L49791,L,299.4,309.1,1957,22.1,55,0,0,0,0,0,0,9.700000000000045,0,Low,High,Low,No
2612,2612,2613,L49792,L,299.4,309.1,2421,14.2,57,0,0,0,0,0,0,9.700000000000045,0,Low,High,Low,No
2613,2613,2614,M17473,M,299.3,309.1,1571,38.3,59,0,0,0,0,0,0,9.800000000000011,0,Medium,Medium,Low,No
2614,2614,2615,L49794,L,299.3,309.1,1634,36.8,62,0,0,0,0,0,0,9.800000000000011,0,Medium,Medium,Low,No
2615,2615,2616,L49795,L,299.3,309.0,1516,38.7,64,0,0,0,0,0,0,9.699999999999989,0,Medium,Medium,Low,No
2616,2616,2617,L49796,L,299.4,309.1,1207,66.5,66,0,0,0,0,0,0,9.700000000000045,0,High,Low,Low,No
2617,2617,2618,L49797,L,299.4,309.1,1670,35.9,68,0,0,0,0,0,0,9.700000000000045,0,Medium,High,Low,No
2618,2618,2619,M17478,M,299.4,309.1,1461,48.6,70,0,0,0,0,0,0,9.700000000000045,0,High,Medium,Low,No
2619,2619,2620,L49799,L,299.4,309.2,1569,40.8,73,0,0,0,0,0,0,9.800000000000011,0,Medium,Medium,Low,No
2620,2620,2621,L49800,L,299.4,309.2,1556,35.7,75,0,0,0,0,0,0,9.800000000000011,0,Medium,Medium,Low,No
2621,2621,2622,M17481,M,299.5,309.3,1506,41.5,77,0,0,0,0,0,0,9.800000000000011,0,Medium,Medium,Low,No
2622,2622,2623,M17482,M,299.6,309.4,1642,30.3,80,0,0,0,0,0,0,9.799999999999955,0,Medium,Medium,Low,No
2623,2623,2624,M17483,M,299.6,309.4,1283,62.1,83,0,0,0,0,0,0,9.799999999999955,0,High,Medium,Medium,No
2624,2624,2625,H32038,H,299.7,309.5,1375,46.8,86,0,0,0,0,0,0,9.800000000000011,0,High,Medium,Medium,No
2625,2625,2626,L49805,L,299.7,309.4,1399,39.9,91,0,0,0,0,0,0,9.699999999999989,0,Medium,Medium,Medium,No
2626,2626,2627,L49806,L,299.7,309.4,1650,29.8,93,0,0,0,0,0,0,9.699999999999989,0,Medium,Medium,Medium,No
2627,2627,2628,M17487,M,299.8,309.6,1346,53.2,95,0,0,0,0,0,0,9.800000000000011,0,High,Medium,Medium,No
2628,2628,2629,H32042,H,299.9,309.6,1410,51.2,98,0,0,0,0,0,0,9.700000000000045,0,High,Medium,Medium,No
2629,2629,2630,L49809,L,300.0,309.7,1586,37.8,103,0,0,0,0,0,0,9.699999999999989,0,Medium,Medium,Medium,No
2630,2630,2631,L49810,L,300.0,309.8,1372,39.6,105,0,0,0,0,0,0,9.800000000000011,0,Medium,Medium,Medium,No
2631,2631,2632,H32045,H,300.0,309.7,1529,42.4,107,0,0,0,0,0,0,9.699999999999989,0,Medium,Medium,Medium,No
2632,2632,2633,M17492,M,300.0,309.7,1652,28.6,112,0,0,0,0,0,0,9.699999999999989,0,Medium,High,Medium,No
2633,2633,2634,L49813,L,300.1,309.8,1532,39.8,115,0,0,0,0,0,0,9.699999999999989,0,Medium,Medium,Medium,No
2634,2634,2635,L49814,L,300.0,309.7,1554,32.0,117,0,0,0,0,0,0,9.699999999999989,0,Medium,Medium,Medium,No
2635,2635,2636,H32049,H,299.9,309.6,1462,51.0,119,0,0,0,0,0,0,9.700000000000045,0,High,Medium,Medium,No
2636,2636,2637,L49816,L,299.9,309.6,1254,61.3,124,0,0,0,0,0,0,9.700000000000045,0,High,Medium,Medium,No
2637,2637,2638,L49817,L,299.9,309.6,1294,49.7,126,0,0,0,0,0,0,9.700000000000045,0,High,Medium,Medium,No
2638,2638,2639,L49818,L,299.8,309.5,1739,27.5,128,0,0,0,0,0,0,9.699999999999989,0,Medium,High,Medium,No
2639,2639,2640,M17499,M,299.8,309.4,1412,47.8,130,0,0,0,0,0,0,9.599999999999966,0,High,Medium,Medium,No
2640,2640,2641,M17500,M,299.9,309.5,1372,56.2,133,0,0,0,0,0,0,9.600000000000023,0,High,Medium,High,No
2641,2641,2642,H32055,H,299.8,309.5,1420,46.7,136,0,0,0,0,0,0,9.699999999999989,0,High,Medium,High,No
2642,2642,2643,L49822,L,299.8,309.5,1542,40.3,141,0,0,0,0,0,0,9.699999999999989,0,Medium,Medium,High,No
2643,2643,2644,M17503,M,299.8,309.4,1401,48.1,143,0,0,0,0,0,0,9.599999999999966,0,High,Medium,High,No
2644,2644,2645,L49824,L,299.8,309.4,1510,42.5,146,0,0,0,0,0,0,9.599999999999966,0,Medium,Medium,High,No
2645,2645,2646,H32059,H,299.9,309.5,1547,38.5,148,0,0,0,0,0,0,9.600000000000023,0,Medium,Medium,High,No
2646,2646,2647,M17506,M,299.8,309.5,1453,43.2,153,0,0,0,0,0,0,9.699999999999989,0,Medium,Medium,High,No
2647,2647,2648,L49827,L,299.8,309.4,1408,45.6,156,0,0,0,0,0,0,9.599999999999966,0,High,Medium,High,No
2648,2648,2649,L49828,L,299.8,309.4,1436,51.6,158,0,0,0,0,0,0,9.599999999999966,0,High,Medium,High,No
2649,2649,2650,M17509,M,299.9,309.5,1582,38.2,160,0,0,0,0,0,0,9.600000000000023,0,Medium,Medium,High,No
2650,2650,2651,L49830,L,299.9,309.6,1280,59.3,163,0,0,0,0,0,0,9.700000000000045,0,High,Medium,High,No
2651,2651,2652,L49831,L,299.9,309.5,2008,20.4,165,0,0,0,0,0,0,9.600000000000023,0,Low,High,High,No
2652,2652,2653,L49832,L,299.9,309.5,1772,23.5,167,0,0,0,0,0,0,9.600000000000023,0,Low,High,High,No
2653,2653,2654,L49833,L,299.9,309.5,1779,26.1,169,0,0,0,0,0,0,9.600000000000023,0,Medium,High,High,No
2654,2654,2655,L49834,L,299.9,309.5,1567,35.5,171,0,0,0,0,0,0,9.600000000000023,0,Medium,Medium,High,No
2655,2655,2656,M17515,M,299.8,309.4,1751,27.0,173,0,0,0,0,0,0,9.599999999999966,0,Medium,High,High,No
2656,2656,2657,L49836,L,299.9,309.5,1349,51.3,176,0,0,0,0,0,0,9.600000000000023,0,High,Medium,High,No
2657,2657,2658,M17517,M,300.0,309.5,1425,40.8,178,0,0,0,0,0,0,9.5,0,Medium,Medium,High,No
2658,2658,2659,L49838,L,300.0,309.4,1395,44.5,181,0,0,0,0,0,0,9.399999999999977,0,Medium,Medium,High,No
2659,2659,2660,H32073,H,299.8,309.3,1595,32.1,183,0,0,0,0,0,0,9.5,0,Medium,Medium,High,No
2660,2660,2661,L49840,L,299.8,309.3,1291,56.4,188,0,0,0,0,0,0,9.5,0,High,Medium,High,No
2661,2661,2662,M17521,M,299.9,309.4,1509,42.8,190,0,0,0,0,0,0,9.5,0,Medium,Medium,High,No
2662,2662,2663,M17522,M,299.9,309.4,1483,38.1,193,0,0,0,0,0,0,9.5,0,Medium,Medium,High,No
2663,2663,2664,L49843,L,299.9,309.3,1620,31.1,196,0,0,0,0,0,0,9.400000000000034,0,Medium,Medium,High,No
2664,2664,2665,M17524,M,299.9,309.4,1487,42.2,198,0,0,0,0,0,0,9.5,0,Medium,Medium,High,No
2665,2665,2666,L49845,L,299.8,309.4,2256,15.9,201,0,0,0,0,0,0,9.599999999999966,0,Low,High,High,No
2666,2666,2667,H32080,H,299.7,309.2,1691,27.7,203,0,0,0,0,0,0,9.5,0,Medium,High,High,No
2667,2667,2668,M17527,M,299.8,309.3,1663,35.2,208,0,0,0,0,0,0,9.5,0,Medium,High,High,No
2668,2668,2669,M17528,M,299.8,309.3,1640,31.1,211,0,0,0,0,0,0,9.5,0,Medium,Medium,High,No
2669,2669,2670,H32083,H,299.7,309.3,1494,37.8,214,0,0,0,0,0,0,9.600000000000023,0,Medium,Medium,High,No
2670,2670,2671,L49850,L,299.8,309.4,1467,46.2,219,0,0,0,0,0,0,9.599999999999966,0,High,Medium,High,No
2671,2671,2672,M17531,M,299.7,309.3,1399,41.9,221,1,1,0,0,0,0,9.600000000000023,1,Medium,Medium,High,No
2672,2672,2673,L49852,L,299.7,309.3,1445,42.6,0,0,0,0,0,0,0,9.600000000000023,0,Medium,Medium,Low,No
2673,2673,2674,L49853,L,299.8,309.4,1480,40.9,2,0,0,0,0,0,0,9.599999999999966,0,Medium,Medium,Low,No
2674,2674,2675,L49854,L,299.7,309.3,1546,37.2,4,0,0,0,0,0,0,9.600000000000023,0,Medium,Medium,Low,No
2675,2675,2676,L49855,L,299.7,309.3,1574,35.8,6,0,0,0,0,0,0,9.600000000000023,0,Medium,Medium,Low,No
2676,2676,2677,L49856,L,299.7,309.3,1592,34.2,8,0,0,0,0,0,0,9.600000000000023,0,Medium,Medium,Low,No
2677,2677,2678,L49857,L,299.8,309.5,1495,39.6,10,0,0,0,0,0,0,9.699999999999989,0,Medium,Medium,Low,No
2678,2678,2679,L49858,L,299.8,309.6,1447,43.1,12,0,0,0,0,0,0,9.800000000000011,0,Medium,Medium,Low,No
2679,2679,2680,L49859,L,299.8,309.5,1476,44.4,14,0,0,0,0,0,0,9.699999999999989,0,Medium,Medium,Low,No
2680,2680,2681,L49860,L,299.8,309.5,1641,27.1,16,0,0,0,0,0,0,9.699999999999989,0,Medium,Medium,Low,No
2681,2681,2682,L49861,L,299.8,309.5,1545,32.2,18,0,0,0,0,0,0,9.699999999999989,0,Medium,Medium,Low,No
2682,2682,2683,M17542,M,299.9,309.6,1364,44.4,20,0,0,0,0,0,0,9.700000000000045,0,Medium,Medium,Low,No
2683,2683,2684,L49863,L,299.8,309.5,1590,28.5,23,0,0,0,0,0,0,9.699999999999989,0,Medium,Medium,Low,No
2684,2684,2685,L49864,L,299.8,309.4,1460,37.4,25,0,0,0,0,0,0,9.599999999999966,0,Medium,Medium,Low,No
2685,2685,2686,L49865,L,299.8,309.4,1609,32.5,27,0,0,0,0,0,0,9.599999999999966,0,Medium,Medium,Low,No
2686,2686,2687,L49866,L,299.8,309.4,1633,27.5,29,0,0,0,0,0,0,9.599999999999966,0,Medium,Medium,Low,No
2687,2687,2688,L49867,L,299.9,309.4,1348,52.8,31,0,0,0,0,0,0,9.5,0,High,Medium,Low,No
2688,2688,2689,L49868,L,299.9,309.4,1322,53.9,33,0,0,0,0,0,0,9.5,0,High,Medium,Low,No
2689,2689,2690,L49869,L,300.0,309.5,1641,30.1,35,0,0,0,0,0,0,9.5,0,Medium,Medium,Low,No
2690,2690,2691,L49870,L,300.0,309.5,1728,26.0,37,0,0,0,0,0,0,9.5,0,Medium,High,Low,No
2691,2691,2692,L49871,L,300.0,309.6,1431,47.7,39,0,0,0,0,0,0,9.600000000000023,0,High,Medium,Low,No
2692,2692,2693,L49872,L,300.1,309.7,1641,30.4,41,0,0,0,0,0,0,9.599999999999966,0,Medium,Medium,Low,No
2693,2693,2694,M17553,M,300.1,309.6,1622,36.1,43,0,0,0,0,0,0,9.5,0,Medium,Medium,Low,No
2694,2694,2695,M17554,M,300.1,309.6,1625,38.0,46,0,0,0,0,0,0,9.5,0,Medium,Medium,Low,No
2695,2695,2696,L49875,L,300.0,309.5,1869,22.7,49,0,0,0,0,0,0,9.5,0,Low,High,Low,No
2696,2696,2697,L49876,L,300.0,309.6,1452,46.0,51,0,0,0,0,0,0,9.600000000000023,0,High,Medium,Low,No
2697,2697,2698,L49877,L,300.0,309.6,1618,28.7,53,0,0,0,0,0,0,9.600000000000023,0,Medium,Medium,Low,No
2698,2698,2699,L49878,L,300.0,309.4,2010,20.0,55,0,0,0,0,0,0,9.399999999999977,0,Low,High,Low,No
2699,2699,2700,L49879,L,299.9,309.4,1363,60.9,57,0,0,0,0,0,0,9.5,0,High,Medium,Low,No
2700,2700,2701,L49880,L,299.9,309.3,1473,40.4,59,0,0,0,0,0,0,9.400000000000034,0,Medium,Medium,Low,No
2701,2701,2702,L49881,L,299.9,309.2,1333,50.8,61,0,0,0,0,0,0,9.300000000000011,0,High,Medium,Low,No
2702,2702,2703,L49882,L,299.8,309.2,1760,25.9,63,0,0,0,0,0,0,9.399999999999977,0,High,High,Low,No
2703,2703,2704,M17563,M,299.8,309.2,1372,58.2,65,0,0,0,0,0,0,9.399999999999977,0,High,Medium,Low,No
2704,2704,2705,M17564,M,299.7,309.2,1608,34.4,68,0,0,0,0,0,0,9.5,0,Medium,Medium,Low,No
2705,2705,2706,L49885,L,299.7,309.2,1326,64.8,71,0,0,0,0,0,0,9.5,0,High,Medium,Low,No
2706,2706,2707,M17566,M,299.6,309.1,1560,37.1,73,0,0,0,0,0,0,9.5,0,Medium,Medium,Low,No
2707,2707,2708,M17567,M,299.6,309.0,1539,36.1,76,0,0,0,0,0,0,9.399999999999977,0,Medium,Medium,Low,No
2708,2708,2709,L49888,L,299.6,309.1,2266,15.3,79,0,0,0,0,0,0,9.5,0,Low,High,Low,No
2709,2709,2710,L49889,L,299.6,309.1,1641,35.8,81,0,0,0,0,0,0,9.5,0,Medium,Medium,Medium,No
2710,2710,2711,L49890,L,299.6,309.1,1574,39.2,83,0,0,0,0,0,0,9.5,0,Medium,Medium,Medium,No
2711,2711,2712,L49891,L,299.6,309.1,1407,50.6,85,0,0,0,0,0,0,9.5,0,High,Medium,Medium,No
2712,2712,2713,H32126,H,299.7,309.2,1302,55.5,87,0,0,0,0,0,0,9.5,0,High,Medium,Medium,No
2713,2713,2714,M17573,M,299.6,309.2,1651,30.8,92,0,0,0,0,0,0,9.599999999999966,0,Medium,High,Medium,No
2714,2714,2715,M17574,M,299.6,309.1,1366,55.2,95,0,0,0,0,0,0,9.5,0,High,Medium,Medium,No
2715,2715,2716,M17575,M,299.5,309.0,1701,28.6,98,0,0,0,0,0,0,9.5,0,Medium,High,Medium,No
2716,2716,2717,L49896,L,299.5,309.0,1498,44.6,101,0,0,0,0,0,0,9.5,0,Medium,Medium,Medium,No
2717,2717,2718,M17577,M,299.5,309.1,1422,45.3,103,0,0,0,0,0,0,9.600000000000023,0,High,Medium,Medium,No
2718,2718,2719,L49898,L,299.5,309.1,1357,47.3,106,0,0,0,0,0,0,9.600000000000023,0,High,Medium,Medium,No
2719,2719,2720,L49899,L,299.5,309.2,1690,29.2,108,0,0,0,0,0,0,9.699999999999989,0,Medium,High,Medium,No
2720,2720,2721,L49900,L,299.6,309.2,1559,39.1,110,0,0,0,0,0,0,9.599999999999966,0,Medium,Medium,Medium,No
2721,2721,2722,M17581,M,299.6,309.3,1553,32.4,112,0,0,0,0,0,0,9.699999999999989,0,Medium,Medium,Medium,No
2722,2722,2723,L49902,L,299.6,309.3,1558,34.8,115,0,0,0,0,0,0,9.699999999999989,0,Medium,Medium,Medium,No
2723,2723,2724,L49903,L,299.7,309.4,1362,51.9,117,0,0,0,0,0,0,9.699999999999989,0,High,Medium,Medium,No
2724,2724,2725,M17584,M,299.8,309.3,1470,42.7,119,0,0,0,0,0,0,9.5,0,Medium,Medium,Medium,No
2725,2725,2726,L49905,L,299.8,309.4,1555,34.8,122,0,0,0,0,0,0,9.599999999999966,0,Medium,Medium,Medium,No
2726,2726,2727,M17586,M,299.8,309.4,1423,42.9,124,0,0,0,0,0,0,9.599999999999966,0,Medium,Medium,Medium,No
2727,2727,2728,L49907,L,299.7,309.3,1434,38.5,127,0,0,0,0,0,0,9.600000000000023,0,Medium,Medium,Medium,No
2728,2728,2729,L49908,L,299.7,309.3,1779,25.5,129,0,0,0,0,0,0,9.600000000000023,0,High,High,Medium,No
2729,2729,2730,L49909,L,299.7,309.3,1417,54.6,131,0,0,0,0,0,0,9.600000000000023,0,High,Medium,High,No
2730,2730,2731,L49910,L,299.6,309.2,1425,45.9,133,0,0,0,0,0,0,9.599999999999966,0,High,Medium,High,No
2731,2731,2732,M17591,M,299.7,309.2,1597,32.9,135,0,0,0,0,0,0,9.5,0,Medium,Medium,High,No
2732,2732,2733,L49912,L,299.7,309.2,1346,57.4,138,0,0,0,0,0,0,9.5,0,High,Medium,High,No
2733,2733,2734,L49913,L,299.7,309.2,1422,40.4,140,0,0,0,0,0,0,9.5,0,Medium,Medium,High,No
2734,2734,2735,H32148,H,299.7,309.2,1572,32.8,142,0,0,0,0,0,0,9.5,0,Medium,Medium,High,No
2735,2735,2736,L49915,L,299.7,309.2,1412,45.4,147,0,0,0,0,0,0,9.5,0,High,Medium,High,No
2736,2736,2737,M17596,M,299.7,309.1,1576,36.4,149,0,0,0,0,0,0,9.400000000000034,0,Medium,Medium,High,No
2737,2737,2738,M17597,M,299.7,309.1,1508,41.2,152,0,0,0,0,0,0,9.400000000000034,0,Medium,Medium,High,No
2738,2738,2739,M17598,M,299.8,309.1,1496,44.4,155,0,0,0,0,0,0,9.300000000000011,0,Medium,Medium,High,No
2739,2739,2740,L49919,L,299.8,309.2,1572,35.4,158,0,0,0,0,0,0,9.399999999999977,0,Medium,Medium,High,No
2740,2740,2741,L49920,L,299.6,309.0,1525,42.8,160,0,0,0,0,0,0,9.399999999999977,0,Medium,Medium,High,No
2741,2741,2742,L49921,L,299.6,309.0,1378,51.9,162,0,0,0,0,0,0,9.399999999999977,0,High,Medium,High,No
2742,2742,2743,L49922,L,299.6,309.1,1369,51.4,164,0,0,0,0,0,0,9.5,0,High,Medium,High,No
2743,2743,2744,L49923,L,299.6,309.1,1476,45.3,166,0,0,0,0,0,0,9.5,0,High,Medium,High,No
2744,2744,2745,L49924,L,299.7,309.2,1620,30.0,168,0,0,0,0,0,0,9.5,0,Medium,Medium,High,No
2745,2745,2746,M17605,M,299.7,309.1,1603,38.5,170,0,0,0,0,0,0,9.400000000000034,0,Medium,Medium,High,No
2746,2746,2747,L49926,L,299.7,309.2,1411,46.1,173,0,0,0,0,0,0,9.5,0,High,Medium,High,No
2747,2747,2748,L49927,L,299.7,309.2,1616,31.6,175,0,0,0,0,0,0,9.5,0,Medium,Medium,High,No
2748,2748,2749,L49928,L,299.7,309.2,1631,35.1,177,0,0,0,0,0,0,9.5,0,Medium,Medium,High,No
2749,2749,2750,M17609,M,299.7,309.2,1685,28.9,179,1,0,0,0,0,0,9.5,0,Medium,High,High,No
2750,2750,2751,H32164,H,299.7,309.2,1456,40.6,182,0,0,0,0,0,0,9.5,0,Medium,Medium,High,No
2751,2751,2752,L49931,L,299.7,309.1,1417,50.1,187,0,0,0,0,0,0,9.400000000000034,0,High,Medium,High,No
2752,2752,2753,M17612,M,299.7,309.1,1851,24.7,189,0,0,0,0,0,0,9.400000000000034,0,Low,High,High,No
2753,2753,2754,L49933,L,299.7,309.1,1715,27.8,192,0,0,0,0,0,0,9.400000000000034,0,Medium,High,High,No
2754,2754,2755,H32168,H,299.6,309.1,1630,32.3,194,0,0,0,0,0,0,9.5,0,Medium,Medium,High,No
2755,2755,2756,L49935,L,299.7,309.2,1478,38.8,199,0,0,0,0,0,0,9.5,0,Medium,Medium,High,No
2756,2756,2757,L49936,L,299.7,309.2,1781,29.6,201,0,0,0,0,0,0,9.5,0,Medium,High,High,No
2757,2757,2758,L49937,L,299.8,309.2,1439,36.1,203,0,0,0,0,0,0,9.399999999999977,0,Medium,Medium,High,No
2758,2758,2759,M17618,M,299.7,309.2,1412,45.3,205,0,0,0,0,0,0,9.5,0,High,Medium,High,No
2759,2759,2760,L49939,L,299.7,309.1,1483,41.1,208,0,0,0,0,0,0,9.400000000000034,0,Medium,Medium,High,No
2760,2760,2761,L49940,L,299.8,309.2,1400,42.6,210,0,0,0,0,0,0,9.399999999999977,0,Medium,Medium,High,No
2761,2761,2762,L49941,L,299.8,309.3,1299,65.1,212,1,0,0,0,1,0,9.5,1,High,Medium,High,No
2762,2762,2763,L49942,L,299.8,309.2,1479,44.4,214,0,0,0,0,0,0,9.399999999999977,0,Medium,Medium,High,No
2763,2763,2764,L49943,L,299.8,309.2,1491,47.5,216,0,0,0,0,0,0,9.399999999999977,0,High,Medium,High,No
2764,2764,2765,M17624,M,299.9,309.3,1389,52.8,0,0,0,0,0,0,0,9.400000000000034,0,High,Medium,Low,No
2765,2765,2766,M17625,M,299.9,309.4,1399,54.8,3,0,0,0,0,0,0,9.5,0,High,Medium,Low,No
2766,2766,2767,M17626,M,299.9,309.4,1889,26.0,6,0,0,0,0,0,0,9.5,0,Medium,High,Low,No
2767,2767,2768,L49947,L,300.0,309.5,1925,21.9,9,0,0,0,0,0,0,9.5,0,Low,High,Low,No
2768,2768,2769,L49948,L,300.0,309.5,1675,30.2,11,0,0,0,0,0,0,9.5,0,Medium,High,Low,No
2769,2769,2770,M17629,M,300.0,309.6,1477,38.1,13,0,0,0,0,0,0,9.600000000000023,0,Medium,Medium,Low,No
2770,2770,2771,L49950,L,300.0,309.6,1364,45.9,16,0,0,0,0,0,0,9.600000000000023,0,High,Medium,Low,No
2771,2771,2772,L49951,L,299.9,309.5,1451,39.4,18,0,0,0,0,0,0,9.600000000000023,0,Medium,Medium,Low,No
2772,2772,2773,L49952,L,299.9,309.4,1467,41.2,20,0,0,0,0,0,0,9.5,0,Medium,Medium,Low,No
2773,2773,2774,L49953,L,299.9,309.4,1858,22.5,22,0,0,0,0,0,0,9.5,0,Low,High,Low,No
2774,2774,2775,L49954,L,300.1,309.4,1559,39.7,24,0,0,0,0,0,0,9.299999999999955,0,Medium,Medium,Low,No
2775,2775,2776,L49955,L,300.1,309.4,1560,47.7,26,0,0,0,0,0,0,9.299999999999955,0,High,Medium,Low,No
2776,2776,2777,L49956,L,300.1,309.4,1453,47.6,28,0,0,0,0,0,0,9.299999999999955,0,High,Medium,Low,No
2777,2777,2778,L49957,L,300.1,309.4,1464,41.7,30,0,0,0,0,0,0,9.299999999999955,0,Medium,Medium,Low,No
2778,2778,2779,L49958,L,300.0,309.4,1308,50.2,32,0,0,0,0,0,0,9.399999999999977,0,High,Medium,Low,No
2779,2779,2780,L49959,L,300.1,309.5,1353,50.9,34,0,0,0,0,0,0,9.399999999999977,0,High,Medium,Low,No
2780,2780,2781,M17640,M,300.2,309.6,1556,35.8,36,0,0,0,0,0,0,9.400000000000034,0,Medium,Medium,Low,No
2781,2781,2782,L49961,L,300.2,309.5,2183,17.8,39,0,0,0,0,0,0,9.300000000000011,0,Low,High,Low,No
2782,2782,2783,M17642,M,300.2,309.6,1491,41.8,41,0,0,0,0,0,0,9.400000000000034,0,Medium,Medium,Low,No
2783,2783,2784,M17643,M,300.2,309.6,1528,35.1,44,0,0,0,0,0,0,9.400000000000034,0,Medium,Medium,Low,No
2784,2784,2785,L49964,L,300.2,309.6,1430,52.7,47,0,0,0,0,0,0,9.400000000000034,0,High,Medium,Low,No
2785,2785,2786,L49965,L,300.2,309.5,1495,32.6,49,0,0,0,0,0,0,9.300000000000011,0,Medium,Medium,Low,No
2786,2786,2787,M17646,M,300.2,309.5,1630,28.3,51,0,0,0,0,0,0,9.300000000000011,0,Medium,Medium,Low,No
2787,2787,2788,M17647,M,300.3,309.6,1524,38.4,54,0,0,0,0,0,0,9.300000000000011,0,Medium,Medium,Low,No
2788,2788,2789,L49968,L,300.3,309.6,1326,52.4,57,0,0,0,0,0,0,9.300000000000011,0,High,Medium,Low,No
2789,2789,2790,H32203,H,300.3,309.5,1438,44.0,59,0,0,0,0,0,0,9.199999999999989,0,Medium,Medium,Low,No
2790,2790,2791,L49970,L,300.4,309.6,1356,45.9,64,0,0,0,0,0,0,9.200000000000045,0,High,Medium,Low,No
2791,2791,2792,H32205,H,300.4,309.6,1416,43.3,66,0,0,0,0,0,0,9.200000000000045,0,Medium,Medium,Low,No
2792,2792,2793,L49972,L,300.4,309.7,1584,32.6,71,0,0,0,0,0,0,9.300000000000011,0,Medium,Medium,Low,No
2793,2793,2794,L49973,L,300.3,309.6,1597,31.8,73,0,0,0,0,0,0,9.300000000000011,0,Medium,Medium,Low,No
2794,2794,2795,L49974,L,300.4,309.6,1553,43.9,75,0,0,0,0,0,0,9.200000000000045,0,Medium,Medium,Low,No
2795,2795,2796,M17655,M,300.3,309.5,1405,49.4,77,0,0,0,0,0,0,9.199999999999989,0,High,Medium,Low,No
2796,2796,2797,L49976,L,300.2,309.5,1539,35.3,80,0,0,0,0,0,0,9.300000000000011,0,Medium,Medium,Low,No
2797,2797,2798,M17657,M,300.3,309.6,1398,53.7,82,0,0,0,0,0,0,9.300000000000011,0,High,Medium,Medium,No
2798,2798,2799,L49978,L,300.3,309.6,1568,39.6,85,0,0,0,0,0,0,9.300000000000011,0,Medium,Medium,Medium,No
2799,2799,2800,L49979,L,300.3,309.6,1404,44.6,87,0,0,0,0,0,0,9.300000000000011,0,Medium,Medium,Medium,No
2800,2800,2801,M17660,M,300.2,309.5,1500,45.7,89,0,0,0,0,0,0,9.300000000000011,0,High,Medium,Medium,No
2801,2801,2802,M17661,M,300.2,309.5,1642,28.8,92,0,0,0,0,0,0,9.300000000000011,0,Medium,Medium,Medium,No
2802,2802,2803,M17662,M,300.3,309.6,1509,46.6,95,0,0,0,0,0,0,9.300000000000011,0,High,Medium,Medium,No
2803,2803,2804,L49983,L,300.2,309.5,1343,50.2,98,0,0,0,0,0,0,9.300000000000011,0,High,Medium,Medium,No
2804,2804,2805,L49984,L,300.1,309.5,1450,40.1,100,0,0,0,0,0,0,9.399999999999977,0,Medium,Medium,Medium,No
2805,2805,2806,L49985,L,300.0,309.4,1460,43.5,102,0,0,0,0,0,0,9.399999999999977,0,Medium,Medium,Medium,No
2806,2806,2807,L49986,L,300.0,309.3,1364,41.2,104,0,0,0,0,0,0,9.300000000000011,0,Medium,Medium,Medium,No
2807,2807,2808,M17667,M,299.9,309.3,1452,41.9,106,0,0,0,0,0,0,9.400000000000034,0,Medium,Medium,Medium,No
2808,2808,2809,L49988,L,299.9,309.3,1471,41.8,109,0,0,0,0,0,0,9.400000000000034,0,Medium,Medium,Medium,No
2809,2809,2810,L49989,L,299.9,309.2,1598,34.6,111,0,0,0,0,0,0,9.300000000000011,0,Medium,Medium,Medium,No
2810,2810,2811,L49990,L,299.8,309.1,1772,24.8,113,0,0,0,0,0,0,9.300000000000011,0,Low,High,Medium,No
2811,2811,2812,L49991,L,299.9,309.2,1761,25.6,115,0,0,0,0,0,0,9.300000000000011,0,High,High,Medium,No
2812,2812,2813,M17672,M,300.0,309.3,1413,40.7,117,0,0,0,0,0,0,9.300000000000011,0,Medium,Medium,Medium,No
2813,2813,2814,L49993,L,300.0,309.3,1887,22.6,120,0,0,0,0,0,0,9.300000000000011,0,Low,High,Medium,No
2814,2814,2815,L49994,L,300.0,309.3,1395,56.5,122,0,0,0,0,0,0,9.300000000000011,0,High,Medium,Medium,No
2815,2815,2816,M17675,M,300.1,309.4,1569,31.6,124,0,0,0,0,0,0,9.299999999999955,0,Medium,Medium,Medium,No
2816,2816,2817,L49996,L,300.1,309.4,1434,47.3,127,0,0,0,0,0,0,9.299999999999955,0,High,Medium,Medium,No
2817,2817,2818,L49997,L,300.2,309.5,1417,41.1,129,0,0,0,0,0,0,9.300000000000011,0,Medium,Medium,Medium,No
2818,2818,2819,L49998,L,300.2,309.5,1729,28.4,131,0,0,0,0,0,0,9.300000000000011,0,Medium,High,High,No
2819,2819,2820,L49999,L,300.2,309.5,1356,51.1,133,0,0,0,0,0,0,9.300000000000011,0,High,Medium,High,No
2820,2820,2821,L50000,L,300.2,309.5,1436,48.8,135,0,0,0,0,0,0,9.300000000000011,0,High,Medium,High,No
2821,2821,2822,M17681,M,300.3,309.6,1419,42.5,137,0,0,0,0,0,0,9.300000000000011,0,Medium,Medium,High,No
2822,2822,2823,L50002,L,300.3,309.6,1593,38.1,140,0,0,0,0,0,0,9.300000000000011,0,Medium,Medium,High,No
2823,2823,2824,M17683,M,300.3,309.5,1320,62.2,142,0,0,0,0,0,0,9.199999999999989,0,High,Medium,High,No
2824,2824,2825,M17684,M,300.3,309.5,1448,42.4,145,0,0,0,0,0,0,9.199999999999989,0,Medium,Medium,High,No
2825,2825,2826,L50005,L,300.3,309.4,1470,33.5,148,0,0,0,0,0,0,9.099999999999966,0,Medium,Medium,High,No
2826,2826,2827,M17686,M,300.3,309.4,1612,33.1,150,0,0,0,0,0,0,9.099999999999966,0,Medium,Medium,High,No
2827,2827,2828,L50007,L,300.4,309.4,1412,51.6,153,0,0,0,0,0,0,9.0,0,High,Medium,High,No
2828,2828,2829,M17688,M,300.4,309.4,1875,23.9,155,0,0,0,0,0,0,9.0,0,Low,High,High,No
2829,2829,2830,L50009,L,300.3,309.3,1612,36.0,158,0,0,0,0,0,0,9.0,0,Medium,Medium,High,No
2830,2830,2831,M17690,M,300.4,309.3,1411,41.6,160,0,0,0,0,0,0,8.900000000000034,0,Medium,Medium,High,No
2831,2831,2832,M17691,M,300.3,309.2,1490,47.9,163,0,0,0,0,0,0,8.899999999999977,0,High,Medium,High,No
2832,2832,2833,M17692,M,300.4,309.3,1467,40.3,166,0,0,0,0,0,0,8.900000000000034,0,Medium,Medium,High,No
2833,2833,2834,L50013,L,300.3,309.2,1807,26.4,169,0,0,0,0,0,0,8.899999999999977,0,Medium,High,High,No
2834,2834,2835,L50014,L,300.3,309.1,1368,46.0,171,0,0,0,0,0,0,8.800000000000011,0,High,Medium,High,No
2835,2835,2836,L50015,L,300.3,309.2,1572,32.0,173,0,0,0,0,0,0,8.899999999999977,0,Medium,Medium,High,No
2836,2836,2837,M17696,M,300.3,309.1,1458,44.3,175,0,0,0,0,0,0,8.800000000000011,0,Medium,Medium,High,No
2837,2837,2838,L50017,L,300.3,309.1,1699,30.3,178,0,0,0,0,0,0,8.800000000000011,0,Medium,High,High,No
2838,2838,2839,L50018,L,300.3,309.3,1478,39.5,180,0,0,0,0,0,0,9.0,0,Medium,Medium,High,No
2839,2839,2840,M17699,M,300.4,309.4,1362,42.1,182,0,0,0,0,0,0,9.0,0,Medium,Medium,High,No
2840,2840,2841,H32254,H,300.4,309.4,1487,38.9,185,0,0,0,0,0,0,9.0,0,Medium,Medium,High,No
2841,2841,2842,L50021,L,300.3,309.4,1705,29.4,190,0,0,0,0,0,0,9.099999999999966,0,Medium,High,High,No
2842,2842,2843,L50022,L,300.3,309.3,1345,53.5,192,0,0,0,0,0,0,9.0,0,High,Medium,High,No
2843,2843,2844,L50023,L,300.3,309.2,1532,40.2,194,0,0,0,0,0,0,8.899999999999977,0,Medium,Medium,High,No
2844,2844,2845,L50024,L,300.3,309.2,1650,35.2,196,0,0,0,0,0,0,8.899999999999977,0,Medium,Medium,High,No
2845,2845,2846,L50025,L,300.3,309.2,1398,54.4,198,0,0,0,0,0,0,8.899999999999977,0,High,Medium,High,No
2846,2846,2847,L50026,L,300.3,309.2,1412,44.8,200,0,0,0,0,0,0,8.899999999999977,0,Medium,Medium,High,No
2847,2847,2848,L50027,L,300.4,309.3,1525,39.6,202,0,0,0,0,0,0,8.900000000000034,0,Medium,Medium,High,No
2848,2848,2849,M17708,M,300.3,309.3,1391,57.9,204,0,0,0,0,0,0,9.0,0,High,Medium,High,No
2849,2849,2850,L50029,L,300.4,309.3,1766,28.2,207,0,0,0,0,0,0,8.900000000000034,0,Medium,High,High,No
2850,2850,2851,L50030,L,300.4,309.3,1671,35.0,209,0,0,0,0,0,0,8.900000000000034,0,Medium,High,High,No
2851,2851,2852,L50031,L,300.5,309.3,1373,48.8,211,0,0,0,0,0,0,8.800000000000011,0,High,Medium,High,No
2852,2852,2853,M17712,M,300.5,309.4,1347,50.1,213,0,0,0,0,0,0,8.899999999999977,0,High,Medium,High,No
2853,2853,2854,M17713,M,300.5,309.3,1539,39.1,216,0,0,0,0,0,0,8.800000000000011,0,Medium,Medium,High,No
2854,2854,2855,L50034,L,300.5,309.3,1470,40.8,219,0,0,0,0,0,0,8.800000000000011,0,Medium,Medium,High,No
2855,2855,2856,L50035,L,300.5,309.3,1528,37.0,221,0,0,0,0,0,0,8.800000000000011,0,Medium,Medium,High,No
2856,2856,2857,H32270,H,300.5,309.3,1471,45.2,223,0,0,0,0,0,0,8.800000000000011,0,High,Medium,High,No
2857,2857,2858,M17717,M,300.4,309.2,1528,37.2,228,0,0,0,0,0,0,8.800000000000011,0,Medium,Medium,High,No
2858,2858,2859,L50038,L,300.5,309.3,1417,51.5,231,1,0,0,0,1,0,8.800000000000011,1,High,Medium,High,No
2859,2859,2860,L50039,L,300.6,309.4,1549,43.4,233,0,0,0,0,0,0,8.799999999999955,0,Medium,Medium,High,No
2860,2860,2861,H32274,H,300.6,309.4,1463,49.2,235,0,0,0,0,0,0,8.799999999999955,0,High,Medium,High,No
2861,2861,2862,L50041,L,300.7,309.5,1479,43.6,240,0,0,0,0,0,0,8.800000000000011,0,Medium,Medium,High,No
2862,2862,2863,L50042,L,300.6,309.5,1867,23.0,242,0,0,0,0,0,0,8.899999999999977,0,Low,High,High,No
2863,2863,2864,L50043,L,300.6,309.4,1471,44.1,244,0,0,0,0,0,0,8.799999999999955,0,Medium,Medium,High,No
2864,2864,2865,H32278,H,300.6,309.4,1380,47.6,246,1,1,0,0,0,0,8.799999999999955,1,High,Medium,High,No
2865,2865,2866,H32279,H,300.7,309.7,1623,32.7,0,0,0,0,0,0,0,9.0,0,Medium,Medium,Low,No
2866,2866,2867,L50046,L,300.8,309.7,1997,20.7,5,0,0,0,0,0,0,8.899999999999977,0,Low,High,Low,No
2867,2867,2868,H32281,H,300.7,309.6,1390,48.5,7,0,0,0,0,0,0,8.900000000000034,0,High,Medium,Low,No
2868,2868,2869,L50048,L,300.8,309.7,1418,46.6,12,0,0,0,0,0,0,8.899999999999977,0,High,Medium,Low,No
2869,2869,2870,L50049,L,300.8,309.7,1519,35.8,14,0,0,0,0,0,0,8.899999999999977,0,Medium,Medium,Low,No
2870,2870,2871,M17730,M,300.8,309.7,1519,39.7,16,0,0,0,0,0,0,8.899999999999977,0,Medium,Medium,Low,No
2871,2871,2872,M17731,M,300.7,309.6,1536,37.2,19,0,0,0,0,0,0,8.900000000000034,0,Medium,Medium,Low,No
2872,2872,2873,L50052,L,300.8,309.6,1680,28.7,22,0,0,0,0,0,0,8.800000000000011,0,Medium,High,Low,No
2873,2873,2874,H32287,H,300.6,309.4,1555,37.9,24,0,0,0,0,0,0,8.799999999999955,0,Medium,Medium,Low,No
2874,2874,2875,L50054,L,300.6,309.5,1471,49.6,29,0,0,0,0,0,0,8.899999999999977,0,High,Medium,Low,No
2875,2875,2876,M17735,M,300.5,309.4,1877,23.8,31,0,0,0,0,0,0,8.899999999999977,0,Low,High,Low,No
2876,2876,2877,M17736,M,300.5,309.3,1578,30.5,34,0,0,0,0,0,0,8.800000000000011,0,Medium,Medium,Low,No
2877,2877,2878,M17737,M,300.5,309.4,1655,32.1,37,0,0,0,0,0,0,8.899999999999977,0,Medium,High,Low,No
2878,2878,2879,H32292,H,300.5,309.4,1502,34.3,40,0,0,0,0,0,0,8.899999999999977,0,Medium,Medium,Low,No
2879,2879,2880,M17739,M,300.6,309.4,1367,63.2,45,1,0,0,1,0,0,8.799999999999955,1,High,Medium,Low,No
2880,2880,2881,L50060,L,300.7,309.5,1541,37.2,48,0,0,0,0,0,0,8.800000000000011,0,Medium,Medium,Low,No
2881,2881,2882,M17741,M,300.6,309.6,1588,37.0,50,0,0,0,0,0,0,9.0,0,Medium,Medium,Low,No
2882,2882,2883,L50062,L,300.6,309.6,1684,32.8,53,0,0,0,0,0,0,9.0,0,Medium,High,Low,No
2883,2883,2884,L50063,L,300.6,309.5,1437,40.0,55,0,0,0,0,0,0,8.899999999999977,0,Medium,Medium,Low,No
2884,2884,2885,L50064,L,300.6,309.6,1409,42.4,57,0,0,0,0,0,0,9.0,0,Medium,Medium,Low,No
2885,2885,2886,M17745,M,300.5,309.5,1320,49.9,59,0,0,0,0,0,0,9.0,0,High,Medium,Low,No
2886,2886,2887,H32300,H,300.5,309.5,1635,34.2,62,0,0,0,0,0,0,9.0,0,Medium,Medium,Low,No
2887,2887,2888,M17747,M,300.5,309.5,1691,27.6,67,0,0,0,0,0,0,9.0,0,Medium,High,Low,No
2888,2888,2889,M17748,M,300.6,309.6,1365,50.0,70,0,0,0,0,0,0,9.0,0,High,Medium,Low,No
2889,2889,2890,M17749,M,300.7,309.7,1523,38.2,73,0,0,0,0,0,0,9.0,0,Medium,Medium,Low,No
2890,2890,2891,L50070,L,300.6,309.7,1593,32.4,76,0,0,0,0,0,0,9.099999999999966,0,Medium,Medium,Low,No
2891,2891,2892,L50071,L,300.6,309.6,1682,30.7,78,0,0,0,0,0,0,9.0,0,Medium,High,Low,No
2892,2892,2893,L50072,L,300.7,309.6,1329,54.3,80,0,0,0,0,0,0,8.900000000000034,0,High,Medium,Low,No
2893,2893,2894,M17753,M,300.7,309.6,1568,35.2,82,0,0,0,0,0,0,8.900000000000034,0,Medium,Medium,Medium,No
2894,2894,2895,L50074,L,300.7,309.6,1733,24.8,85,0,0,0,0,0,0,8.900000000000034,0,Low,High,Medium,No
2895,2895,2896,M17755,M,300.7,309.6,1473,48.1,87,0,0,0,0,0,0,8.900000000000034,0,High,Medium,Medium,No
2896,2896,2897,M17756,M,300.7,309.5,1633,31.3,90,0,0,0,0,0,0,8.800000000000011,0,Medium,Medium,Medium,No
2897,2897,2898,M17757,M,300.6,309.5,1530,40.2,93,0,0,0,0,0,0,8.899999999999977,0,Medium,Medium,Medium,No
2898,2898,2899,M17758,M,300.6,309.5,1550,40.2,96,0,0,0,0,0,0,8.899999999999977,0,Medium,Medium,Medium,No
2899,2899,2900,L50079,L,300.6,309.4,1410,40.6,99,0,0,0,0,0,0,8.799999999999955,0,Medium,Medium,Medium,No
2900,2900,2901,L50080,L,300.5,309.3,1574,33.5,101,0,0,0,0,0,0,8.800000000000011,0,Medium,Medium,Medium,No
2901,2901,2902,L50081,L,300.6,309.4,1425,40.3,103,0,0,0,0,0,0,8.799999999999955,0,Medium,Medium,Medium,No
2902,2902,2903,M17762,M,300.6,309.4,1541,35.2,105,0,0,0,0,0,0,8.799999999999955,0,Medium,Medium,Medium,No
2903,2903,2904,M17763,M,300.7,309.5,1733,26.7,108,0,0,0,0,0,0,8.800000000000011,0,Medium,High,Medium,No
2904,2904,2905,L50084,L,300.6,309.4,2496,13.5,111,0,0,0,0,0,0,8.799999999999955,0,Low,High,Medium,No
2905,2905,2906,L50085,L,300.6,309.4,1552,36.4,113,0,0,0,0,0,0,8.799999999999955,0,Medium,Medium,Medium,No
2906,2906,2907,L50086,L,300.6,309.3,1409,38.7,115,0,0,0,0,0,0,8.699999999999989,0,Medium,Medium,Medium,No
2907,2907,2908,M17767,M,300.6,309.4,1581,35.7,117,0,0,0,0,0,0,8.799999999999955,0,Medium,Medium,Medium,No
2908,2908,2909,L50088,L,300.7,309.5,1251,59.9,120,0,0,0,0,0,0,8.800000000000011,0,High,Medium,Medium,No
2909,2909,2910,L50089,L,300.7,309.6,1500,44.1,122,0,0,0,0,0,0,8.900000000000034,0,Medium,Medium,Medium,No
2910,2910,2911,L50090,L,300.6,309.5,1576,38.8,124,0,0,0,0,0,0,8.899999999999977,0,Medium,Medium,Medium,No
2911,2911,2912,M17771,M,300.7,309.5,1352,44.0,126,0,0,0,0,0,0,8.800000000000011,0,Medium,Medium,Medium,No
2912,2912,2913,L50092,L,300.7,309.6,1661,30.3,129,0,0,0,0,0,0,8.900000000000034,0,Medium,High,Medium,No
2913,2913,2914,L50093,L,300.7,309.6,1541,34.6,131,0,0,0,0,0,0,8.900000000000034,0,Medium,Medium,High,No
2914,2914,2915,H32328,H,300.6,309.6,1888,20.5,133,0,0,0,0,0,0,9.0,0,Low,High,High,No
2915,2915,2916,L50095,L,300.5,309.5,1255,62.1,138,0,0,0,0,0,0,9.0,0,High,Medium,High,No
2916,2916,2917,L50096,L,300.6,309.6,1411,41.6,140,0,0,0,0,0,0,9.0,0,Medium,Medium,High,No
2917,2917,2918,L50097,L,300.6,309.5,1516,39.0,142,0,0,0,0,0,0,8.899999999999977,0,Medium,Medium,High,No
2918,2918,2919,M17778,M,300.6,309.5,1492,34.0,144,0,0,0,0,0,0,8.899999999999977,0,Medium,Medium,High,No
2919,2919,2920,L50099,L,300.6,309.6,1726,30.0,147,0,0,0,0,0,0,9.0,0,Medium,High,High,No
2920,2920,2921,L50100,L,300.7,309.7,1598,33.7,149,0,0,0,0,0,0,9.0,0,Medium,Medium,High,No
2921,2921,2922,L50101,L,300.8,309.8,1657,31.1,151,0,0,0,0,0,0,9.0,0,Medium,High,High,No
2922,2922,2923,L50102,L,300.8,309.7,1481,38.1,153,0,0,0,0,0,0,8.899999999999977,0,Medium,Medium,High,No
2923,2923,2924,M17783,M,300.7,309.7,1397,51.3,155,0,0,0,0,0,0,9.0,0,High,Medium,High,No
2924,2924,2925,L50104,L,300.8,309.7,1461,44.3,158,0,0,0,0,0,0,8.899999999999977,0,Medium,Medium,High,No
2925,2925,2926,M17785,M,300.7,309.6,1388,51.1,160,0,0,0,0,0,0,8.900000000000034,0,High,Medium,High,No
2926,2926,2927,L50106,L,300.7,309.7,1507,52.4,163,0,0,0,0,0,0,9.0,0,High,Medium,High,No
2927,2927,2928,M17787,M,300.7,309.6,1421,49.8,165,0,0,0,0,0,0,8.900000000000034,0,High,Medium,High,No
2928,2928,2929,M17788,M,300.8,309.7,1258,54.9,168,0,0,0,0,0,0,8.899999999999977,0,High,Medium,High,No
2929,2929,2930,M17789,M,300.8,309.7,1482,39.0,171,0,0,0,0,0,0,8.899999999999977,0,Medium,Medium,High,No
2930,2930,2931,H32344,H,300.7,309.6,1403,51.3,174,0,0,0,0,0,0,8.900000000000034,0,High,Medium,High,No
2931,2931,2932,L50111,L,300.8,309.7,1373,45.4,179,0,0,0,0,0,0,8.899999999999977,0,High,Medium,High,No
2932,2932,2933,L50112,L,300.9,309.7,1460,42.1,181,0,0,0,0,0,0,8.800000000000011,0,Medium,Medium,High,No
2933,2933,2934,M17793,M,300.8,309.7,1751,27.9,183,0,0,0,0,0,0,8.899999999999977,0,Medium,High,High,No
2934,2934,2935,M17794,M,300.8,309.6,1546,42.3,186,0,0,0,0,0,0,8.800000000000011,0,Medium,Medium,High,No
2935,2935,2936,M17795,M,300.8,309.7,1680,28.2,189,0,0,0,0,0,0,8.899999999999977,0,Medium,High,High,No
2936,2936,2937,M17796,M,300.9,309.7,1394,48.8,192,0,0,0,0,0,0,8.800000000000011,0,High,Medium,High,No
2937,2937,2938,L50117,L,300.7,309.6,1810,26.0,195,0,0,0,0,0,0,8.900000000000034,0,Medium,High,High,No
2938,2938,2939,L50118,L,300.7,309.5,1479,34.5,197,0,0,0,0,0,0,8.800000000000011,0,Medium,Medium,High,No
2939,2939,2940,L50119,L,300.9,309.7,1431,41.4,199,0,0,0,0,0,0,8.800000000000011,0,Medium,Medium,High,No
2940,2940,2941,L50120,L,300.9,309.7,2355,14.4,201,0,0,0,0,0,0,8.800000000000011,0,Low,High,High,No
2941,2941,2942,M17801,M,300.7,309.6,1996,19.8,203,1,1,0,0,0,0,8.900000000000034,1,Low,High,High,No
2942,2942,2943,L50122,L,300.7,309.5,1461,49.9,0,0,0,0,0,0,0,8.800000000000011,0,High,Medium,Low,No
2943,2943,2944,H32357,H,300.7,309.5,2007,19.7,2,0,0,0,0,0,0,8.800000000000011,0,Low,High,Low,No
2944,2944,2945,L50124,L,300.7,309.6,1505,34.9,7,0,0,0,0,0,0,8.900000000000034,0,Medium,Medium,Low,No
2945,2945,2946,H32359,H,300.7,309.6,1925,20.5,9,0,0,0,0,0,0,8.900000000000034,0,Low,High,Low,No
2946,2946,2947,M17806,M,300.7,309.5,1622,30.5,14,0,0,0,0,0,0,8.800000000000011,0,Medium,Medium,Low,No
2947,2947,2948,L50127,L,300.7,309.5,1592,29.0,17,0,0,0,0,0,0,8.800000000000011,0,Medium,Medium,Low,No
2948,2948,2949,L50128,L,300.7,309.5,1850,24.5,19,0,0,0,0,0,0,8.800000000000011,0,Low,High,Low,No
2949,2949,2950,M17809,M,300.7,309.5,1470,48.7,21,0,0,0,0,0,0,8.800000000000011,0,High,Medium,Low,No
2950,2950,2951,M17810,M,300.7,309.5,1445,46.4,24,0,0,0,0,0,0,8.800000000000011,0,High,Medium,Low,No
2951,2951,2952,L50131,L,300.7,309.5,1685,31.1,27,0,0,0,0,0,0,8.800000000000011,0,Medium,High,Low,No
2952,2952,2953,H32366,H,300.7,309.5,1667,30.5,29,0,0,0,0,0,0,8.800000000000011,0,Medium,High,Low,No
2953,2953,2954,L50133,L,300.7,309.5,1578,35.4,34,0,0,0,0,0,0,8.800000000000011,0,Medium,Medium,Low,No
2954,2954,2955,H32368,H,300.6,309.4,1691,28.0,36,0,0,0,0,0,0,8.799999999999955,0,Medium,High,Low,No
2955,2955,2956,M17815,M,300.7,309.5,1439,43.8,41,0,0,0,0,0,0,8.800000000000011,0,Medium,Medium,Low,No
2956,2956,2957,M17816,M,300.8,309.6,1404,38.7,44,0,0,0,0,0,0,8.800000000000011,0,Medium,Medium,Low,No
2957,2957,2958,L50137,L,300.8,309.6,1498,45.8,47,0,0,0,0,0,0,8.800000000000011,0,High,Medium,Low,No
2958,2958,2959,M17818,M,300.8,309.5,1481,44.5,49,0,0,0,0,0,0,8.699999999999989,0,Medium,Medium,Low,No
2959,2959,2960,M17819,M,300.7,309.4,1589,35.0,52,0,0,0,0,0,0,8.699999999999989,0,Medium,Medium,Low,No
2960,2960,2961,L50140,L,300.7,309.5,1467,44.3,55,0,0,0,0,0,0,8.800000000000011,0,Medium,Medium,Low,No
2961,2961,2962,L50141,L,300.6,309.4,1654,32.8,57,0,0,0,0,0,0,8.799999999999955,0,Medium,High,Low,No
2962,2962,2963,L50142,L,300.7,309.5,1508,39.9,59,0,0,0,0,0,0,8.800000000000011,0,Medium,Medium,Low,No
2963,2963,2964,M17823,M,300.7,309.6,1439,43.0,61,0,0,0,0,0,0,8.900000000000034,0,Medium,Medium,Low,No
2964,2964,2965,L50144,L,300.7,309.5,1692,30.3,64,0,0,0,0,0,0,8.800000000000011,0,Medium,High,Low,No
2965,2965,2966,M17825,M,300.7,309.5,1838,24.9,66,0,0,0,0,0,0,8.800000000000011,0,Low,High,Low,No
2966,2966,2967,L50146,L,300.6,309.3,1601,40.2,69,0,0,0,0,0,0,8.699999999999989,0,Medium,Medium,Low,No
2967,2967,2968,L50147,L,300.6,309.4,1369,51.6,71,0,0,0,0,0,0,8.799999999999955,0,High,Medium,Low,No
2968,2968,2969,M17828,M,300.6,309.4,1312,45.2,73,0,0,0,0,0,0,8.799999999999955,0,High,Medium,Low,No
2969,2969,2970,L50149,L,300.6,309.4,1468,44.1,76,0,0,0,0,0,0,8.799999999999955,0,Medium,Medium,Low,No
2970,2970,2971,M17830,M,300.6,309.4,1452,39.4,78,0,0,0,0,0,0,8.799999999999955,0,Medium,Medium,Low,No
2971,2971,2972,M17831,M,300.7,309.5,1393,43.9,81,0,0,0,0,0,0,8.800000000000011,0,Medium,Medium,Medium,No
2972,2972,2973,M17832,M,300.6,309.4,1432,44.2,84,0,0,0,0,0,0,8.799999999999955,0,Medium,Medium,Medium,No
2973,2973,2974,M17833,M,300.6,309.3,1510,46.0,87,0,0,0,0,0,0,8.699999999999989,0,High,Medium,Medium,No
2974,2974,2975,M17834,M,300.6,309.4,1521,37.2,90,0,0,0,0,0,0,8.799999999999955,0,Medium,Medium,Medium,No
2975,2975,2976,H32389,H,300.5,309.4,1360,46.2,93,0,0,0,0,0,0,8.899999999999977,0,High,Medium,Medium,No
2976,2976,2977,M17836,M,300.5,309.3,1881,25.5,98,0,0,0,0,0,0,8.800000000000011,0,High,High,Medium,No
2977,2977,2978,L50157,L,300.4,309.3,1413,50.3,101,0,0,0,0,0,0,8.900000000000034,0,High,Medium,Medium,No
2978,2978,2979,H32392,H,300.5,309.4,1642,36.2,103,0,0,0,0,0,0,8.899999999999977,0,Medium,Medium,Medium,No
2979,2979,2980,L50159,L,300.5,309.5,1542,38.5,108,0,0,0,0,0,0,9.0,0,Medium,Medium,Medium,No
2980,2980,2981,L50160,L,300.4,309.5,1447,39.3,110,0,0,0,0,0,0,9.100000000000023,0,Medium,Medium,Medium,No
2981,2981,2982,H32395,H,300.4,309.4,1530,40.4,112,0,0,0,0,0,0,9.0,0,Medium,Medium,Medium,No
2982,2982,2983,L50162,L,300.5,309.5,1795,27.7,117,0,0,0,0,0,0,9.0,0,Medium,High,Medium,No
2983,2983,2984,L50163,L,300.6,309.6,1290,57.4,119,0,0,0,0,0,0,9.0,0,High,Medium,Medium,No
2984,2984,2985,L50164,L,300.6,309.7,1639,30.4,121,0,0,0,0,0,0,9.099999999999966,0,Medium,Medium,Medium,No
2985,2985,2986,L50165,L,300.7,309.8,1596,31.5,123,0,0,0,0,0,0,9.100000000000023,0,Medium,Medium,Medium,No
2986,2986,2987,L50166,L,300.6,309.8,1455,48.0,125,0,0,0,0,0,0,9.199999999999989,0,High,Medium,Medium,No
2987,2987,2988,M17847,M,300.6,309.8,1659,28.9,127,0,0,0,0,0,0,9.199999999999989,0,Medium,High,Medium,No
2988,2988,2989,M17848,M,300.6,309.8,1532,42.5,130,0,0,0,0,0,0,9.199999999999989,0,Medium,Medium,Medium,No
2989,2989,2990,L50169,L,300.6,309.8,1502,42.4,133,0,0,0,0,0,0,9.199999999999989,0,Medium,Medium,High,No
2990,2990,2991,L50170,L,300.6,309.8,1688,28.6,135,0,0,0,0,0,0,9.199999999999989,0,Medium,High,High,No
2991,2991,2992,M17851,M,300.5,309.7,1341,50.9,137,0,0,0,0,0,0,9.199999999999989,0,High,Medium,High,No
2992,2992,2993,M17852,M,300.5,309.7,1685,29.4,140,0,0,0,0,0,0,9.199999999999989,0,Medium,High,High,No
2993,2993,2994,M17853,M,300.5,309.8,1370,55.9,143,0,0,0,0,0,0,9.300000000000011,0,High,Medium,High,No
2994,2994,2995,L50174,L,300.5,309.8,1461,52.5,146,0,0,0,0,0,0,9.300000000000011,0,High,Medium,High,No
2995,2995,2996,L50175,L,300.5,309.8,1550,37.4,148,0,0,0,0,0,0,9.300000000000011,0,Medium,Medium,High,No
2996,2996,2997,M17856,M,300.5,309.8,1508,37.8,150,0,0,0,0,0,0,9.300000000000011,0,Medium,Medium,High,No
2997,2997,2998,L50177,L,300.5,309.8,1345,62.7,153,0,0,0,0,0,0,9.300000000000011,0,High,Medium,High,No
2998,2998,2999,L50178,L,300.5,309.7,1616,34.5,155,0,0,0,0,0,0,9.199999999999989,0,Medium,Medium,High,No
2999,2999,3000,L50179,L,300.5,309.7,1395,61.0,157,0,0,0,0,0,0,9.199999999999989,0,High,Medium,High,No
3000,3000,3001,H32414,H,300.5,309.8,1324,72.8,159,1,0,0,1,0,0,9.300000000000011,1,High,Medium,High,No
3001,3001,3002,L50181,L,300.5,309.8,1445,43.9,164,0,0,0,0,0,0,9.300000000000011,0,Medium,Medium,High,No
3002,3002,3003,M17862,M,300.5,309.8,1555,38.9,166,0,0,0,0,0,0,9.300000000000011,0,Medium,Medium,High,No
3003,3003,3004,M17863,M,300.6,309.9,1449,42.4,169,0,0,0,0,0,0,9.299999999999955,0,Medium,Medium,High,No
3004,3004,3005,M17864,M,300.5,309.9,1466,53.2,172,0,0,0,0,0,0,9.399999999999977,0,High,Medium,High,No
3005,3005,3006,L50185,L,300.5,309.9,1503,37.4,175,0,0,0,0,0,0,9.399999999999977,0,Medium,Medium,High,No
3006,3006,3007,L50186,L,300.4,309.7,1488,35.7,177,0,0,0,0,0,0,9.300000000000011,0,Medium,Medium,High,No
3007,3007,3008,L50187,L,300.4,309.7,1314,50.2,179,0,0,0,0,0,0,9.300000000000011,0,High,Medium,High,No
3008,3008,3009,M17868,M,300.4,309.7,1547,38.0,181,0,0,0,0,0,0,9.300000000000011,0,Medium,Medium,High,No
3009,3009,3010,M17869,M,300.4,309.7,1466,39.8,184,0,0,0,0,0,0,9.300000000000011,0,Medium,Medium,High,No
3010,3010,3011,L50190,L,300.3,309.6,1537,37.1,187,0,0,0,0,0,0,9.300000000000011,0,Medium,Medium,High,No
3011,3011,3012,M17871,M,300.2,309.5,1434,51.5,189,0,0,0,0,0,0,9.300000000000011,0,High,Medium,High,No
3012,3012,3013,L50192,L,300.4,309.6,1432,44.7,192,0,0,0,0,0,0,9.200000000000045,0,Medium,Medium,High,No
3013,3013,3014,L50193,L,300.5,309.6,1390,48.4,194,0,0,0,0,0,0,9.100000000000023,0,High,Medium,High,No
3014,3014,3015,L50194,L,300.5,309.7,1580,42.8,196,0,0,0,0,0,0,9.199999999999989,0,Medium,Medium,High,No
3015,3015,3016,L50195,L,300.5,309.7,1589,30.5,198,0,0,0,0,0,0,9.199999999999989,0,Medium,Medium,High,No
3016,3016,3017,L50196,L,300.5,309.8,1441,48.8,200,0,0,0,0,0,0,9.300000000000011,0,High,Medium,High,No
3017,3017,3018,L50197,L,300.5,309.8,1305,51.7,202,0,0,0,0,0,0,9.300000000000011,0,High,Medium,High,No
3018,3018,3019,M17878,M,300.5,309.8,1566,35.9,204,0,0,0,0,0,0,9.300000000000011,0,Medium,Medium,High,No
3019,3019,3020,L50199,L,300.5,309.8,1379,54.2,207,1,0,0,0,1,0,9.300000000000011,1,High,Medium,High,No
3020,3020,3021,L50200,L,300.4,309.6,1543,38.1,209,0,0,0,0,0,0,9.200000000000045,0,Medium,Medium,High,No
3021,3021,3022,L50201,L,300.5,309.8,1421,49.6,211,0,0,0,0,0,0,9.300000000000011,0,High,Medium,High,No
3022,3022,3023,L50202,L,300.5,309.6,1760,30.6,213,0,0,0,0,0,0,9.100000000000023,0,Medium,High,High,No
3023,3023,3024,L50203,L,300.4,309.5,1711,29.2,215,0,0,0,0,0,0,9.100000000000023,0,Medium,High,High,No
3024,3024,3025,L50204,L,300.5,309.6,1465,41.6,217,0,0,0,0,0,0,9.100000000000023,0,Medium,Medium,High,No
3025,3025,3026,L50205,L,300.5,309.6,1366,50.2,219,0,0,0,0,0,0,9.100000000000023,0,High,Medium,High,No
3026,3026,3027,M17886,M,300.4,309.5,1888,21.9,221,0,0,0,0,0,0,9.100000000000023,0,Low,High,High,No
3027,3027,3028,L50207,L,300.5,309.5,1777,23.6,0,0,0,0,0,0,0,9.0,0,Low,High,Low,No
3028,3028,3029,L50208,L,300.5,309.5,1379,55.6,2,0,0,0,0,0,0,9.0,0,High,Medium,Low,No
3029,3029,3030,L50209,L,300.4,309.5,1525,51.3,4,0,0,0,0,0,0,9.100000000000023,0,High,Medium,Low,No
3030,3030,3031,M17890,M,300.4,309.6,1563,34.0,6,0,0,0,0,0,0,9.200000000000045,0,Medium,Medium,Low,No
3031,3031,3032,M17891,M,300.5,309.7,1389,43.3,9,0,0,0,0,0,0,9.199999999999989,0,Medium,Medium,Low,No
3032,3032,3033,M17892,M,300.6,309.8,1447,42.9,12,0,0,0,0,0,0,9.199999999999989,0,Medium,Medium,Low,No
3033,3033,3034,M17893,M,300.6,309.7,1934,22.8,15,0,0,0,0,0,0,9.099999999999966,0,Low,High,Low,No
3034,3034,3035,H32448,H,300.6,309.7,1470,43.8,18,0,0,0,0,0,0,9.099999999999966,0,Medium,Medium,Low,No
3035,3035,3036,M17895,M,300.6,309.7,1428,42.6,23,0,0,0,0,0,0,9.099999999999966,0,Medium,Medium,Low,No
3036,3036,3037,L50216,L,300.4,309.6,1319,48.1,26,0,0,0,0,0,0,9.200000000000045,0,High,Medium,Low,No
3037,3037,3038,L50217,L,300.5,309.7,1887,24.3,28,0,0,0,0,0,0,9.199999999999989,0,Low,High,Low,No
3038,3038,3039,L50218,L,300.4,309.5,1349,50.4,30,0,0,0,0,0,0,9.100000000000023,0,High,Medium,Low,No
3039,3039,3040,M17899,M,300.3,309.5,1665,31.4,32,0,0,0,0,0,0,9.199999999999989,0,Medium,High,Low,No
3040,3040,3041,L50220,L,300.3,309.5,1474,38.7,35,0,0,0,0,0,0,9.199999999999989,0,Medium,Medium,Low,No
3041,3041,3042,L50221,L,300.4,309.5,1543,38.9,37,0,0,0,0,0,0,9.100000000000023,0,Medium,Medium,Low,No
3042,3042,3043,M17902,M,300.2,309.4,1459,43.9,39,0,0,0,0,0,0,9.199999999999989,0,Medium,Medium,Low,No
3043,3043,3044,L50223,L,300.3,309.5,1551,37.9,42,0,0,0,0,0,0,9.199999999999989,0,Medium,Medium,Low,No
3044,3044,3045,L50224,L,300.2,309.4,1981,21.4,44,0,0,0,0,0,0,9.199999999999989,0,Low,High,Low,No
3045,3045,3046,L50225,L,300.2,309.4,1526,35.3,46,0,0,0,0,0,0,9.199999999999989,0,Medium,Medium,Low,No
3046,3046,3047,M17906,M,300.2,309.4,1501,40.0,48,0,0,0,0,0,0,9.199999999999989,0,Medium,Medium,Low,No
3047,3047,3048,L50227,L,300.2,309.4,1558,38.3,51,0,0,0,0,0,0,9.199999999999989,0,Medium,Medium,Low,No
3048,3048,3049,L50228,L,300.2,309.3,1532,43.2,53,0,0,0,0,0,0,9.100000000000023,0,Medium,Medium,Low,No
3049,3049,3050,L50229,L,300.1,309.2,1326,55.9,55,0,0,0,0,0,0,9.099999999999966,0,High,Medium,Low,No
3050,3050,3051,L50230,L,300.2,309.2,1431,51.3,57,0,0,0,0,0,0,9.0,0,High,Medium,Low,No
3051,3051,3052,L50231,L,300.2,309.3,1366,49.3,59,0,0,0,0,0,0,9.100000000000023,0,High,Medium,Low,No
3052,3052,3053,L50232,L,300.1,309.2,1421,42.5,61,0,0,0,0,0,0,9.099999999999966,0,Medium,Medium,Low,No
3053,3053,3054,H32467,H,300.2,309.3,1506,35.6,63,0,0,0,0,0,0,9.100000000000023,0,Medium,Medium,Low,No
3054,3054,3055,H32468,H,300.2,309.3,1342,48.7,68,0,0,0,0,0,0,9.100000000000023,0,High,Medium,Low,No
3055,3055,3056,L50235,L,300.1,309.2,1427,37.6,73,0,0,0,0,0,0,9.099999999999966,0,Medium,Medium,Low,No
3056,3056,3057,L50236,L,300.2,309.2,1667,29.9,75,0,0,0,0,0,0,9.0,0,Medium,High,Low,No
3057,3057,3058,L50237,L,300.1,309.1,1400,46.7,77,0,0,0,0,0,0,9.0,0,High,Medium,Low,No
3058,3058,3059,L50238,L,300.0,309.0,1709,32.1,79,0,0,0,0,0,0,9.0,0,Medium,High,Low,No
3059,3059,3060,M17919,M,300.0,309.0,1368,45.8,81,0,0,0,0,0,0,9.0,0,High,Medium,Medium,No
3060,3060,3061,L50240,L,300.0,309.1,1882,23.8,84,0,0,0,0,0,0,9.100000000000023,0,Low,High,Medium,No
3061,3061,3062,L50241,L,300.1,309.1,1353,58.7,86,0,0,0,0,0,0,9.0,0,High,Medium,Medium,No
3062,3062,3063,L50242,L,299.9,309.0,1553,40.0,88,0,0,0,0,0,0,9.100000000000023,0,Medium,Medium,Medium,No
3063,3063,3064,L50243,L,300.0,309.1,1431,45.4,90,0,0,0,0,0,0,9.100000000000023,0,High,Medium,Medium,No
3064,3064,3065,M17924,M,300.1,309.1,1731,30.4,92,0,0,0,0,0,0,9.0,0,Medium,High,Medium,No
3065,3065,3066,M17925,M,300.1,309.2,1687,27.7,95,0,0,0,0,0,1,9.099999999999966,1,Medium,High,Medium,No
3066,3066,3067,M17926,M,300.1,309.2,1457,44.3,98,0,0,0,0,0,0,9.099999999999966,0,Medium,Medium,Medium,No
3067,3067,3068,L50247,L,300.1,309.2,1533,37.0,101,0,0,0,0,0,0,9.099999999999966,0,Medium,Medium,Medium,No
3068,3068,3069,H32482,H,300.0,309.0,1622,31.8,103,0,0,0,0,0,0,9.0,0,Medium,Medium,Medium,No
3069,3069,3070,L50249,L,300.0,309.1,1791,28.2,108,0,0,0,0,0,0,9.100000000000023,0,Medium,High,Medium,No
3070,3070,3071,L50250,L,300.0,309.1,1631,28.3,110,0,0,0,0,0,0,9.100000000000023,0,Medium,Medium,Medium,No
3071,3071,3072,L50251,L,300.0,309.0,2174,16.9,112,0,0,0,0,0,0,9.0,0,Low,High,Medium,No
3072,3072,3073,L50252,L,300.1,309.0,1314,58.2,114,0,0,0,0,0,0,8.899999999999977,0,High,Medium,Medium,No
3073,3073,3074,L50253,L,300.1,309.1,1478,46.9,116,0,0,0,0,0,0,9.0,0,High,Medium,Medium,No
3074,3074,3075,L50254,L,300.1,309.2,1783,27.3,118,0,0,0,0,0,0,9.099999999999966,0,Medium,High,Medium,No
3075,3075,3076,M17935,M,300.1,309.2,1385,46.1,120,0,0,0,0,0,0,9.099999999999966,0,High,Medium,Medium,No
3076,3076,3077,L50256,L,300.0,309.2,1444,43.6,123,0,0,0,0,0,0,9.199999999999989,0,Medium,Medium,Medium,No
3077,3077,3078,L50257,L,300.1,309.3,1841,23.0,125,0,0,0,0,0,0,9.199999999999989,0,Low,High,Medium,No
3078,3078,3079,M17938,M,300.1,309.4,1349,56.2,127,0,0,0,0,0,0,9.299999999999955,0,High,Medium,Medium,No
3079,3079,3080,L50259,L,300.1,309.3,1340,56.0,130,0,0,0,0,0,0,9.199999999999989,0,High,Medium,Medium,No
3080,3080,3081,M17940,M,299.9,309.2,1539,43.2,132,0,0,0,0,0,0,9.300000000000011,0,Medium,Medium,High,No
3081,3081,3082,M17941,M,300.0,309.3,1932,21.8,135,0,0,0,0,0,0,9.300000000000011,0,Low,High,High,No
3082,3082,3083,M17942,M,300.0,309.3,1407,43.9,138,0,0,0,0,0,0,9.300000000000011,0,Medium,Medium,High,No
3083,3083,3084,L50263,L,300.1,309.3,1712,28.5,141,0,0,0,0,0,0,9.199999999999989,0,Medium,High,High,No
3084,3084,3085,H32498,H,300.1,309.4,1329,55.2,143,0,0,0,0,0,0,9.299999999999955,0,High,Medium,High,No
3085,3085,3086,L50265,L,300.1,309.2,1441,42.9,148,0,0,0,0,0,0,9.099999999999966,0,Medium,Medium,High,No
3086,3086,3087,L50266,L,300.0,309.2,1610,32.1,150,0,0,0,0,0,0,9.199999999999989,0,Medium,Medium,High,No
3087,3087,3088,M17947,M,300.0,309.1,1474,45.2,152,0,0,0,0,0,0,9.100000000000023,0,High,Medium,High,No
3088,3088,3089,M17948,M,300.0,309.1,1624,30.8,155,0,0,0,0,0,0,9.100000000000023,0,Medium,Medium,High,No
3089,3089,3090,H32503,H,300.1,309.3,1520,38.2,158,0,0,0,0,0,0,9.199999999999989,0,Medium,Medium,High,No
3090,3090,3091,H32504,H,300.1,309.3,1448,45.8,163,0,0,0,0,0,0,9.199999999999989,0,High,Medium,High,No
3091,3091,3092,L50271,L,300.0,309.3,1558,29.7,168,0,0,0,0,0,0,9.300000000000011,0,Medium,Medium,High,No
3092,3092,3093,M17952,M,300.0,309.3,2293,16.3,170,0,0,0,0,0,0,9.300000000000011,0,Low,High,High,No
3093,3093,3094,L50273,L,300.0,309.3,1397,51.2,173,0,0,0,0,0,0,9.300000000000011,0,High,Medium,High,No
3094,3094,3095,L50274,L,300.0,309.3,1972,22.0,175,0,0,0,0,0,0,9.300000000000011,0,Low,High,High,No
3095,3095,3096,M17955,M,299.9,309.2,1574,36.5,177,0,0,0,0,0,0,9.300000000000011,0,Medium,Medium,High,No
3096,3096,3097,L50276,L,299.9,309.2,1560,38.9,180,0,0,0,0,0,0,9.300000000000011,0,Medium,Medium,High,No
3097,3097,3098,M17957,M,299.9,309.2,1353,49.8,182,0,0,0,0,0,0,9.300000000000011,0,High,Medium,High,No
3098,3098,3099,M17958,M,299.9,309.2,1389,51.2,185,0,0,0,0,0,0,9.300000000000011,0,High,Medium,High,No
3099,3099,3100,M17959,M,299.9,309.1,1513,43.8,188,0,0,0,0,0,0,9.200000000000045,0,Medium,Medium,High,No
3100,3100,3101,L50280,L,299.8,309.1,1578,42.1,191,0,0,0,0,0,0,9.300000000000011,0,Medium,Medium,High,No
3101,3101,3102,H32515,H,299.8,309.0,1467,37.3,193,0,0,0,0,0,0,9.199999999999989,0,Medium,Medium,High,No
3102,3102,3103,L50282,L,299.9,309.1,1412,48.3,198,0,0,0,0,0,0,9.200000000000045,0,High,Medium,High,No
3103,3103,3104,L50283,L,299.8,309.1,1668,30.3,200,0,0,0,0,0,0,9.300000000000011,0,Medium,High,High,No
3104,3104,3105,M17964,M,299.8,309.2,1678,29.8,202,0,0,0,0,0,0,9.399999999999977,0,Medium,High,High,No
3105,3105,3106,L50285,L,299.8,309.1,1612,35.4,205,0,0,0,0,0,0,9.300000000000011,0,Medium,Medium,High,No
3106,3106,3107,L50286,L,299.8,309.1,1485,39.9,207,0,0,0,0,0,0,9.300000000000011,0,Medium,Medium,High,No
3107,3107,3108,M17967,M,299.8,309.1,1456,39.4,209,0,0,0,0,0,0,9.300000000000011,0,Medium,Medium,High,No
3108,3108,3109,L50288,L,299.8,309.2,1504,38.7,212,0,0,0,0,0,0,9.399999999999977,0,Medium,Medium,High,No
3109,3109,3110,L50289,L,299.9,309.2,1491,44.3,214,0,0,0,0,0,0,9.300000000000011,0,Medium,Medium,High,No
3110,3110,3111,H32524,H,299.9,309.2,1525,33.2,0,0,0,0,0,0,0,9.300000000000011,0,Medium,Medium,Low,No
3111,3111,3112,L50291,L,300.0,309.2,1759,27.9,5,0,0,0,0,0,0,9.199999999999989,0,Medium,High,Low,No
3112,3112,3113,M17972,M,299.8,309.1,1355,56.7,7,0,0,0,0,0,0,9.300000000000011,0,High,Medium,Low,No
3113,3113,3114,M17973,M,299.9,309.1,1345,56.8,10,0,0,0,0,0,0,9.200000000000045,0,High,Medium,Low,No
3114,3114,3115,M17974,M,299.9,309.2,1683,30.5,13,0,0,0,0,0,0,9.300000000000011,0,Medium,High,Low,No
3115,3115,3116,L50295,L,299.9,309.2,1658,34.8,16,0,0,0,0,0,0,9.300000000000011,0,Medium,High,Low,No
3116,3116,3117,L50296,L,300.0,309.2,1566,34.4,18,0,0,0,0,0,0,9.199999999999989,0,Medium,Medium,Low,No
3117,3117,3118,M17977,M,300.1,309.3,1469,43.9,20,0,0,0,0,0,0,9.199999999999989,0,Medium,Medium,Low,No
3118,3118,3119,M17978,M,300.2,309.5,1458,46.9,23,0,0,0,0,0,0,9.300000000000011,0,High,Medium,Low,No
3119,3119,3120,L50299,L,300.1,309.4,1858,23.6,26,0,0,0,0,0,0,9.299999999999955,0,Low,High,Low,No
3120,3120,3121,H32534,H,300.1,309.4,1563,40.8,28,0,0,0,0,0,0,9.299999999999955,0,Medium,Medium,Low,No
3121,3121,3122,L50301,L,300.1,309.4,2141,17.9,33,0,0,0,0,0,0,9.299999999999955,0,Low,High,Low,No
3122,3122,3123,L50302,L,300.0,309.3,1473,46.0,35,0,0,0,0,0,0,9.300000000000011,0,High,Medium,Low,No
3123,3123,3124,H32537,H,300.0,309.4,1498,38.5,37,0,0,0,0,0,0,9.399999999999977,0,Medium,Medium,Low,No
3124,3124,3125,L50304,L,300.1,309.4,1568,39.7,42,0,0,0,0,0,0,9.299999999999955,0,Medium,Medium,Low,No
3125,3125,3126,L50305,L,300.1,309.4,1694,27.4,44,0,0,0,0,0,0,9.299999999999955,0,Medium,High,Low,No
3126,3126,3127,L50306,L,300.0,309.4,1499,35.7,46,0,0,0,0,0,0,9.399999999999977,0,Medium,Medium,Low,No
3127,3127,3128,L50307,L,300.0,309.5,1717,28.3,48,0,0,0,0,0,0,9.5,0,Medium,High,Low,No
3128,3128,3129,M17988,M,300.1,309.5,1462,42.8,50,0,0,0,0,0,0,9.399999999999977,0,Medium,Medium,Low,No
3129,3129,3130,L50309,L,300.1,309.6,1642,34.5,53,0,0,0,0,0,0,9.5,0,Medium,Medium,Low,No
3130,3130,3131,L50310,L,300.1,309.6,1760,25.4,55,0,0,0,0,0,0,9.5,0,High,High,Low,No
3131,3131,3132,L50311,L,300.1,309.5,1660,32.7,57,0,0,0,0,0,0,9.399999999999977,0,Medium,High,Low,No
3132,3132,3133,L50312,L,300.1,309.5,1557,40.6,59,0,0,0,0,0,0,9.399999999999977,0,Medium,Medium,Low,No
3133,3133,3134,H32547,H,300.2,309.6,1442,49.2,61,0,0,0,0,0,0,9.400000000000034,0,High,Medium,Low,No
3134,3134,3135,L50314,L,300.2,309.6,1359,51.5,66,0,0,0,0,0,0,9.400000000000034,0,High,Medium,Low,No
3135,3135,3136,L50315,L,300.4,309.8,1342,52.5,68,0,0,0,0,0,0,9.400000000000034,0,High,Medium,Low,No
3136,3136,3137,L50316,L,300.4,309.9,1435,54.8,70,0,0,0,0,0,0,9.5,0,High,Medium,Low,No
3137,3137,3138,L50317,L,300.4,309.9,1567,36.5,72,0,0,0,0,0,0,9.5,0,Medium,Medium,Low,No
3138,3138,3139,L50318,L,300.4,309.9,1376,43.5,74,0,0,0,0,0,0,9.5,0,Medium,Medium,Low,No
3139,3139,3140,H32553,H,300.4,309.9,1513,38.7,76,0,0,0,0,0,0,9.5,0,Medium,Medium,Low,No
3140,3140,3141,H32554,H,300.4,309.9,2563,12.8,81,1,0,0,1,0,0,9.5,1,Low,High,Medium,No
3141,3141,3142,L50321,L,300.5,310.0,1521,45.1,86,0,0,0,0,0,0,9.5,0,High,Medium,Medium,No
3142,3142,3143,L50322,L,300.6,310.0,1658,34.7,88,0,0,0,0,0,0,9.399999999999977,0,Medium,High,Medium,No
3143,3143,3144,H32557,H,300.6,310.0,1419,42.4,90,0,0,0,0,0,0,9.399999999999977,0,Medium,Medium,Medium,No
3144,3144,3145,M18004,M,300.6,310.0,1478,36.3,95,0,0,0,0,0,0,9.399999999999977,0,Medium,Medium,Medium,No
3145,3145,3146,M18005,M,300.5,310.0,1415,43.5,98,0,0,0,0,0,0,9.5,0,Medium,Medium,Medium,No
3146,3146,3147,M18006,M,300.5,309.9,1780,26.5,101,0,0,0,0,0,0,9.399999999999977,0,Medium,High,Medium,No
3147,3147,3148,M18007,M,300.4,309.7,1440,42.8,104,0,0,0,0,0,0,9.300000000000011,0,Medium,Medium,Medium,No
3148,3148,3149,H32562,H,300.4,309.8,1448,39.7,107,0,0,0,0,0,0,9.400000000000034,0,Medium,Medium,Medium,No
3149,3149,3150,H32563,H,300.4,309.7,1500,35.2,112,0,0,0,0,0,0,9.300000000000011,0,Medium,Medium,Medium,No
3150,3150,3151,L50330,L,300.4,309.8,1513,32.9,117,0,0,0,0,0,0,9.400000000000034,0,Medium,Medium,Medium,No
3151,3151,3152,L50331,L,300.5,309.8,1428,43.8,119,0,0,0,0,0,0,9.300000000000011,0,Medium,Medium,Medium,No
3152,3152,3153,M18012,M,300.5,309.8,1473,42.3,121,0,0,0,0,0,0,9.300000000000011,0,Medium,Medium,Medium,No
3153,3153,3154,M18013,M,300.5,309.9,1483,49.3,124,0,0,0,0,0,0,9.399999999999977,0,High,Medium,Medium,No
3154,3154,3155,L50334,L,300.4,309.7,1534,42.5,127,0,0,0,0,0,0,9.300000000000011,0,Medium,Medium,Medium,No
3155,3155,3156,L50335,L,300.5,309.8,1367,54.0,129,0,0,0,0,0,0,9.300000000000011,0,High,Medium,Medium,No
3156,3156,3157,L50336,L,300.4,309.7,1467,36.9,131,0,0,0,0,0,0,9.300000000000011,0,Medium,Medium,High,No
3157,3157,3158,M18017,M,300.4,309.7,1488,42.2,133,0,0,0,0,0,0,9.300000000000011,0,Medium,Medium,High,No
3158,3158,3159,L50338,L,300.4,309.7,1679,30.1,136,0,0,0,0,0,0,9.300000000000011,0,Medium,High,High,No
3159,3159,3160,H32573,H,300.4,309.8,1409,47.5,138,0,0,0,0,0,0,9.400000000000034,0,High,Medium,High,No
3160,3160,3161,M18020,M,300.4,309.7,1367,51.2,143,0,0,0,0,0,0,9.300000000000011,0,High,Medium,High,No
3161,3161,3162,L50341,L,300.4,309.8,1314,63.1,146,0,0,0,0,0,0,9.400000000000034,0,High,Medium,High,No
3162,3162,3163,L50342,L,300.5,309.9,1480,40.0,148,0,0,0,0,0,0,9.399999999999977,0,Medium,Medium,High,No
3163,3163,3164,L50343,L,300.4,309.8,1549,38.9,150,0,0,0,0,0,0,9.400000000000034,0,Medium,Medium,High,No
3164,3164,3165,L50344,L,300.4,309.7,1685,31.3,152,0,0,0,0,0,0,9.300000000000011,0,Medium,High,High,No
3165,3165,3166,L50345,L,300.4,309.6,1536,34.5,154,0,0,0,0,0,0,9.200000000000045,0,Medium,Medium,High,No
3166,3166,3167,M18026,M,300.4,309.7,1539,37.7,156,0,0,0,0,0,0,9.300000000000011,0,Medium,Medium,High,No
3167,3167,3168,L50347,L,300.4,309.7,1384,45.1,159,0,0,0,0,0,0,9.300000000000011,0,High,Medium,High,No
3168,3168,3169,M18028,M,300.4,309.6,1614,30.3,161,0,0,0,0,0,0,9.200000000000045,0,Medium,Medium,High,No
3169,3169,3170,M18029,M,300.4,309.6,1675,35.5,164,0,0,0,0,0,0,9.200000000000045,0,Medium,High,High,No
3170,3170,3171,M18030,M,300.4,309.7,1685,32.3,167,0,0,0,0,0,0,9.300000000000011,0,Medium,High,High,No
3171,3171,3172,L50351,L,300.4,309.6,1386,56.9,170,0,0,0,0,0,0,9.200000000000045,0,High,Medium,High,No
3172,3172,3173,M18032,M,300.3,309.6,1488,41.3,172,0,0,0,0,0,0,9.300000000000011,0,Medium,Medium,High,No
3173,3173,3174,L50353,L,300.3,309.6,1624,32.6,175,0,0,0,0,0,0,9.300000000000011,0,Medium,Medium,High,No
3174,3174,3175,L50354,L,300.3,309.6,1600,34.6,177,0,0,0,0,0,0,9.300000000000011,0,Medium,Medium,High,No
3175,3175,3176,L50355,L,300.3,309.6,1468,44.7,179,0,0,0,0,0,0,9.300000000000011,0,Medium,Medium,High,No
3176,3176,3177,L50356,L,300.3,309.6,1435,45.4,181,0,0,0,0,0,0,9.300000000000011,0,High,Medium,High,No
3177,3177,3178,M18037,M,300.2,309.5,1564,33.4,183,0,0,0,0,0,0,9.300000000000011,0,Medium,Medium,High,No
3178,3178,3179,M18038,M,300.2,309.4,1329,53.6,186,0,0,0,0,0,0,9.199999999999989,0,High,Medium,High,No
3179,3179,3180,L50359,L,300.1,309.3,1570,36.8,189,0,0,0,0,0,0,9.199999999999989,0,Medium,Medium,High,No
3180,3180,3181,M18040,M,300.2,309.4,1433,48.8,191,0,0,0,0,0,0,9.199999999999989,0,High,Medium,High,No
3181,3181,3182,L50361,L,300.2,309.4,1527,37.0,194,0,0,0,0,0,0,9.199999999999989,0,Medium,Medium,High,No
3182,3182,3183,M18042,M,300.1,309.3,1443,50.3,196,0,0,0,0,0,0,9.199999999999989,0,High,Medium,High,No
3183,3183,3184,L50363,L,300.1,309.3,1616,32.0,199,0,0,0,0,0,0,9.199999999999989,0,Medium,Medium,High,No
3184,3184,3185,L50364,L,300.1,309.3,1654,31.0,201,0,0,0,0,0,0,9.199999999999989,0,Medium,High,High,No
3185,3185,3186,L50365,L,300.1,309.3,1685,27.1,203,0,0,0,0,0,0,9.199999999999989,0,Medium,High,High,No
3186,3186,3187,M18046,M,300.2,309.4,1456,48.8,205,0,0,0,0,0,0,9.199999999999989,0,High,Medium,High,No
3187,3187,3188,M18047,M,300.2,309.4,1752,27.8,208,0,0,0,0,0,0,9.199999999999989,0,Medium,High,High,No
3188,3188,3189,M18048,M,300.1,309.2,1438,51.0,211,0,0,0,0,0,0,9.099999999999966,0,High,Medium,High,No
3189,3189,3190,L50369,L,300.1,309.1,1551,33.7,214,0,0,0,0,0,0,9.0,0,Medium,Medium,High,No
3190,3190,3191,L50370,L,300.1,309.2,1599,30.1,216,0,0,0,0,0,0,9.099999999999966,0,Medium,Medium,High,No
3191,3191,3192,M18051,M,300.1,309.2,1732,33.7,218,0,0,0,0,0,0,9.099999999999966,0,Medium,High,High,No
3192,3192,3193,M18052,M,300.1,309.2,1418,39.8,221,0,0,0,0,0,0,9.099999999999966,0,Medium,Medium,High,No
3193,3193,3194,L50373,L,300.0,309.1,1401,44.5,0,0,0,0,0,0,0,9.100000000000023,0,Medium,Medium,Low,No
3194,3194,3195,L50374,L,300.0,309.0,1454,51.7,2,0,0,0,0,0,0,9.0,0,High,Medium,Low,No
3195,3195,3196,M18055,M,300.0,309.2,1635,32.4,4,0,0,0,0,0,0,9.199999999999989,0,Medium,Medium,Low,No
3196,3196,3197,L50376,L,300.0,309.1,1489,40.3,7,0,0,0,0,0,0,9.100000000000023,0,Medium,Medium,Low,No
3197,3197,3198,L50377,L,300.0,309.1,1465,40.6,9,0,0,0,0,0,0,9.100000000000023,0,Medium,Medium,Low,No
3198,3198,3199,M18058,M,300.0,309.1,1463,45.7,11,0,0,0,0,0,0,9.100000000000023,0,High,Medium,Low,No
3199,3199,3200,H32613,H,300.1,309.1,1560,35.4,14,0,0,0,0,0,0,9.0,0,Medium,Medium,Low,No
3200,3200,3201,M18060,M,300.1,309.2,1454,44.4,19,0,0,0,0,0,0,9.099999999999966,0,Medium,Medium,Low,No
3201,3201,3202,L50381,L,300.2,309.1,1479,47.0,22,0,0,0,0,0,0,8.900000000000034,0,High,Medium,Low,No
3202,3202,3203,L50382,L,300.2,309.2,1430,43.4,24,0,0,0,0,0,0,9.0,0,Medium,Medium,Low,No
3203,3203,3204,M18063,M,300.1,309.1,1533,38.0,26,0,0,0,0,0,0,9.0,0,Medium,Medium,Low,No
3204,3204,3205,L50384,L,300.1,309.0,1404,54.8,29,0,0,0,0,0,0,8.899999999999977,0,High,Medium,Low,No
3205,3205,3206,M18065,M,300.1,308.9,1548,38.4,31,0,0,0,0,0,0,8.799999999999955,0,Medium,Medium,Low,No
3206,3206,3207,M18066,M,300.1,309.0,1612,33.0,34,0,0,0,0,0,0,8.899999999999977,0,Medium,Medium,Low,No
3207,3207,3208,M18067,M,300.2,309.0,1642,31.2,37,0,0,0,0,0,0,8.800000000000011,0,Medium,Medium,Low,No
3208,3208,3209,M18068,M,300.2,309.1,1406,42.2,40,0,0,0,0,0,0,8.900000000000034,0,Medium,Medium,Low,No
3209,3209,3210,L50389,L,300.3,309.2,1587,31.4,43,0,0,0,0,0,0,8.899999999999977,0,Medium,Medium,Low,No
3210,3210,3211,M18070,M,300.3,309.2,1364,47.6,45,0,0,0,0,0,0,8.899999999999977,0,High,Medium,Low,No
3211,3211,3212,L50391,L,300.3,309.2,1462,51.4,48,0,0,0,0,0,0,8.899999999999977,0,High,Medium,Low,No
3212,3212,3213,L50392,L,300.3,309.2,1649,32.4,50,0,0,0,0,0,0,8.899999999999977,0,Medium,Medium,Low,No
3213,3213,3214,L50393,L,300.4,309.2,1752,29.0,52,0,0,0,0,0,0,8.800000000000011,0,Medium,High,Low,No
3214,3214,3215,H32628,H,300.4,309.3,1396,51.2,54,0,0,0,0,0,0,8.900000000000034,0,High,Medium,Low,No
3215,3215,3216,M18075,M,300.5,309.4,2179,16.3,59,0,0,0,0,0,0,8.899999999999977,0,Low,High,Low,No
3216,3216,3217,L50396,L,300.5,309.5,1653,27.6,62,0,0,0,0,0,0,9.0,0,Medium,High,Low,No
3217,3217,3218,L50397,L,300.6,309.5,2025,21.4,64,0,0,0,0,0,0,8.899999999999977,0,Low,High,Low,No
3218,3218,3219,L50398,L,300.6,309.6,1426,53.6,66,0,0,0,0,0,0,9.0,0,High,Medium,Low,No
3219,3219,3220,M18079,M,300.6,309.6,1503,38.4,68,0,0,0,0,0,0,9.0,0,Medium,Medium,Low,No
3220,3220,3221,M18080,M,300.7,309.6,1525,36.5,71,0,0,0,0,0,0,8.900000000000034,0,Medium,Medium,Low,No
3221,3221,3222,L50401,L,300.6,309.6,1423,49.1,74,0,0,0,0,0,0,9.0,0,High,Medium,Low,No
3222,3222,3223,M18082,M,300.7,309.7,1435,44.7,76,0,0,0,0,0,0,9.0,0,Medium,Medium,Low,No
3223,3223,3224,H32637,H,300.6,309.5,1495,36.5,79,0,0,0,0,0,0,8.899999999999977,0,Medium,Medium,Low,No
3224,3224,3225,M18084,M,300.6,309.5,1557,33.8,84,0,0,0,0,0,0,8.899999999999977,0,Medium,Medium,Medium,No
3225,3225,3226,L50405,L,300.6,309.4,1474,40.7,87,0,0,0,0,0,0,8.799999999999955,0,Medium,Medium,Medium,No
3226,3226,3227,L50406,L,300.5,309.3,1465,46.0,89,0,0,0,0,0,0,8.800000000000011,0,High,Medium,Medium,No
3227,3227,3228,M18087,M,300.5,309.3,1589,34.9,91,0,0,0,0,0,0,8.800000000000011,0,Medium,Medium,Medium,No
3228,3228,3229,L50408,L,300.5,309.3,1475,46.8,94,0,0,0,0,0,0,8.800000000000011,0,High,Medium,Medium,No
3229,3229,3230,L50409,L,300.6,309.4,1442,43.2,96,0,0,0,0,0,0,8.799999999999955,0,Medium,Medium,Medium,No
3230,3230,3231,L50410,L,300.6,309.4,1556,36.0,98,0,0,0,0,0,0,8.799999999999955,0,Medium,Medium,Medium,No
3231,3231,3232,L50411,L,300.7,309.3,1425,45.3,100,0,0,0,0,0,0,8.600000000000023,0,High,Medium,Medium,No
3232,3232,3233,L50412,L,300.7,309.3,1580,38.3,102,0,0,0,0,0,0,8.600000000000023,0,Medium,Medium,Medium,No
3233,3233,3234,H32647,H,300.8,309.4,1474,40.7,104,0,0,0,0,0,0,8.599999999999966,0,Medium,Medium,Medium,No
3234,3234,3235,L50414,L,300.8,309.4,1489,38.4,109,0,0,0,0,0,0,8.599999999999966,0,Medium,Medium,Medium,No
3235,3235,3236,L50415,L,300.8,309.4,1946,20.5,111,0,0,0,0,0,0,8.599999999999966,0,Low,High,Medium,No
3236,3236,3237,M18096,M,300.8,309.4,1342,62.4,113,1,0,1,0,0,0,8.599999999999966,1,High,Medium,Medium,No
3237,3237,3238,M18097,M,300.9,309.5,1758,26.8,116,0,0,0,0,0,0,8.600000000000023,0,Medium,High,Medium,No
3238,3238,3239,M18098,M,300.9,309.4,1724,25.6,119,0,0,0,0,0,0,8.5,0,High,High,Medium,No
3239,3239,3240,L50419,L,301.0,309.5,1430,48.5,122,0,0,0,0,0,0,8.5,0,High,Medium,Medium,No
3240,3240,3241,L50420,L,300.9,309.5,1612,35.2,124,0,0,0,0,0,0,8.600000000000023,0,Medium,Medium,Medium,No
3241,3241,3242,H32655,H,300.9,309.5,1469,43.4,126,0,0,0,0,0,0,8.600000000000023,0,Medium,Medium,Medium,No
3242,3242,3243,L50422,L,300.9,309.6,1384,42.4,131,0,0,0,0,0,0,8.700000000000045,0,Medium,Medium,High,No
3243,3243,3244,L50423,L,301.0,309.6,1724,28.1,133,0,0,0,0,0,0,8.600000000000023,0,Medium,High,High,No
3244,3244,3245,M18104,M,301.0,309.6,1397,48.0,135,0,0,0,0,0,0,8.600000000000023,0,High,Medium,High,No
3245,3245,3246,M18105,M,301.0,309.6,1588,32.7,138,0,0,0,0,0,0,8.600000000000023,0,Medium,Medium,High,No
3246,3246,3247,L50426,L,301.0,309.7,1468,42.0,141,0,0,0,0,0,0,8.699999999999989,0,Medium,Medium,High,No
3247,3247,3248,M18107,M,301.0,309.8,1594,31.1,143,0,0,0,0,0,0,8.800000000000011,0,Medium,Medium,High,No
3248,3248,3249,M18108,M,301.0,309.7,1511,39.3,146,0,0,0,0,0,0,8.699999999999989,0,Medium,Medium,High,No
3249,3249,3250,L50429,L,301.1,309.8,1493,38.9,149,0,0,0,0,0,0,8.699999999999989,0,Medium,Medium,High,No
3250,3250,3251,H32664,H,301.2,309.8,1709,27.0,151,0,0,0,0,0,0,8.600000000000023,0,Medium,High,High,No
3251,3251,3252,L50431,L,301.1,309.6,1501,36.1,156,0,0,0,0,0,0,8.5,0,Medium,Medium,High,No
3252,3252,3253,L50432,L,301.1,309.7,1668,30.8,158,0,0,0,0,0,0,8.599999999999966,0,Medium,High,High,No
3253,3253,3254,L50433,L,301.1,309.6,1502,48.9,160,0,0,0,0,0,0,8.5,0,High,Medium,High,No
3254,3254,3255,M18114,M,301.0,309.7,1288,58.4,162,0,0,0,0,0,0,8.699999999999989,0,High,Medium,High,No
3255,3255,3256,L50435,L,301.0,309.7,1491,42.9,165,0,0,0,0,0,0,8.699999999999989,0,Medium,Medium,High,No
3256,3256,3257,L50436,L,301.1,309.8,1519,39.6,167,0,0,0,0,0,0,8.699999999999989,0,Medium,Medium,High,No
3257,3257,3258,L50437,L,301.2,309.9,1984,19.7,169,0,0,0,0,0,0,8.699999999999989,0,Low,High,High,No
3258,3258,3259,L50438,L,301.2,309.9,1643,32.9,171,0,0,0,0,0,0,8.699999999999989,0,Medium,Medium,High,No
3259,3259,3260,M18119,M,301.2,310.0,1625,31.6,173,0,0,0,0,0,0,8.800000000000011,0,Medium,Medium,High,No
3260,3260,3261,M18120,M,301.3,310.0,2068,17.8,176,0,0,0,0,0,0,8.699999999999989,0,Low,High,High,No
3261,3261,3262,H32675,H,301.3,310.1,1469,39.7,179,0,0,0,0,0,0,8.800000000000011,0,Medium,Medium,High,No
3262,3262,3263,L50442,L,301.3,310.1,1558,36.3,184,0,0,0,0,0,0,8.800000000000011,0,Medium,Medium,High,No
3263,3263,3264,L50443,L,301.3,310.0,1344,54.8,186,0,0,0,0,0,0,8.699999999999989,0,High,Medium,High,No
3264,3264,3265,H32678,H,301.3,310.1,1455,44.1,188,0,0,0,0,0,0,8.800000000000011,0,Medium,Medium,High,No
3265,3265,3266,L50445,L,301.3,310.1,1355,53.6,193,0,0,0,0,0,0,8.800000000000011,0,High,Medium,High,No
3266,3266,3267,L50446,L,301.3,310.1,1269,56.8,195,1,0,0,0,1,0,8.800000000000011,1,High,Medium,High,No
3267,3267,3268,L50447,L,301.3,310.0,1550,41.5,197,0,0,0,0,0,0,8.699999999999989,0,Medium,Medium,High,No
3268,3268,3269,M18128,M,301.3,310.1,1525,37.8,199,0,0,0,0,0,0,8.800000000000011,0,Medium,Medium,High,No
3269,3269,3270,M18129,M,301.3,310.0,1696,32.4,202,0,0,0,0,0,0,8.699999999999989,0,Medium,High,High,No
3270,3270,3271,L50450,L,301.4,310.1,1937,21.8,205,0,0,0,0,0,0,8.700000000000045,0,Low,High,High,No
3271,3271,3272,M18131,M,301.4,310.0,1689,32.1,207,0,0,0,0,0,0,8.600000000000023,0,Medium,High,High,No
3272,3272,3273,M18132,M,301.3,310.0,1593,30.8,210,0,0,0,0,0,0,8.699999999999989,0,Medium,Medium,High,No
3273,3273,3274,M18133,M,301.3,309.9,1565,36.0,213,0,0,0,0,0,0,8.599999999999966,0,Medium,Medium,High,No
3274,3274,3275,L50454,L,301.3,310.0,1665,31.4,0,0,0,0,0,0,0,8.699999999999989,0,Medium,High,Low,No
3275,3275,3276,H32689,H,301.3,310.0,1532,36.3,2,0,0,0,0,0,0,8.699999999999989,0,Medium,Medium,Low,No
3276,3276,3277,L50456,L,301.3,310.0,1438,40.9,7,0,0,0,0,0,0,8.699999999999989,0,Medium,Medium,Low,No
3277,3277,3278,L50457,L,301.3,310.1,1531,41.6,9,0,0,0,0,0,0,8.800000000000011,0,Medium,Medium,Low,No
3278,3278,3279,L50458,L,301.3,310.0,1506,40.8,11,0,0,0,0,0,0,8.699999999999989,0,Medium,Medium,Low,No
3279,3279,3280,L50459,L,301.2,309.9,1382,52.4,13,0,0,0,0,0,0,8.699999999999989,0,High,Medium,Low,No
3280,3280,3281,M18140,M,301.2,309.9,1456,50.8,15,0,0,0,0,0,0,8.699999999999989,0,High,Medium,Low,No
3281,3281,3282,M18141,M,301.2,310.0,1445,45.6,18,0,0,0,0,0,0,8.800000000000011,0,High,Medium,Low,No
3282,3282,3283,L50462,L,301.2,309.9,1515,40.9,21,0,0,0,0,0,0,8.699999999999989,0,Medium,Medium,Low,No
3283,3283,3284,L50463,L,301.2,309.9,1449,45.5,23,0,0,0,0,0,0,8.699999999999989,0,High,Medium,Low,No
3284,3284,3285,H32698,H,301.2,309.9,1362,50.7,25,0,0,0,0,0,0,8.699999999999989,0,High,Medium,Low,No
3285,3285,3286,L50465,L,301.2,309.9,1687,29.7,30,0,0,0,0,0,0,8.699999999999989,0,Medium,High,Low,No
3286,3286,3287,L50466,L,301.2,310.0,1618,37.6,32,0,0,0,0,0,0,8.800000000000011,0,Medium,Medium,Low,No
3287,3287,3288,M18147,M,301.2,310.1,1558,32.6,34,0,0,0,0,0,0,8.900000000000034,0,Medium,Medium,Low,No
3288,3288,3289,L50468,L,301.3,310.1,1662,31.0,37,0,0,0,0,0,0,8.800000000000011,0,Medium,High,Low,No
3289,3289,3290,M18149,M,301.2,310.1,1295,56.6,39,0,0,0,0,0,0,8.900000000000034,0,High,Medium,Low,No
3290,3290,3291,L50470,L,301.2,310.2,1385,42.3,42,0,0,0,0,0,0,9.0,0,Medium,Medium,Low,No
3291,3291,3292,M18151,M,301.2,310.1,1479,45.5,44,0,0,0,0,0,0,8.900000000000034,0,High,Medium,Low,No
3292,3292,3293,L50472,L,301.3,310.3,1400,44.3,47,0,0,0,0,0,0,9.0,0,Medium,Medium,Low,No
3293,3293,3294,M18153,M,301.2,310.3,1357,54.5,49,0,0,0,0,0,0,9.100000000000023,0,High,Medium,Low,No
3294,3294,3295,L50474,L,301.1,310.2,1657,34.1,52,0,0,0,0,0,0,9.099999999999966,0,Medium,High,Low,No
3295,3295,3296,L50475,L,301.1,310.2,1496,43.4,54,0,0,0,0,0,0,9.099999999999966,0,Medium,Medium,Low,No
3296,3296,3297,M18156,M,301.2,310.3,1379,43.2,56,0,0,0,0,0,0,9.100000000000023,0,Medium,Medium,Low,No
3297,3297,3298,L50477,L,301.2,310.3,1548,38.6,59,0,0,0,0,0,0,9.100000000000023,0,Medium,Medium,Low,No
3298,3298,3299,L50478,L,301.2,310.3,1499,38.1,61,0,0,0,0,0,0,9.100000000000023,0,Medium,Medium,Low,No
3299,3299,3300,L50479,L,301.3,310.5,1390,45.8,63,0,0,0,0,0,0,9.199999999999989,0,High,Medium,Low,No
3300,3300,3301,H32714,H,301.3,310.4,1538,38.4,65,0,0,0,0,0,0,9.099999999999966,0,Medium,Medium,Low,No
3301,3301,3302,L50481,L,301.3,310.5,1365,47.7,70,0,0,0,0,0,0,9.199999999999989,0,High,Medium,Low,No
3302,3302,3303,L50482,L,301.3,310.5,1503,48.6,72,0,0,0,0,0,0,9.199999999999989,0,High,Medium,Low,No
3303,3303,3304,L50483,L,301.2,310.4,1390,49.9,74,0,0,0,0,0,0,9.199999999999989,0,High,Medium,Low,No
3304,3304,3305,L50484,L,301.2,310.3,1497,45.7,76,0,0,0,0,0,0,9.100000000000023,0,High,Medium,Low,No
3305,3305,3306,M18165,M,301.3,310.4,1577,48.3,78,0,0,0,0,0,0,9.099999999999966,0,High,Medium,Low,No
3306,3306,3307,L50486,L,301.4,310.5,1432,54.3,81,0,0,0,0,0,0,9.100000000000023,0,High,Medium,Medium,No
3307,3307,3308,M18167,M,301.4,310.5,1563,39.9,83,0,0,0,0,0,0,9.100000000000023,0,Medium,Medium,Medium,No
3308,3308,3309,L50488,L,301.4,310.4,1433,43.4,86,0,0,0,0,0,0,9.0,0,Medium,Medium,Medium,No
3309,3309,3310,L50489,L,301.3,310.4,1384,50.1,88,0,0,0,0,0,0,9.099999999999966,0,High,Medium,Medium,No
3310,3310,3311,L50490,L,301.3,310.4,1346,46.7,90,0,0,0,0,0,0,9.099999999999966,0,High,Medium,Medium,No
3311,3311,3312,L50491,L,301.3,310.4,1459,44.7,92,0,0,0,0,0,0,9.099999999999966,0,Medium,Medium,Medium,No
3312,3312,3313,L50492,L,301.4,310.4,1639,28.9,94,0,0,0,0,0,0,9.0,0,Medium,Medium,Medium,No
3313,3313,3314,L50493,L,301.4,310.4,1737,31.9,96,0,0,0,0,0,0,9.0,0,Medium,High,Medium,No
3314,3314,3315,L50494,L,301.4,310.5,1489,43.5,98,0,0,0,0,0,0,9.100000000000023,0,Medium,Medium,Medium,No
3315,3315,3316,M18175,M,301.5,310.6,1492,43.0,100,0,0,0,0,0,0,9.100000000000023,0,Medium,Medium,Medium,No
3316,3316,3317,M18176,M,301.4,310.5,1217,60.6,103,0,0,0,0,0,0,9.100000000000023,0,High,Low,Medium,No
3317,3317,3318,L50497,L,301.5,310.5,1636,28.7,106,0,0,0,0,0,0,9.0,0,Medium,Medium,Medium,No
3318,3318,3319,L50498,L,301.4,310.4,1436,49.7,108,0,0,0,0,0,0,9.0,0,High,Medium,Medium,No
3319,3319,3320,L50499,L,301.4,310.4,1689,30.6,110,0,0,0,0,0,0,9.0,0,Medium,High,Medium,No
3320,3320,3321,L50500,L,301.5,310.5,2289,16.4,112,0,0,0,0,0,0,9.0,0,Low,High,Medium,No
3321,3321,3322,L50501,L,301.5,310.6,1522,41.0,114,0,0,0,0,0,0,9.100000000000023,0,Medium,Medium,Medium,No
3322,3322,3323,L50502,L,301.5,310.5,1351,52.9,116,0,0,0,0,0,0,9.0,0,High,Medium,Medium,No
3323,3323,3324,L50503,L,301.5,310.5,1589,36.7,118,0,0,0,0,0,0,9.0,0,Medium,Medium,Medium,No
3324,3324,3325,L50504,L,301.5,310.6,1578,34.1,120,0,0,0,0,0,0,9.100000000000023,0,Medium,Medium,Medium,No
3325,3325,3326,L50505,L,301.5,310.6,1587,33.7,122,0,0,0,0,0,0,9.100000000000023,0,Medium,Medium,Medium,No
3326,3326,3327,L50506,L,301.5,310.6,1962,20.2,124,0,0,0,0,0,0,9.100000000000023,0,Low,High,Medium,No
3327,3327,3328,M18187,M,301.5,310.6,2432,14.2,126,0,0,0,0,0,0,9.100000000000023,0,Low,High,Medium,No
3328,3328,3329,L50508,L,301.6,310.6,1418,43.9,129,0,0,0,0,0,0,9.0,0,Medium,Medium,Medium,No
3329,3329,3330,L50509,L,301.6,310.7,1683,29.7,131,0,0,0,0,0,0,9.099999999999966,0,Medium,High,High,No
3330,3330,3331,L50510,L,301.7,310.8,1385,50.7,133,0,0,0,0,0,0,9.100000000000023,0,High,Medium,High,No
3331,3331,3332,L50511,L,301.7,310.8,1559,44.5,135,0,0,0,0,0,0,9.100000000000023,0,Medium,Medium,High,No
3332,3332,3333,M18192,M,301.7,310.8,1671,31.6,137,0,0,0,0,0,0,9.100000000000023,0,Medium,High,High,No
3333,3333,3334,M18193,M,301.6,310.8,1343,49.5,140,0,0,0,0,0,0,9.199999999999989,0,High,Medium,High,No
3334,3334,3335,M18194,M,301.6,310.8,1548,34.2,143,0,0,0,0,0,0,9.199999999999989,0,Medium,Medium,High,No
3335,3335,3336,L50515,L,301.7,310.9,1705,31.2,146,0,0,0,0,0,0,9.199999999999989,0,Medium,High,High,No
3336,3336,3337,L50516,L,301.6,310.8,1535,35.4,148,0,0,0,0,0,0,9.199999999999989,0,Medium,Medium,High,No
3337,3337,3338,L50517,L,301.6,310.8,1564,34.1,150,0,0,0,0,0,0,9.199999999999989,0,Medium,Medium,High,No
3338,3338,3339,M18198,M,301.6,310.9,1510,40.9,152,0,0,0,0,0,0,9.299999999999955,0,Medium,Medium,High,No
3339,3339,3340,L50519,L,301.6,310.9,1492,45.2,155,0,0,0,0,0,0,9.299999999999955,0,High,Medium,High,No
3340,3340,3341,M18200,M,301.5,310.8,1452,44.1,157,0,0,0,0,0,0,9.300000000000011,0,Medium,Medium,High,No
3341,3341,3342,H32755,H,301.4,310.7,1329,52.0,160,0,0,0,0,0,0,9.300000000000011,0,High,Medium,High,No
3342,3342,3343,L50522,L,301.5,310.8,1382,52.4,165,0,0,0,0,0,0,9.300000000000011,0,High,Medium,High,No
3343,3343,3344,M18203,M,301.5,310.8,1628,36.4,167,0,0,0,0,0,0,9.300000000000011,0,Medium,Medium,High,No
3344,3344,3345,L50524,L,301.4,310.7,1706,27.9,170,0,0,0,0,0,0,9.300000000000011,0,Medium,High,High,No
3345,3345,3346,L50525,L,301.3,310.7,1594,34.1,172,0,0,0,0,0,0,9.399999999999977,0,Medium,Medium,High,No
3346,3346,3347,L50526,L,301.3,310.7,1761,24.3,174,0,0,0,0,0,0,9.399999999999977,0,Low,High,High,No
3347,3347,3348,L50527,L,301.3,310.6,1529,41.8,176,0,0,0,0,0,0,9.300000000000011,0,Medium,Medium,High,No
3348,3348,3349,M18208,M,301.3,310.7,1532,40.7,178,0,0,0,0,0,0,9.399999999999977,0,Medium,Medium,High,No
3349,3349,3350,L50529,L,301.4,310.7,1673,27.8,181,0,0,0,0,0,0,9.300000000000011,0,Medium,High,High,No
3350,3350,3351,L50530,L,301.4,310.8,1285,62.6,183,1,0,0,0,1,0,9.400000000000034,1,High,Medium,High,No
3351,3351,3352,L50531,L,301.4,310.8,1680,31.4,185,0,0,0,0,0,0,9.400000000000034,0,Medium,High,High,No
3352,3352,3353,L50532,L,301.4,310.8,1610,34.6,187,0,0,0,0,0,0,9.400000000000034,0,Medium,Medium,High,No
3353,3353,3354,L50533,L,301.6,310.9,1632,31.6,189,0,0,0,0,0,0,9.299999999999955,0,Medium,Medium,High,No
3354,3354,3355,L50534,L,301.6,310.9,1559,40.2,191,0,0,0,0,0,0,9.299999999999955,0,Medium,Medium,High,No
3355,3355,3356,L50535,L,301.5,310.8,1367,49.0,193,0,0,0,0,0,0,9.300000000000011,0,High,Medium,High,No
3356,3356,3357,L50536,L,301.6,310.8,1355,57.8,195,1,0,0,0,1,0,9.199999999999989,1,High,Medium,High,No
3357,3357,3358,H32771,H,301.6,310.7,1414,51.7,197,0,0,0,0,0,0,9.099999999999966,0,High,Medium,High,No
3358,3358,3359,L50538,L,301.5,310.6,1522,36.6,202,0,0,0,0,0,0,9.100000000000023,0,Medium,Medium,High,No
3359,3359,3360,L50539,L,301.5,310.6,1525,41.9,204,0,0,0,0,0,0,9.100000000000023,0,Medium,Medium,High,No
3360,3360,3361,L50540,L,301.5,310.6,1394,46.5,206,0,0,0,0,0,0,9.100000000000023,0,High,Medium,High,No
3361,3361,3362,L50541,L,301.5,310.6,1519,40.7,208,0,0,0,0,0,0,9.100000000000023,0,Medium,Medium,High,No
3362,3362,3363,L50542,L,301.4,310.6,1445,43.9,210,0,0,0,0,0,0,9.200000000000045,0,Medium,Medium,High,No
3363,3363,3364,L50543,L,301.4,310.6,1555,43.3,212,0,0,0,0,0,0,9.200000000000045,0,Medium,Medium,High,No
3364,3364,3365,L50544,L,301.4,310.5,1633,39.5,0,0,0,0,0,0,0,9.100000000000023,0,Medium,Medium,Low,No
3365,3365,3366,M18225,M,301.4,310.6,1630,30.3,2,0,0,0,0,0,0,9.200000000000045,0,Medium,Medium,Low,No
3366,3366,3367,M18226,M,301.4,310.7,1692,32.3,5,0,0,0,0,0,0,9.300000000000011,0,Medium,High,Low,No
3367,3367,3368,H32781,H,301.5,310.7,1790,26.2,8,0,0,0,0,0,0,9.199999999999989,0,Medium,High,Low,No
3368,3368,3369,L50548,L,301.5,310.8,1350,58.5,13,0,0,0,0,0,0,9.300000000000011,0,High,Medium,Low,No
3369,3369,3370,L50549,L,301.5,310.9,2760,8.0,15,1,0,0,1,0,0,9.399999999999977,1,Low,High,Low,No
3370,3370,3371,L50550,L,301.4,310.7,1584,32.2,17,0,0,0,0,0,0,9.300000000000011,0,Medium,Medium,Low,No
3371,3371,3372,L50551,L,301.4,310.7,1989,21.8,19,0,0,0,0,0,0,9.300000000000011,0,Low,High,Low,No
3372,3372,3373,L50552,L,301.4,310.8,1431,44.3,21,0,0,0,0,0,0,9.400000000000034,0,Medium,Medium,Low,No
3373,3373,3374,L50553,L,301.4,310.7,1568,35.2,23,0,0,0,0,0,0,9.300000000000011,0,Medium,Medium,Low,No
3374,3374,3375,L50554,L,301.4,310.7,1376,50.6,25,0,0,0,0,0,0,9.300000000000011,0,High,Medium,Low,No
3375,3375,3376,M18235,M,301.4,310.6,1459,46.9,27,0,0,0,0,0,0,9.200000000000045,0,High,Medium,Low,No
3376,3376,3377,M18236,M,301.5,310.8,1385,47.5,30,0,0,0,0,0,0,9.300000000000011,0,High,Medium,Low,No
3377,3377,3378,H32791,H,301.5,310.8,1591,29.6,33,0,0,0,0,0,0,9.300000000000011,0,Medium,Medium,Low,No
3378,3378,3379,L50558,L,301.5,310.7,1568,33.1,38,0,0,0,0,0,0,9.199999999999989,0,Medium,Medium,Low,No
3379,3379,3380,M18239,M,301.4,310.7,1459,37.7,40,0,0,0,0,0,0,9.300000000000011,0,Medium,Medium,Low,No
3380,3380,3381,L50560,L,301.4,310.7,1590,36.3,43,0,0,0,0,0,0,9.300000000000011,0,Medium,Medium,Low,No
3381,3381,3382,L50561,L,301.3,310.6,1376,47.6,45,0,0,0,0,0,0,9.300000000000011,0,High,Medium,Low,No
3382,3382,3383,L50562,L,301.3,310.6,1510,38.5,47,0,0,0,0,0,0,9.300000000000011,0,Medium,Medium,Low,No
3383,3383,3384,H32797,H,301.4,310.6,1674,33.6,49,0,0,0,0,0,0,9.200000000000045,0,Medium,High,Low,No
3384,3384,3385,L50564,L,301.3,310.6,1426,40.7,54,0,0,0,0,0,0,9.300000000000011,0,Medium,Medium,Low,No
3385,3385,3386,L50565,L,301.5,310.7,1466,43.6,56,0,0,0,0,0,0,9.199999999999989,0,Medium,Medium,Low,No
3386,3386,3387,H32800,H,301.5,310.8,1474,38.7,58,0,0,0,0,0,0,9.300000000000011,0,Medium,Medium,Low,No
3387,3387,3388,M18247,M,301.6,310.8,1290,65.3,63,0,0,0,0,0,0,9.199999999999989,0,High,Medium,Low,No
3388,3388,3389,M18248,M,301.7,310.9,1435,48.0,66,0,0,0,0,0,0,9.199999999999989,0,High,Medium,Low,No
3389,3389,3390,M18249,M,301.5,310.7,1416,53.2,69,0,0,0,0,0,0,9.199999999999989,0,High,Medium,Low,No
3390,3390,3391,H32804,H,301.5,310.7,1599,40.4,72,0,0,0,0,0,0,9.199999999999989,0,Medium,Medium,Low,No
3391,3391,3392,L50571,L,301.5,310.7,1466,47.3,77,0,0,0,0,0,0,9.199999999999989,0,High,Medium,Low,No
3392,3392,3393,L50572,L,301.5,310.7,1408,47.3,79,0,0,0,0,0,0,9.199999999999989,0,High,Medium,Low,No
3393,3393,3394,L50573,L,301.5,310.6,1490,48.1,81,0,0,0,0,0,0,9.100000000000023,0,High,Medium,Medium,No
3394,3394,3395,L50574,L,301.5,310.6,1405,42.3,83,0,0,0,0,0,0,9.100000000000023,0,Medium,Medium,Medium,No
3395,3395,3396,L50575,L,301.4,310.5,1647,33.3,85,0,0,0,0,0,0,9.100000000000023,0,Medium,Medium,Medium,No
3396,3396,3397,M18256,M,301.4,310.6,1459,35.0,87,0,0,0,0,0,0,9.200000000000045,0,Medium,Medium,Medium,No
3397,3397,3398,L50577,L,301.4,310.6,1648,30.7,90,0,0,0,0,0,0,9.200000000000045,0,Medium,Medium,Medium,No
3398,3398,3399,L50578,L,301.4,310.7,1675,30.7,92,0,0,0,0,0,0,9.300000000000011,0,Medium,High,Medium,No
3399,3399,3400,L50579,L,301.4,310.7,1605,34.2,94,0,0,0,0,0,0,9.300000000000011,0,Medium,Medium,Medium,No
3400,3400,3401,H32814,H,301.4,310.7,1536,44.4,96,0,0,0,0,0,0,9.300000000000011,0,Medium,Medium,Medium,No
3401,3401,3402,M18261,M,301.4,310.7,1617,34.3,101,0,0,0,0,0,0,9.300000000000011,0,Medium,Medium,Medium,No
3402,3402,3403,L50582,L,301.4,310.6,1347,53.3,104,0,0,0,0,0,0,9.200000000000045,0,High,Medium,Medium,No
3403,3403,3404,L50583,L,301.3,310.5,1337,52.7,106,0,0,0,0,0,0,9.199999999999989,0,High,Medium,Medium,No
3404,3404,3405,L50584,L,301.3,310.4,1695,30.9,108,0,0,0,0,0,0,9.099999999999966,0,Medium,High,Medium,No
3405,3405,3406,M18265,M,301.3,310.4,1635,32.5,110,0,0,0,0,0,0,9.099999999999966,0,Medium,Medium,Medium,No
3406,3406,3407,L50586,L,301.2,310.4,1470,44.0,113,0,0,0,0,0,0,9.199999999999989,0,Medium,Medium,Medium,No
3407,3407,3408,L50587,L,301.2,310.4,1381,49.8,115,0,0,0,0,0,0,9.199999999999989,0,High,Medium,Medium,No
3408,3408,3409,M18268,M,301.2,310.4,1382,41.6,117,0,0,0,0,0,0,9.199999999999989,0,Medium,Medium,Medium,No
3409,3409,3410,M18269,M,301.2,310.4,1697,30.0,120,0,0,0,0,0,0,9.199999999999989,0,Medium,High,Medium,No
3410,3410,3411,L50590,L,301.2,310.3,1451,39.7,123,0,0,0,0,0,0,9.100000000000023,0,Medium,Medium,Medium,No
3411,3411,3412,L50591,L,301.3,310.3,1419,55.7,125,0,0,0,0,0,0,9.0,0,High,Medium,Medium,No
3412,3412,3413,L50592,L,301.3,310.3,1313,55.6,127,0,0,0,0,0,0,9.0,0,High,Medium,Medium,No
3413,3413,3414,L50593,L,301.3,310.3,1560,36.3,129,0,0,0,0,0,0,9.0,0,Medium,Medium,Medium,No
3414,3414,3415,L50594,L,301.3,310.3,1555,41.2,131,0,0,0,0,0,0,9.0,0,Medium,Medium,High,No
3415,3415,3416,L50595,L,301.4,310.4,1579,36.9,133,0,0,0,0,0,0,9.0,0,Medium,Medium,High,No
3416,3416,3417,L50596,L,301.5,310.5,1435,44.6,135,0,0,0,0,0,0,9.0,0,Medium,Medium,High,No
3417,3417,3418,L50597,L,301.6,310.6,1621,33.7,137,0,0,0,0,0,0,9.0,0,Medium,Medium,High,No
3418,3418,3419,H32832,H,301.6,310.6,1555,40.4,139,0,0,0,0,0,0,9.0,0,Medium,Medium,High,No
3419,3419,3420,L50599,L,301.5,310.5,1611,33.8,144,0,0,0,0,0,0,9.0,0,Medium,Medium,High,No
3420,3420,3421,L50600,L,301.6,310.6,1834,23.5,146,0,0,0,0,0,0,9.0,0,Low,High,High,No
3421,3421,3422,M18281,M,301.5,310.5,1612,29.8,148,0,0,0,0,0,0,9.0,0,Medium,Medium,High,No
3422,3422,3423,L50602,L,301.5,310.4,1629,34.1,151,0,0,0,0,0,0,8.899999999999977,0,Medium,Medium,High,No
3423,3423,3424,L50603,L,301.4,310.4,1496,35.2,153,0,0,0,0,0,0,9.0,0,Medium,Medium,High,No
3424,3424,3425,L50604,L,301.5,310.5,1593,32.9,155,0,0,0,0,0,0,9.0,0,Medium,Medium,High,No
3425,3425,3426,M18285,M,301.5,310.5,1623,33.5,157,0,0,0,0,0,0,9.0,0,Medium,Medium,High,No
3426,3426,3427,L50606,L,301.5,310.5,1380,48.7,160,0,0,0,0,0,0,9.0,0,High,Medium,High,No
3427,3427,3428,L50607,L,301.6,310.6,1562,34.4,162,0,0,0,0,0,0,9.0,0,Medium,Medium,High,No
3428,3428,3429,L50608,L,301.6,310.6,1391,49.4,164,0,0,0,0,0,0,9.0,0,High,Medium,High,No
3429,3429,3430,H32843,H,301.5,310.5,1551,34.3,166,0,0,0,0,0,0,9.0,0,Medium,Medium,High,No
3430,3430,3431,H32844,H,301.6,310.6,1821,26.2,171,0,0,0,0,0,0,9.0,0,Medium,High,High,No
3431,3431,3432,L50611,L,301.6,310.7,1429,43.6,176,0,0,0,0,0,0,9.099999999999966,0,Medium,Medium,High,No
3432,3432,3433,M18292,M,301.6,310.7,2012,20.7,178,0,0,0,0,0,0,9.099999999999966,0,Low,High,High,No
3433,3433,3434,M18293,M,301.6,310.6,1924,23.6,181,0,0,0,0,0,0,9.0,0,Low,High,High,No
3434,3434,3435,M18294,M,301.5,310.5,1412,44.1,184,0,0,0,0,0,0,9.0,0,Medium,Medium,High,No
3435,3435,3436,L50615,L,301.5,310.5,1389,54.9,187,0,0,0,0,0,0,9.0,0,High,Medium,High,No
3436,3436,3437,L50616,L,301.5,310.5,1466,48.1,189,0,0,0,0,0,0,9.0,0,High,Medium,High,No
3437,3437,3438,L50617,L,301.5,310.5,2297,15.8,191,0,0,0,0,0,0,9.0,0,Low,High,High,No
3438,3438,3439,L50618,L,301.4,310.4,1471,37.5,193,0,0,0,0,0,0,9.0,0,Medium,Medium,High,No
3439,3439,3440,L50619,L,301.4,310.3,1492,41.4,195,0,0,0,0,0,0,8.900000000000034,0,Medium,Medium,High,No
3440,3440,3441,L50620,L,301.3,310.3,1460,41.5,197,0,0,0,0,0,0,9.0,0,Medium,Medium,High,No
3441,3441,3442,L50621,L,301.4,310.4,1559,39.4,199,0,0,0,0,0,0,9.0,0,Medium,Medium,High,No
3442,3442,3443,M18302,M,301.4,310.5,1495,52.5,201,0,0,0,0,0,0,9.100000000000023,0,High,Medium,High,No
3443,3443,3444,L50623,L,301.5,310.5,1535,39.0,204,0,0,0,0,0,0,9.0,0,Medium,Medium,High,No
3444,3444,3445,L50624,L,301.5,310.6,1381,50.7,206,0,0,0,0,0,0,9.100000000000023,0,High,Medium,High,No
3445,3445,3446,M18305,M,301.6,310.6,1599,36.1,208,0,0,0,0,0,0,9.0,0,Medium,Medium,High,No
3446,3446,3447,H32860,H,301.6,310.6,1400,49.5,211,0,0,0,0,0,0,9.0,0,High,Medium,High,No
3447,3447,3448,L50627,L,301.7,310.6,1624,34.5,216,0,0,0,0,0,0,8.900000000000034,0,Medium,Medium,High,No
3448,3448,3449,L50628,L,301.6,310.6,1478,36.6,218,0,0,0,0,0,0,9.0,0,Medium,Medium,High,No
3449,3449,3450,L50629,L,301.7,310.7,1605,33.3,220,0,0,0,0,0,0,9.0,0,Medium,Medium,High,No
3450,3450,3451,L50630,L,301.6,310.6,1506,43.4,222,0,0,0,0,0,0,9.0,0,Medium,Medium,High,No
3451,3451,3452,L50631,L,301.6,310.6,1455,43.9,0,0,0,0,0,0,0,9.0,0,Medium,Medium,Low,No
3452,3452,3453,H32866,H,301.6,310.5,1602,32.3,2,0,0,0,0,0,1,8.899999999999977,1,Medium,Medium,Low,No
3453,3453,3454,L50633,L,301.5,310.4,1425,54.4,7,0,0,0,0,0,0,8.899999999999977,0,High,Medium,Low,No
3454,3454,3455,L50634,L,301.5,310.4,1918,21.8,9,0,0,0,0,0,0,8.899999999999977,0,Low,High,Low,No
3455,3455,3456,H32869,H,301.4,310.3,1611,41.5,11,0,0,0,0,0,0,8.900000000000034,0,Medium,Medium,Low,No
3456,3456,3457,H32870,H,301.4,310.4,1610,38.6,16,0,0,0,0,0,0,9.0,0,Medium,Medium,Low,No
3457,3457,3458,M18317,M,301.5,310.4,2639,12.0,21,1,0,0,1,0,0,8.899999999999977,1,Low,High,Low,No
3458,3458,3459,L50638,L,301.5,310.4,1329,46.6,24,0,0,0,0,0,0,8.899999999999977,0,High,Medium,Low,No
3459,3459,3460,L50639,L,301.5,310.4,1270,54.2,26,0,0,0,0,0,0,8.899999999999977,0,High,Medium,Low,No
3460,3460,3461,L50640,L,301.5,310.3,1415,41.6,28,0,0,0,0,0,0,8.800000000000011,0,Medium,Medium,Low,No
3461,3461,3462,H32875,H,301.6,310.4,1330,49.5,30,0,0,0,0,0,0,8.799999999999955,0,High,Medium,Low,No
3462,3462,3463,H32876,H,301.6,310.5,1786,27.1,35,0,0,0,0,0,0,8.899999999999977,0,Medium,High,Low,No
3463,3463,3464,L50643,L,301.6,310.5,1809,25.5,40,0,0,0,0,0,0,8.899999999999977,0,High,High,Low,No
3464,3464,3465,L50644,L,301.7,310.6,1303,59.7,42,0,0,0,0,0,0,8.900000000000034,0,High,Medium,Low,No
3465,3465,3466,M18325,M,301.8,310.7,1383,45.7,44,0,0,0,0,0,0,8.899999999999977,0,High,Medium,Low,No
3466,3466,3467,L50646,L,301.7,310.6,1447,56.9,47,0,0,0,0,0,0,8.900000000000034,0,High,Medium,Low,No
3467,3467,3468,L50647,L,301.8,310.7,1461,44.2,49,0,0,0,0,0,0,8.899999999999977,0,Medium,Medium,Low,No
3468,3468,3469,L50648,L,301.8,310.7,2092,18.6,51,0,0,0,0,0,0,8.899999999999977,0,Low,High,Low,No
3469,3469,3470,M18329,M,301.8,310.7,1429,47.9,53,0,0,0,0,0,0,8.899999999999977,0,High,Medium,Low,No
3470,3470,3471,L50650,L,301.8,310.8,1736,26.5,56,0,0,0,0,0,0,9.0,0,Medium,High,Low,No
3471,3471,3472,L50651,L,301.8,310.7,1441,49.3,58,0,0,0,0,0,0,8.899999999999977,0,High,Medium,Low,No
3472,3472,3473,L50652,L,301.8,310.7,1523,43.3,60,0,0,0,0,0,0,8.899999999999977,0,Medium,Medium,Low,No
3473,3473,3474,M18333,M,301.8,310.8,1691,33.4,62,0,0,0,0,0,0,9.0,0,Medium,High,Low,No
3474,3474,3475,M18334,M,301.9,310.8,1557,35.3,65,0,0,0,0,0,0,8.900000000000034,0,Medium,Medium,Low,No
3475,3475,3476,L50655,L,301.8,310.7,1644,33.4,68,0,0,0,0,0,0,8.899999999999977,0,Medium,Medium,Low,No
3476,3476,3477,L50656,L,301.8,310.6,1522,43.8,70,0,0,0,0,0,0,8.800000000000011,0,Medium,Medium,Low,No
3477,3477,3478,L50657,L,301.8,310.7,1547,41.7,72,0,0,0,0,0,0,8.899999999999977,0,Medium,Medium,Low,No
3478,3478,3479,L50658,L,301.8,310.7,1597,30.8,74,0,0,0,0,0,0,8.899999999999977,0,Medium,Medium,Low,No
3479,3479,3480,M18339,M,301.8,310.8,1619,31.0,76,0,0,0,0,0,0,9.0,0,Medium,Medium,Low,No
3480,3480,3481,L50660,L,301.9,310.8,1400,58.2,79,0,0,0,0,0,0,8.900000000000034,0,High,Medium,Low,No
3481,3481,3482,L50661,L,302.0,310.9,1663,31.5,81,0,0,0,0,0,0,8.899999999999977,0,Medium,High,Medium,No
3482,3482,3483,L50662,L,301.9,310.8,1540,37.6,83,0,0,0,0,0,0,8.900000000000034,0,Medium,Medium,Medium,No
3483,3483,3484,H32897,H,301.9,310.8,1455,42.7,85,0,0,0,0,0,0,8.900000000000034,0,Medium,Medium,Medium,No
3484,3484,3485,L50664,L,301.9,310.8,1519,39.0,90,0,0,0,0,0,0,8.900000000000034,0,Medium,Medium,Medium,No
3485,3485,3486,L50665,L,301.9,310.8,1427,47.7,92,0,0,0,0,0,0,8.900000000000034,0,High,Medium,Medium,No
3486,3486,3487,L50666,L,301.9,310.8,1650,29.8,94,0,0,0,0,0,0,8.900000000000034,0,Medium,Medium,Medium,No
3487,3487,3488,M18347,M,301.8,310.8,1508,38.8,96,0,0,0,0,0,0,9.0,0,Medium,Medium,Medium,No
3488,3488,3489,L50668,L,301.9,310.9,1379,54.8,99,0,0,0,0,0,0,9.0,0,High,Medium,Medium,No
3489,3489,3490,L50669,L,301.9,310.9,1542,36.7,101,0,0,0,0,0,0,9.0,0,Medium,Medium,Medium,No
3490,3490,3491,M18350,M,301.9,310.9,1763,28.4,103,0,0,0,0,0,0,9.0,0,Medium,High,Medium,No
3491,3491,3492,H32905,H,301.9,310.9,1590,34.3,106,0,0,0,0,0,0,9.0,0,Medium,Medium,Medium,No
3492,3492,3493,H32906,H,301.9,311.0,1336,63.6,111,0,0,0,0,0,0,9.100000000000023,0,High,Medium,Medium,No
3493,3493,3494,M18353,M,301.9,311.0,1638,35.4,116,0,0,0,0,0,0,9.100000000000023,0,Medium,Medium,Medium,No
3494,3494,3495,L50674,L,301.9,311.0,1356,45.7,119,0,0,0,0,0,0,9.100000000000023,0,High,Medium,Medium,No
3495,3495,3496,M18355,M,301.9,311.0,1384,47.4,121,0,0,0,0,0,0,9.100000000000023,0,High,Medium,Medium,No
3496,3496,3497,L50676,L,301.9,310.9,1309,48.0,124,0,0,0,0,0,0,9.0,0,High,Medium,Medium,No
3497,3497,3498,L50677,L,301.9,311.0,1642,33.1,126,0,0,0,0,0,0,9.100000000000023,0,Medium,Medium,Medium,No
3498,3498,3499,L50678,L,301.9,311.0,1289,54.9,128,0,0,0,0,0,0,9.100000000000023,0,High,Medium,Medium,No
3499,3499,3500,L50679,L,301.9,311.0,1353,43.8,130,0,0,0,0,0,0,9.100000000000023,0,Medium,Medium,Medium,No
3500,3500,3501,H32914,H,301.9,311.0,1871,26.0,132,0,0,0,0,0,0,9.100000000000023,0,Medium,High,High,No
3501,3501,3502,H32915,H,301.9,311.0,1291,63.6,137,0,0,0,0,0,0,9.100000000000023,0,High,Medium,High,No
3502,3502,3503,M18362,M,301.8,310.9,1346,44.6,142,0,0,0,0,0,0,9.099999999999966,0,Medium,Medium,High,No
3503,3503,3504,L50683,L,301.7,310.8,1493,47.6,145,0,0,0,0,0,0,9.100000000000023,0,High,Medium,High,No
3504,3504,3505,M18364,M,301.7,310.8,1524,41.3,147,0,0,0,0,0,0,9.100000000000023,0,Medium,Medium,High,No
3505,3505,3506,L50685,L,301.6,310.8,1726,26.7,150,0,0,0,0,0,0,9.199999999999989,0,Medium,High,High,No
3506,3506,3507,H32920,H,301.6,310.8,1435,47.2,152,0,0,0,0,0,0,9.199999999999989,0,High,Medium,High,No
3507,3507,3508,M18367,M,301.7,310.8,1502,34.4,157,0,0,0,0,0,0,9.100000000000023,0,Medium,Medium,High,No
3508,3508,3509,L50688,L,301.7,310.9,1608,33.0,160,0,0,0,0,0,0,9.199999999999989,0,Medium,Medium,High,No
3509,3509,3510,L50689,L,301.8,311.0,1771,27.2,162,0,0,0,0,0,0,9.199999999999989,0,Medium,High,High,No
3510,3510,3511,L50690,L,301.7,311.0,1474,42.6,164,0,0,0,0,0,0,9.300000000000011,0,Medium,Medium,High,No
3511,3511,3512,L50691,L,301.8,311.0,1322,53.0,166,0,0,0,0,0,0,9.199999999999989,0,High,Medium,High,No
3512,3512,3513,M18372,M,301.8,311.0,1393,49.5,168,0,0,0,0,0,0,9.199999999999989,0,High,Medium,High,No
3513,3513,3514,M18373,M,301.9,311.1,1417,52.5,171,0,0,0,0,0,0,9.200000000000045,0,High,Medium,High,No
3514,3514,3515,H32928,H,301.9,311.0,1430,49.8,174,0,0,0,0,0,0,9.100000000000023,0,High,Medium,High,No
3515,3515,3516,M18375,M,301.9,311.1,1605,40.0,179,0,0,0,0,0,0,9.200000000000045,0,Medium,Medium,High,No
3516,3516,3517,L50696,L,302.0,311.1,1402,47.8,182,0,0,0,0,0,0,9.100000000000023,0,High,Medium,High,No
3517,3517,3518,L50697,L,302.0,311.0,1550,35.2,184,0,0,0,0,0,0,9.0,0,Medium,Medium,High,No
3518,3518,3519,L50698,L,301.9,311.0,1376,44.9,186,0,0,0,0,0,0,9.100000000000023,0,Medium,Medium,High,No
3519,3519,3520,M18379,M,301.9,310.9,1569,32.5,188,0,0,0,0,0,0,9.0,0,Medium,Medium,High,No
3520,3520,3521,L50700,L,301.9,311.0,1669,32.2,191,0,0,0,0,0,0,9.100000000000023,0,Medium,High,High,No
3521,3521,3522,L50701,L,301.9,311.0,1541,38.9,193,0,0,0,0,0,0,9.100000000000023,0,Medium,Medium,High,No
3522,3522,3523,L50702,L,301.8,311.0,1651,32.5,195,0,0,0,0,0,0,9.199999999999989,0,Medium,High,High,No
3523,3523,3524,L50703,L,301.8,310.9,1521,39.3,197,0,0,0,0,0,0,9.099999999999966,0,Medium,Medium,High,No
3524,3524,3525,M18384,M,301.8,310.8,1365,48.2,199,0,0,0,0,0,0,9.0,0,High,Medium,High,No
3525,3525,3526,L50705,L,301.8,310.9,1609,31.7,202,0,0,0,0,0,0,9.099999999999966,0,Medium,Medium,High,No
3526,3526,3527,H32940,H,301.8,310.8,1470,37.6,204,0,0,0,0,0,0,9.0,0,Medium,Medium,High,No
3527,3527,3528,M18387,M,301.9,310.9,1573,38.9,209,0,0,0,0,0,0,9.0,0,Medium,Medium,High,No
3528,3528,3529,L50708,L,302.0,310.9,1378,53.1,212,1,0,0,0,1,0,8.899999999999977,1,High,Medium,High,No
3529,3529,3530,L50709,L,301.9,310.9,1567,39.0,214,1,1,0,0,0,0,9.0,1,Medium,Medium,High,No
3530,3530,3531,M18390,M,301.9,310.9,1441,43.7,0,0,0,0,0,0,0,9.0,0,Medium,Medium,Low,No
3531,3531,3532,M18391,M,301.9,310.9,1641,33.2,3,0,0,0,0,0,0,9.0,0,Medium,Medium,Low,No
3532,3532,3533,L50712,L,301.9,310.9,1486,40.3,6,0,0,0,0,0,0,9.0,0,Medium,Medium,Low,No
3533,3533,3534,L50713,L,302.0,311.0,1563,36.2,8,0,0,0,0,0,0,9.0,0,Medium,Medium,Low,No
3534,3534,3535,M18394,M,302.0,311.1,1769,26.0,10,0,0,0,0,0,0,9.100000000000023,0,Medium,High,Low,No
3535,3535,3536,H32949,H,301.9,311.0,1672,29.9,13,0,0,0,0,0,0,9.100000000000023,0,Medium,High,Low,No
3536,3536,3537,L50716,L,302.0,311.0,1632,34.2,18,0,0,0,0,0,0,9.0,0,Medium,Medium,Low,No
3537,3537,3538,M18397,M,302.0,311.0,1980,21.5,20,0,0,0,0,0,0,9.0,0,Low,High,Low,No
3538,3538,3539,L50718,L,302.0,311.1,1635,36.0,23,0,0,0,0,0,0,9.100000000000023,0,Medium,Medium,Low,No
3539,3539,3540,L50719,L,302.0,311.0,1686,32.5,25,0,0,0,0,0,0,9.0,0,Medium,High,Low,No
3540,3540,3541,L50720,L,301.9,310.9,1574,31.4,27,0,0,0,0,0,0,9.0,0,Medium,Medium,Low,No
3541,3541,3542,L50721,L,301.8,310.8,1546,43.4,29,0,0,0,0,0,0,9.0,0,Medium,Medium,Low,No
3542,3542,3543,L50722,L,301.8,310.9,1899,24.7,31,0,0,0,0,0,0,9.099999999999966,0,Low,High,Low,No
3543,3543,3544,L50723,L,301.8,310.9,1449,36.5,33,0,0,0,0,0,0,9.099999999999966,0,Medium,Medium,Low,No
3544,3544,3545,M18404,M,301.9,310.9,1483,37.0,35,0,0,0,0,0,0,9.0,0,Medium,Medium,Low,No
3545,3545,3546,L50725,L,301.8,310.8,1576,38.6,38,0,0,0,0,0,0,9.0,0,Medium,Medium,Low,No
3546,3546,3547,M18406,M,301.9,310.9,1317,51.9,40,0,0,0,0,0,0,9.0,0,High,Medium,Low,No
3547,3547,3548,M18407,M,301.9,311.0,1467,48.1,43,0,0,0,0,0,0,9.100000000000023,0,High,Medium,Low,No
3548,3548,3549,L50728,L,301.9,310.9,1616,34.5,46,0,0,0,0,0,0,9.0,0,Medium,Medium,Low,No
3549,3549,3550,M18409,M,301.8,310.9,1299,60.4,48,0,0,0,0,0,0,9.099999999999966,0,High,Medium,Low,No
3550,3550,3551,M18410,M,301.9,311.0,1432,41.5,51,0,0,0,0,0,0,9.100000000000023,0,Medium,Medium,Low,No
3551,3551,3552,L50731,L,301.9,310.9,1799,24.2,54,0,0,0,0,0,0,9.0,0,Low,High,Low,No
3552,3552,3553,M18412,M,301.8,310.9,1358,52.3,56,0,0,0,0,0,0,9.099999999999966,0,High,Medium,Low,No
3553,3553,3554,M18413,M,301.8,310.8,1618,37.8,59,0,0,0,0,0,0,9.0,0,Medium,Medium,Low,No
3554,3554,3555,L50734,L,301.9,310.8,1525,43.2,62,0,0,0,0,0,0,8.900000000000034,0,Medium,Medium,Low,No
3555,3555,3556,L50735,L,301.8,310.7,1551,37.7,64,0,0,0,0,0,0,8.899999999999977,0,Medium,Medium,Low,No
3556,3556,3557,L50736,L,301.9,310.8,1735,31.5,66,0,0,0,0,0,0,8.900000000000034,0,Medium,High,Low,No
3557,3557,3558,M18417,M,301.8,310.7,1309,43.3,68,0,0,0,0,0,0,8.899999999999977,0,Medium,Medium,Low,No
3558,3558,3559,L50738,L,301.7,310.6,1743,26.2,71,0,0,0,0,0,0,8.900000000000034,0,Medium,High,Low,No
3559,3559,3560,M18419,M,301.7,310.7,1659,29.9,73,0,0,0,0,0,0,9.0,0,Medium,High,Low,No
3560,3560,3561,L50740,L,301.8,310.7,1680,32.4,76,0,0,0,0,0,0,8.899999999999977,0,Medium,High,Low,No
3561,3561,3562,L50741,L,301.7,310.6,1486,38.5,78,0,0,0,0,0,0,8.900000000000034,0,Medium,Medium,Low,No
3562,3562,3563,L50742,L,301.7,310.6,1471,43.8,80,0,0,0,0,0,0,8.900000000000034,0,Medium,Medium,Low,No
3563,3563,3564,M18423,M,301.8,310.7,1465,35.8,82,0,0,0,0,0,0,8.899999999999977,0,Medium,Medium,Medium,No
3564,3564,3565,M18424,M,301.7,310.6,1492,42.2,85,0,0,0,0,0,0,8.900000000000034,0,Medium,Medium,Medium,No
3565,3565,3566,M18425,M,301.8,310.7,1420,52.0,88,0,0,0,0,0,0,8.899999999999977,0,High,Medium,Medium,No
3566,3566,3567,L50746,L,301.8,310.6,1295,62.3,91,0,0,0,0,0,0,8.800000000000011,0,High,Medium,Medium,No
3567,3567,3568,L50747,L,301.8,310.5,1548,34.1,93,0,0,0,0,0,0,8.699999999999989,0,Medium,Medium,Medium,No
3568,3568,3569,L50748,L,301.8,310.6,1372,54.7,95,0,0,0,0,0,0,8.800000000000011,0,High,Medium,Medium,No
3569,3569,3570,M18429,M,301.8,310.6,1552,35.9,97,0,0,0,0,0,0,8.800000000000011,0,Medium,Medium,Medium,No
3570,3570,3571,H32984,H,301.8,310.6,1441,46.3,100,0,0,0,0,0,0,8.800000000000011,0,High,Medium,Medium,No
3571,3571,3572,M18431,M,301.7,310.6,1691,27.7,105,0,0,0,0,0,0,8.900000000000034,0,Medium,High,Medium,No
3572,3572,3573,L50752,L,301.8,310.6,1451,50.7,108,0,0,0,0,0,0,8.800000000000011,0,High,Medium,Medium,No
3573,3573,3574,L50753,L,301.8,310.6,1452,48.4,110,0,0,0,0,0,0,8.800000000000011,0,High,Medium,Medium,No
3574,3574,3575,L50754,L,301.7,310.6,1406,46.0,112,0,0,0,0,0,0,8.900000000000034,0,High,Medium,Medium,No
3575,3575,3576,L50755,L,301.7,310.5,1567,39.1,114,0,0,0,0,0,0,8.800000000000011,0,Medium,Medium,Medium,No
3576,3576,3577,L50756,L,301.6,310.4,1599,41.7,116,0,0,0,0,0,0,8.799999999999955,0,Medium,Medium,Medium,No
3577,3577,3578,M18437,M,301.6,310.4,1455,39.0,118,0,0,0,0,0,0,8.799999999999955,0,Medium,Medium,Medium,No
3578,3578,3579,M18438,M,301.7,310.5,1625,35.9,121,0,0,0,0,0,0,8.800000000000011,0,Medium,Medium,Medium,No
3579,3579,3580,L50759,L,301.8,310.6,2672,11.8,124,1,0,0,1,0,0,8.800000000000011,1,Low,High,Medium,No
3580,3580,3581,L50760,L,301.8,310.6,1650,31.9,126,0,0,0,0,0,0,8.800000000000011,0,Medium,Medium,Medium,No
3581,3581,3582,M18441,M,301.8,310.6,1459,40.2,128,0,0,0,0,0,0,8.800000000000011,0,Medium,Medium,Medium,No
3582,3582,3583,L50762,L,301.8,310.6,1395,50.5,131,0,0,0,0,0,0,8.800000000000011,0,High,Medium,High,No
3583,3583,3584,L50763,L,301.8,310.7,1751,29.3,133,0,0,0,0,0,0,8.899999999999977,0,Medium,High,High,No
3584,3584,3585,L50764,L,301.8,310.6,1192,68.9,135,0,0,0,0,0,0,8.800000000000011,0,High,Low,High,No
3585,3585,3586,L50765,L,301.9,310.7,1947,25.0,137,0,0,0,0,0,0,8.800000000000011,0,Low,High,High,No
3586,3586,3587,L50766,L,301.8,310.5,1593,34.9,139,0,0,0,0,0,0,8.699999999999989,0,Medium,Medium,High,No
3587,3587,3588,H33001,H,301.8,310.5,1478,38.6,141,0,0,0,0,0,0,8.699999999999989,0,Medium,Medium,High,No
3588,3588,3589,M18448,M,301.7,310.6,1505,44.5,146,0,0,0,0,0,0,8.900000000000034,0,Medium,Medium,High,No
3589,3589,3590,L50769,L,301.7,310.5,2465,13.7,149,0,0,0,0,0,0,8.800000000000011,0,Low,High,High,No
3590,3590,3591,L50770,L,301.8,310.6,1403,46.8,151,0,0,0,0,0,0,8.800000000000011,0,High,Medium,High,No
3591,3591,3592,M18451,M,301.7,310.5,1458,41.4,153,0,0,0,0,0,0,8.800000000000011,0,Medium,Medium,High,No
3592,3592,3593,H33006,H,301.6,310.4,1369,45.4,156,0,0,0,0,0,0,8.799999999999955,0,High,Medium,High,No
3593,3593,3594,M18453,M,301.6,310.4,1377,44.9,161,0,0,0,0,0,0,8.799999999999955,0,Medium,Medium,High,No
3594,3594,3595,M18454,M,301.6,310.4,1452,45.7,164,0,0,0,0,0,0,8.799999999999955,0,High,Medium,High,No
3595,3595,3596,L50775,L,301.6,310.4,1517,41.1,167,0,0,0,0,0,0,8.799999999999955,0,Medium,Medium,High,No
3596,3596,3597,L50776,L,301.7,310.5,1354,50.0,169,0,0,0,0,0,0,8.800000000000011,0,High,Medium,High,No
3597,3597,3598,M18457,M,301.7,310.5,1724,33.0,171,0,0,0,0,0,0,8.800000000000011,0,Medium,High,High,No
3598,3598,3599,L50778,L,301.7,310.5,1399,53.2,174,0,0,0,0,0,0,8.800000000000011,0,High,Medium,High,No
3599,3599,3600,H33013,H,301.7,310.5,1388,50.5,176,0,0,0,0,0,0,8.800000000000011,0,High,Medium,High,No
3600,3600,3601,L50780,L,301.7,310.5,1523,34.7,181,0,0,0,0,0,0,8.800000000000011,0,Medium,Medium,High,No
3601,3601,3602,L50781,L,301.7,310.5,1377,43.1,183,0,0,0,0,0,0,8.800000000000011,0,Medium,Medium,High,No
3602,3602,3603,M18462,M,301.7,310.6,1417,45.2,185,0,0,0,0,0,0,8.900000000000034,0,High,Medium,High,No
3603,3603,3604,L50783,L,301.7,310.7,1542,40.0,188,0,0,0,0,0,0,9.0,0,Medium,Medium,High,No
3604,3604,3605,L50784,L,301.8,310.8,1557,33.3,190,0,0,0,0,0,0,9.0,0,Medium,Medium,High,No
3605,3605,3606,L50785,L,301.7,310.7,1641,31.9,192,0,0,0,0,0,0,9.0,0,Medium,Medium,High,No
3606,3606,3607,L50786,L,301.7,310.7,1318,55.0,194,0,0,0,0,0,0,9.0,0,High,Medium,High,No
3607,3607,3608,L50787,L,301.6,310.7,1638,33.8,196,0,0,0,0,0,0,9.099999999999966,0,Medium,Medium,High,No
3608,3608,3609,M18468,M,301.7,310.8,1954,21.6,198,0,0,0,0,0,0,9.100000000000023,0,Low,High,High,No
3609,3609,3610,M18469,M,301.7,310.9,1644,32.5,201,0,0,0,0,0,0,9.199999999999989,0,Medium,Medium,High,No
3610,3610,3611,M18470,M,301.7,310.8,1594,32.4,204,0,0,0,0,0,0,9.100000000000023,0,Medium,Medium,High,No
3611,3611,3612,L50791,L,301.7,310.9,1405,46.4,207,1,1,0,0,0,1,9.199999999999989,2,High,Medium,High,No
3612,3612,3613,L50792,L,301.7,310.8,1622,37.8,0,0,0,0,0,0,0,9.100000000000023,0,Medium,Medium,Low,No
3613,3613,3614,L50793,L,301.7,310.9,1557,39.4,2,0,0,0,0,0,0,9.199999999999989,0,Medium,Medium,Low,No
3614,3614,3615,L50794,L,301.8,311.0,1606,33.3,4,0,0,0,0,0,0,9.199999999999989,0,Medium,Medium,Low,No
3615,3615,3616,M18475,M,301.8,311.1,1647,31.6,6,0,0,0,0,0,0,9.300000000000011,0,Medium,Medium,Low,No
3616,3616,3617,M18476,M,301.8,311.1,1413,42.2,9,0,0,0,0,0,0,9.300000000000011,0,Medium,Medium,Low,No
3617,3617,3618,L50797,L,301.8,311.0,1529,41.6,12,0,0,0,0,0,0,9.199999999999989,0,Medium,Medium,Low,No
3618,3618,3619,L50798,L,301.9,311.1,1448,46.3,14,0,0,0,0,0,0,9.200000000000045,0,High,Medium,Low,No
3619,3619,3620,L50799,L,301.9,311.2,1435,44.2,16,0,0,0,0,0,0,9.300000000000011,0,Medium,Medium,Low,No
3620,3620,3621,H33034,H,301.9,311.2,1474,41.8,18,0,0,0,0,0,0,9.300000000000011,0,Medium,Medium,Low,No
3621,3621,3622,L50801,L,301.9,311.2,1657,29.1,23,0,0,0,0,0,0,9.300000000000011,0,Medium,High,Low,No
3622,3622,3623,L50802,L,302.0,311.3,1509,39.9,25,0,0,0,0,0,0,9.300000000000011,0,Medium,Medium,Low,No
3623,3623,3624,M18483,M,302.0,311.3,1530,36.4,27,0,0,0,0,0,0,9.300000000000011,0,Medium,Medium,Low,No
3624,3624,3625,M18484,M,302.0,311.4,1587,35.9,30,0,0,0,0,0,0,9.399999999999977,0,Medium,Medium,Low,No
3625,3625,3626,M18485,M,302.1,311.4,1467,43.4,33,0,0,0,0,0,0,9.299999999999955,0,Medium,Medium,Low,No
3626,3626,3627,M18486,M,302.2,311.5,1360,53.0,36,0,0,0,0,0,0,9.300000000000011,0,High,Medium,Low,No
3627,3627,3628,L50807,L,302.2,311.5,1588,30.6,39,0,0,0,0,0,0,9.300000000000011,0,Medium,Medium,Low,No
3628,3628,3629,L50808,L,302.2,311.4,1609,32.1,41,0,0,0,0,0,0,9.199999999999989,0,Medium,Medium,Low,No
3629,3629,3630,L50809,L,302.1,311.3,1415,44.1,43,0,0,0,0,0,0,9.199999999999989,0,Medium,Medium,Low,No
3630,3630,3631,L50810,L,302.0,311.2,1845,27.3,45,0,0,0,0,0,0,9.199999999999989,0,Medium,High,Low,No
3631,3631,3632,M18491,M,302.1,311.4,1419,36.2,47,0,0,0,0,0,0,9.299999999999955,0,Medium,Medium,Low,No
3632,3632,3633,L50812,L,302.1,311.3,1634,30.6,50,0,0,0,0,0,0,9.199999999999989,0,Medium,Medium,Low,No
3633,3633,3634,M18493,M,302.2,311.3,1521,40.6,52,0,0,0,0,0,0,9.100000000000023,0,Medium,Medium,Low,No
3634,3634,3635,L50814,L,302.2,311.4,1499,37.7,55,0,0,0,0,0,0,9.199999999999989,0,Medium,Medium,Low,No
3635,3635,3636,M18495,M,302.1,311.2,1616,35.1,57,0,0,0,0,0,0,9.099999999999966,0,Medium,Medium,Low,No
3636,3636,3637,L50816,L,302.2,311.4,1449,46.5,60,0,0,0,0,0,0,9.199999999999989,0,High,Medium,Low,No
3637,3637,3638,M18497,M,302.2,311.4,1626,31.6,62,0,0,0,0,0,0,9.199999999999989,0,Medium,Medium,Low,No
3638,3638,3639,M18498,M,302.3,311.5,1445,44.8,65,0,0,0,0,0,0,9.199999999999989,0,Medium,Medium,Low,No
3639,3639,3640,L50819,L,302.4,311.6,1622,35.0,68,0,0,0,0,0,0,9.200000000000045,0,Medium,Medium,Low,No
3640,3640,3641,H33054,H,302.4,311.6,1544,39.1,70,0,0,0,0,0,0,9.200000000000045,0,Medium,Medium,Low,No
3641,3641,3642,L50821,L,302.3,311.6,1488,41.8,75,0,0,0,0,0,0,9.300000000000011,0,Medium,Medium,Low,No
3642,3642,3643,L50822,L,302.3,311.6,1309,57.6,77,0,0,0,0,0,0,9.300000000000011,0,High,Medium,Low,No
3643,3643,3644,L50823,L,302.3,311.6,1784,26.4,79,0,0,0,0,0,0,9.300000000000011,0,Medium,High,Low,No
3644,3644,3645,L50824,L,302.2,311.5,1548,32.4,81,0,0,0,0,0,0,9.300000000000011,0,Medium,Medium,Medium,No
3645,3645,3646,L50825,L,302.2,311.5,1413,43.5,83,0,0,0,0,0,0,9.300000000000011,0,Medium,Medium,Medium,No
3646,3646,3647,M18506,M,302.2,311.5,1863,25.7,85,0,0,0,0,0,0,9.300000000000011,0,High,High,Medium,No
3647,3647,3648,L50827,L,302.2,311.5,1427,43.8,88,0,0,0,0,0,0,9.300000000000011,0,Medium,Medium,Medium,No
3648,3648,3649,M18508,M,302.2,311.5,1443,47.0,90,0,0,0,0,0,0,9.300000000000011,0,High,Medium,Medium,No
3649,3649,3650,L50829,L,302.2,311.5,1481,40.4,93,0,0,0,0,0,0,9.300000000000011,0,Medium,Medium,Medium,No
3650,3650,3651,L50830,L,302.1,311.4,1446,39.7,95,0,0,0,0,0,0,9.299999999999955,0,Medium,Medium,Medium,No
3651,3651,3652,L50831,L,302.1,311.5,1444,44.9,97,0,0,0,0,0,0,9.399999999999977,0,Medium,Medium,Medium,No
3652,3652,3653,M18512,M,302.1,311.5,1341,50.8,99,0,0,0,0,0,0,9.399999999999977,0,High,Medium,Medium,No
3653,3653,3654,L50833,L,302.1,311.4,1518,37.4,102,0,0,0,0,0,0,9.299999999999955,0,Medium,Medium,Medium,No
3654,3654,3655,L50834,L,302.1,311.4,1603,35.9,104,0,0,0,0,0,0,9.299999999999955,0,Medium,Medium,Medium,No
3655,3655,3656,L50835,L,302.1,311.4,1686,30.9,106,0,0,0,0,0,0,9.299999999999955,0,Medium,High,Medium,No
3656,3656,3657,M18516,M,302.1,311.5,1383,53.6,108,0,0,0,0,0,0,9.399999999999977,0,High,Medium,Medium,No
3657,3657,3658,L50837,L,302.1,311.5,1477,45.4,111,0,0,0,0,0,0,9.399999999999977,0,High,Medium,Medium,No
3658,3658,3659,M18518,M,302.2,311.5,1449,44.5,113,0,0,0,0,0,0,9.300000000000011,0,Medium,Medium,Medium,No
3659,3659,3660,M18519,M,302.2,311.5,1734,25.0,116,0,0,0,0,0,0,9.300000000000011,0,Low,High,Medium,No
3660,3660,3661,L50840,L,302.3,311.6,1398,49.1,119,0,0,0,0,0,0,9.300000000000011,0,High,Medium,Medium,No
3661,3661,3662,M18521,M,302.3,311.7,1639,36.6,121,0,0,0,0,0,0,9.399999999999977,0,Medium,Medium,Medium,No
3662,3662,3663,M18522,M,302.3,311.7,1517,37.6,124,0,0,0,0,0,0,9.399999999999977,0,Medium,Medium,Medium,No
3663,3663,3664,M18523,M,302.3,311.7,1442,41.7,127,0,0,0,0,0,0,9.399999999999977,0,Medium,Medium,Medium,No
3664,3664,3665,M18524,M,302.3,311.7,1685,30.8,130,0,0,0,0,0,0,9.399999999999977,0,Medium,High,Medium,No
3665,3665,3666,M18525,M,302.4,311.8,1358,50.6,133,0,0,0,0,0,0,9.400000000000034,0,High,Medium,High,No
3666,3666,3667,M18526,M,302.3,311.6,1608,39.9,136,0,0,0,0,0,0,9.300000000000011,0,Medium,Medium,High,No
3667,3667,3668,L50847,L,302.3,311.6,1665,34.3,139,0,0,0,0,0,0,9.300000000000011,0,Medium,High,High,No
3668,3668,3669,L50848,L,302.3,311.7,1510,38.7,141,0,0,0,0,0,0,9.399999999999977,0,Medium,Medium,High,No
3669,3669,3670,L50849,L,302.4,311.8,1465,40.2,143,0,0,0,0,0,0,9.400000000000034,0,Medium,Medium,High,No
3670,3670,3671,L50850,L,302.3,311.7,1701,27.5,145,0,0,0,0,0,0,9.399999999999977,0,Medium,High,High,No
3671,3671,3672,M18531,M,302.3,311.7,1486,39.6,147,0,0,0,0,0,0,9.399999999999977,0,Medium,Medium,High,No
3672,3672,3673,L50852,L,302.3,311.6,1658,32.3,150,0,0,0,0,0,0,9.300000000000011,0,Medium,High,High,No
3673,3673,3674,H33087,H,302.3,311.7,1449,44.5,152,0,0,0,0,0,0,9.399999999999977,0,Medium,Medium,High,No
3674,3674,3675,L50854,L,302.2,311.5,1346,52.4,157,0,0,0,0,0,0,9.300000000000011,0,High,Medium,High,No
3675,3675,3676,M18535,M,302.1,311.5,1866,23.1,159,0,0,0,0,0,0,9.399999999999977,0,Low,High,High,No
3676,3676,3677,M18536,M,302.2,311.5,1562,38.0,162,0,0,0,0,0,0,9.300000000000011,0,Medium,Medium,High,No
3677,3677,3678,M18537,M,302.3,311.7,1368,53.6,165,0,0,0,0,0,0,9.399999999999977,0,High,Medium,High,No
3678,3678,3679,L50858,L,302.2,311.5,1567,33.1,168,0,0,0,0,0,0,9.300000000000011,0,Medium,Medium,High,No
3679,3679,3680,L50859,L,302.2,311.5,1725,34.0,170,0,0,0,0,0,0,9.300000000000011,0,Medium,High,High,No
3680,3680,3681,L50860,L,302.2,311.5,1744,31.2,172,0,0,0,0,0,0,9.300000000000011,0,Medium,High,High,No
3681,3681,3682,M18541,M,302.1,311.3,1453,45.1,174,0,0,0,0,0,0,9.199999999999989,0,High,Medium,High,No
3682,3682,3683,L50862,L,302.1,311.2,1550,34.8,177,0,0,0,0,0,0,9.099999999999966,0,Medium,Medium,High,No
3683,3683,3684,M18543,M,302.0,311.2,1558,39.1,179,0,0,0,0,0,0,9.199999999999989,0,Medium,Medium,High,No
3684,3684,3685,L50864,L,302.0,311.2,1270,65.3,182,1,0,0,0,1,0,9.199999999999989,1,High,Medium,High,No
3685,3685,3686,M18545,M,301.9,311.1,1380,51.6,184,0,0,0,0,0,0,9.200000000000045,0,High,Medium,High,No
3686,3686,3687,L50866,L,302.0,311.1,1406,50.5,187,0,0,0,0,0,0,9.100000000000023,0,High,Medium,High,No
3687,3687,3688,M18547,M,302.0,311.2,1625,30.7,189,0,0,0,0,0,0,9.199999999999989,0,Medium,Medium,High,No
3688,3688,3689,L50868,L,302.0,311.2,1420,45.8,192,0,0,0,0,0,0,9.199999999999989,0,High,Medium,High,No
3689,3689,3690,L50869,L,302.1,311.4,1889,22.7,194,0,0,0,0,0,0,9.299999999999955,0,Low,High,High,No
3690,3690,3691,L50870,L,302.1,311.3,1477,43.6,196,0,0,0,0,0,0,9.199999999999989,0,Medium,Medium,High,No
3691,3691,3692,L50871,L,302.1,311.2,1460,46.9,198,0,0,0,0,0,0,9.099999999999966,0,High,Medium,High,No
3692,3692,3693,L50872,L,302.1,311.3,1758,24.4,200,0,0,0,0,0,0,9.199999999999989,0,Low,High,High,No
3693,3693,3694,L50873,L,302.1,311.3,1521,31.5,202,0,0,0,0,0,0,9.199999999999989,0,Medium,Medium,High,No
3694,3694,3695,M18554,M,302.1,311.3,1511,45.0,204,0,0,0,0,0,0,9.199999999999989,0,Medium,Medium,High,No
3695,3695,3696,L50875,L,302.2,311.3,1530,37.3,207,1,1,0,0,0,0,9.100000000000023,1,Medium,Medium,High,No
3696,3696,3697,L50876,L,302.1,311.2,1454,46.8,0,0,0,0,0,0,0,9.099999999999966,0,High,Medium,Low,No
3697,3697,3698,L50877,L,302.2,311.2,1928,23.1,2,0,0,0,0,0,0,9.0,0,Low,High,Low,No
3698,3698,3699,H33112,H,302.2,311.3,1758,26.4,4,0,0,0,0,0,0,9.100000000000023,0,Medium,High,Low,No
3699,3699,3700,L50879,L,302.2,311.2,1649,33.2,9,0,0,0,0,0,0,9.0,0,Medium,Medium,Low,No
3700,3700,3701,L50880,L,302.1,311.2,1447,50.3,11,0,0,0,0,0,0,9.099999999999966,0,High,Medium,Low,No
3701,3701,3702,L50881,L,302.1,311.2,1417,48.0,13,0,0,0,0,0,0,9.099999999999966,0,High,Medium,Low,No
3702,3702,3703,L50882,L,302.0,311.2,1434,44.9,15,0,0,0,0,0,0,9.199999999999989,0,Medium,Medium,Low,No
3703,3703,3704,M18563,M,302.0,311.2,1418,49.5,17,0,0,0,0,0,0,9.199999999999989,0,High,Medium,Low,No
3704,3704,3705,M18564,M,302.0,311.2,1400,49.5,20,0,0,0,0,0,0,9.199999999999989,0,High,Medium,Low,No
3705,3705,3706,M18565,M,302.0,311.3,1725,27.7,23,0,0,0,0,0,0,9.300000000000011,0,Medium,High,Low,No
3706,3706,3707,L50886,L,302.0,311.3,1567,41.1,26,0,0,0,0,0,0,9.300000000000011,0,Medium,Medium,Low,No
3707,3707,3708,M18567,M,302.1,311.3,1497,38.4,28,0,0,0,0,0,0,9.199999999999989,0,Medium,Medium,Low,No
3708,3708,3709,L50888,L,302.1,311.4,1549,44.6,31,0,0,0,0,0,0,9.299999999999955,0,Medium,Medium,Low,No
3709,3709,3710,L50889,L,302.2,311.4,1754,26.9,33,0,0,0,0,0,0,9.199999999999989,0,Medium,High,Low,No
3710,3710,3711,L50890,L,302.2,311.5,1489,38.3,35,0,0,0,0,0,0,9.300000000000011,0,Medium,Medium,Low,No
3711,3711,3712,L50891,L,302.2,311.5,1543,38.5,37,0,0,0,0,0,0,9.300000000000011,0,Medium,Medium,Low,No
3712,3712,3713,L50892,L,302.3,311.5,1543,33.1,39,0,0,0,0,0,0,9.199999999999989,0,Medium,Medium,Low,No
3713,3713,3714,L50893,L,302.3,311.5,1565,35.6,41,0,0,0,0,0,0,9.199999999999989,0,Medium,Medium,Low,No
3714,3714,3715,M18574,M,302.3,311.4,1855,23.9,43,0,0,0,0,0,0,9.099999999999966,0,Low,High,Low,No
3715,3715,3716,M18575,M,302.4,311.4,1475,45.2,46,0,0,0,0,0,0,9.0,0,High,Medium,Low,No
3716,3716,3717,L50896,L,302.3,311.4,1609,32.3,49,0,0,0,0,0,0,9.099999999999966,0,Medium,Medium,Low,No
3717,3717,3718,H33131,H,302.3,311.4,1443,44.1,51,0,0,0,0,0,0,9.099999999999966,0,Medium,Medium,Low,No
3718,3718,3719,L50898,L,302.4,311.4,1450,44.1,56,0,0,0,0,0,0,9.0,0,Medium,Medium,Low,No
3719,3719,3720,L50899,L,302.4,311.5,1590,39.9,58,0,0,0,0,0,0,9.100000000000023,0,Medium,Medium,Low,No
3720,3720,3721,M18580,M,302.4,311.4,1508,41.2,60,0,0,0,0,0,0,9.0,0,Medium,Medium,Low,No
3721,3721,3722,M18581,M,302.2,311.2,1544,43.6,63,0,0,0,0,0,0,9.0,0,Medium,Medium,Low,No
3722,3722,3723,L50902,L,302.2,311.2,1451,41.8,66,0,0,0,0,0,0,9.0,0,Medium,Medium,Low,No
3723,3723,3724,L50903,L,302.3,311.2,1758,24.4,68,0,0,0,0,0,0,8.899999999999977,0,Low,High,Low,No
3724,3724,3725,M18584,M,302.3,311.2,1507,47.7,70,0,0,0,0,0,0,8.899999999999977,0,High,Medium,Low,No
3725,3725,3726,H33139,H,302.3,311.1,1543,37.5,73,0,0,0,0,0,0,8.800000000000011,0,Medium,Medium,Low,No
3726,3726,3727,M18586,M,302.3,311.2,1505,36.7,78,0,0,0,0,0,0,8.899999999999977,0,Medium,Medium,Low,No
3727,3727,3728,L50907,L,302.3,311.2,1786,24.3,81,0,0,0,0,0,0,8.899999999999977,0,Low,High,Medium,No
3728,3728,3729,L50908,L,302.3,311.3,1457,44.5,83,0,0,0,0,0,0,9.0,0,Medium,Medium,Medium,No
3729,3729,3730,M18589,M,302.4,311.3,1312,61.5,85,0,0,0,0,0,0,8.900000000000034,0,High,Medium,Medium,No
3730,3730,3731,M18590,M,302.3,311.2,1405,47.7,88,0,0,0,0,0,0,8.899999999999977,0,High,Medium,Medium,No
3731,3731,3732,M18591,M,302.2,311.2,1377,43.0,91,0,0,0,0,0,0,9.0,0,Medium,Medium,Medium,No
3732,3732,3733,M18592,M,302.2,311.2,1347,49.8,94,0,0,0,0,0,0,9.0,0,High,Medium,Medium,No
3733,3733,3734,L50913,L,302.2,311.1,1470,39.6,97,0,0,0,0,0,0,8.900000000000034,0,Medium,Medium,Medium,No
3734,3734,3735,M18594,M,302.2,311.2,1873,24.0,99,0,0,0,0,0,0,9.0,0,Low,High,Medium,No
3735,3735,3736,M18595,M,302.2,311.1,1434,58.6,102,0,0,0,0,0,0,8.900000000000034,0,High,Medium,Medium,No
3736,3736,3737,H33150,H,302.2,311.1,1628,30.6,105,0,0,0,0,0,0,8.900000000000034,0,Medium,Medium,Medium,No
3737,3737,3738,L50917,L,302.2,311.1,1351,48.6,110,0,0,0,0,0,0,8.900000000000034,0,High,Medium,Medium,No
3738,3738,3739,M18598,M,302.3,311.2,1454,43.8,112,0,0,0,0,0,0,8.899999999999977,0,Medium,Medium,Medium,No
3739,3739,3740,M18599,M,302.2,311.2,1663,29.6,115,0,0,0,0,0,0,9.0,0,Medium,High,Medium,No
3740,3740,3741,L50920,L,302.3,311.2,1401,49.7,118,0,0,0,0,0,0,8.899999999999977,0,High,Medium,Medium,No
3741,3741,3742,L50921,L,302.4,311.3,1503,38.2,120,0,0,0,0,0,0,8.900000000000034,0,Medium,Medium,Medium,No
3742,3742,3743,L50922,L,302.4,311.4,1564,35.0,122,0,0,0,0,0,0,9.0,0,Medium,Medium,Medium,No
3743,3743,3744,L50923,L,302.5,311.4,1759,24.6,124,0,0,0,0,0,0,8.899999999999977,0,Low,High,Medium,No
3744,3744,3745,L50924,L,302.5,311.4,1409,53.1,126,0,0,0,0,0,0,8.899999999999977,0,High,Medium,Medium,No
3745,3745,3746,L50925,L,302.6,311.4,1738,25.8,128,0,0,0,0,0,0,8.799999999999955,0,High,High,Medium,No
3746,3746,3747,H33160,H,302.5,311.3,1393,47.5,130,0,0,0,0,0,0,8.800000000000011,0,High,Medium,Medium,No
3747,3747,3748,L50927,L,302.5,311.1,1499,38.8,135,0,0,0,0,0,0,8.600000000000023,0,Medium,Medium,High,No
3748,3748,3749,L50928,L,302.5,311.1,1493,39.0,137,0,0,0,0,0,0,8.600000000000023,0,Medium,Medium,High,No
3749,3749,3750,L50929,L,302.4,311.1,1652,33.9,139,0,0,0,0,0,0,8.700000000000045,0,Medium,High,High,No
3750,3750,3751,L50930,L,302.3,311.1,1589,29.9,141,0,0,0,0,0,0,8.800000000000011,0,Medium,Medium,High,No
3751,3751,3752,L50931,L,302.4,311.1,1520,42.2,143,0,0,0,0,0,0,8.700000000000045,0,Medium,Medium,High,No
3752,3752,3753,H33166,H,302.3,311.1,1455,40.3,145,0,0,0,0,0,0,8.800000000000011,0,Medium,Medium,High,No
3753,3753,3754,L50933,L,302.2,311.0,1463,46.8,150,0,0,0,0,0,0,8.800000000000011,0,High,Medium,High,No
3754,3754,3755,L50934,L,302.3,311.0,1442,43.7,152,0,0,0,0,0,0,8.699999999999989,0,Medium,Medium,High,No
3755,3755,3756,L50935,L,302.3,311.0,1329,51.5,154,0,0,0,0,0,0,8.699999999999989,0,High,Medium,High,No
3756,3756,3757,L50936,L,302.3,311.1,1546,33.1,156,0,0,0,0,0,0,8.800000000000011,0,Medium,Medium,High,No
3757,3757,3758,M18617,M,302.2,311.1,1516,33.7,158,0,0,0,0,0,0,8.900000000000034,0,Medium,Medium,High,No
3758,3758,3759,M18618,M,302.2,311.0,1476,47.4,161,0,0,0,0,0,0,8.800000000000011,0,High,Medium,High,No
3759,3759,3760,L50939,L,302.3,311.0,1412,47.0,164,0,0,0,0,0,0,8.699999999999989,0,High,Medium,High,No
3760,3760,3761,L50940,L,302.3,310.9,1377,46.8,166,1,0,1,0,0,0,8.599999999999966,1,High,Medium,High,No
3761,3761,3762,M18621,M,302.4,311.0,1490,37.1,168,0,0,0,0,0,0,8.600000000000023,0,Medium,Medium,High,No
3762,3762,3763,M18622,M,302.3,311.0,1526,37.7,171,0,0,0,0,0,0,8.699999999999989,0,Medium,Medium,High,No
3763,3763,3764,L50943,L,302.3,311.0,1428,47.9,174,0,0,0,0,0,0,8.699999999999989,0,High,Medium,High,No
3764,3764,3765,L50944,L,302.4,311.0,1329,54.6,176,0,0,0,0,0,0,8.600000000000023,0,High,Medium,High,No
3765,3765,3766,M18625,M,302.4,311.1,1443,51.8,178,0,0,0,0,0,0,8.700000000000045,0,High,Medium,High,No
3766,3766,3767,L50946,L,302.3,311.1,1373,53.0,181,0,0,0,0,0,0,8.800000000000011,0,High,Medium,High,No
3767,3767,3768,L50947,L,302.3,311.1,1630,35.6,183,0,0,0,0,0,0,8.800000000000011,0,Medium,Medium,High,No
3768,3768,3769,L50948,L,302.2,311.0,1555,34.2,185,0,0,0,0,0,0,8.800000000000011,0,Medium,Medium,High,No
3769,3769,3770,M18629,M,302.2,311.0,1436,47.0,187,0,0,0,0,0,0,8.800000000000011,0,High,Medium,High,No
3770,3770,3771,L50950,L,302.3,311.0,1609,31.0,190,0,0,0,0,0,0,8.699999999999989,0,Medium,Medium,High,No
3771,3771,3772,M18631,M,302.3,311.0,1384,49.7,192,0,0,0,0,0,0,8.699999999999989,0,High,Medium,High,No
3772,3772,3773,L50952,L,302.4,311.1,1448,44.8,195,0,0,0,0,0,0,8.700000000000045,0,Medium,Medium,High,No
3773,3773,3774,M18633,M,302.4,311.1,1887,22.4,197,0,0,0,0,0,0,8.700000000000045,0,Low,High,High,No
3774,3774,3775,M18634,M,302.4,311.1,1480,45.7,200,0,0,0,0,0,0,8.700000000000045,0,High,Medium,High,No
3775,3775,3776,H33189,H,302.5,311.1,1850,23.3,203,0,0,0,0,0,0,8.600000000000023,0,Low,High,High,No
3776,3776,3777,L50956,L,302.5,311.1,1538,36.8,208,0,0,0,0,0,0,8.600000000000023,0,Medium,Medium,High,No
3777,3777,3778,M18637,M,302.4,311.1,1721,30.1,210,0,0,0,0,0,0,8.700000000000045,0,Medium,High,High,No
3778,3778,3779,M18638,M,302.4,311.1,1366,54.4,0,0,0,0,0,0,0,8.700000000000045,0,High,Medium,Low,No
3779,3779,3780,L50959,L,302.3,311.0,1657,31.1,3,0,0,0,0,0,0,8.699999999999989,0,Medium,High,Low,No
3780,3780,3781,L50960,L,302.4,311.1,1446,42.9,5,0,0,0,0,0,0,8.700000000000045,0,Medium,Medium,Low,No
3781,3781,3782,L50961,L,302.3,310.8,1465,43.8,7,0,0,0,0,0,0,8.5,0,Medium,Medium,Low,No
3782,3782,3783,L50962,L,302.2,310.8,1827,23.8,9,0,0,0,0,0,0,8.600000000000023,0,Low,High,Low,No
3783,3783,3784,H33197,H,302.2,310.8,1397,47.6,11,0,0,0,0,0,0,8.600000000000023,0,High,Medium,Low,No
3784,3784,3785,L50964,L,302.2,310.8,1744,29.7,16,0,0,0,0,0,0,8.600000000000023,0,Medium,High,Low,No
3785,3785,3786,L50965,L,302.3,310.9,1545,36.7,18,0,0,0,0,0,0,8.599999999999966,0,Medium,Medium,Low,No
3786,3786,3787,L50966,L,302.3,310.9,1587,36.6,20,0,0,0,0,0,0,8.599999999999966,0,Medium,Medium,Low,No
3787,3787,3788,L50967,L,302.3,310.8,1377,47.3,22,1,0,1,0,0,0,8.5,1,High,Medium,Low,No
3788,3788,3789,L50968,L,302.3,310.8,1511,48.1,24,0,0,0,0,0,0,8.5,0,High,Medium,Low,No
3789,3789,3790,L50969,L,302.3,310.8,1650,32.4,26,0,0,0,0,0,0,8.5,0,Medium,Medium,Low,No
3790,3790,3791,L50970,L,302.3,310.9,1412,48.9,28,0,0,0,0,0,0,8.599999999999966,0,High,Medium,Low,No
3791,3791,3792,L50971,L,302.3,311.0,1528,43.1,30,0,0,0,0,0,0,8.699999999999989,0,Medium,Medium,Low,No
3792,3792,3793,L50972,L,302.3,310.9,1459,35.0,32,0,0,0,0,0,0,8.599999999999966,0,Medium,Medium,Low,No
3793,3793,3794,L50973,L,302.3,310.9,1379,49.3,34,1,0,1,0,0,0,8.599999999999966,1,High,Medium,Low,No
3794,3794,3795,M18654,M,302.2,310.8,1356,48.3,36,0,0,0,0,0,0,8.600000000000023,0,High,Medium,Low,No
3795,3795,3796,M18655,M,302.1,310.8,1409,41.3,39,0,0,0,0,0,0,8.699999999999989,0,Medium,Medium,Low,No
3796,3796,3797,M18656,M,302.1,310.8,1504,37.5,42,0,0,0,0,0,0,8.699999999999989,0,Medium,Medium,Low,No
3797,3797,3798,L50977,L,302.1,310.8,1622,36.8,45,0,0,0,0,0,0,8.699999999999989,0,Medium,Medium,Low,No
3798,3798,3799,L50978,L,302.1,310.8,1786,25.7,47,0,0,0,0,0,0,8.699999999999989,0,High,High,Low,No
3799,3799,3800,L50979,L,302.2,310.9,1506,34.0,49,0,0,0,0,0,0,8.699999999999989,0,Medium,Medium,Low,No
3800,3800,3801,M18660,M,302.1,310.9,1916,23.1,51,0,0,0,0,0,0,8.799999999999955,0,Low,High,Low,No
3801,3801,3802,M18661,M,302.2,310.9,1771,27.6,54,0,0,0,0,0,0,8.699999999999989,0,Medium,High,Low,No
3802,3802,3803,M18662,M,302.2,310.9,1488,44.2,57,0,0,0,0,0,0,8.699999999999989,0,Medium,Medium,Low,No
3803,3803,3804,L50983,L,302.2,310.9,1531,37.5,60,0,0,0,0,0,0,8.699999999999989,0,Medium,Medium,Low,No
3804,3804,3805,L50984,L,302.3,310.9,1529,33.4,62,0,0,0,0,0,0,8.599999999999966,0,Medium,Medium,Low,No
3805,3805,3806,M18665,M,302.4,311.0,1580,36.5,64,0,0,0,0,0,0,8.600000000000023,0,Medium,Medium,Low,No
3806,3806,3807,M18666,M,302.3,310.9,1360,44.0,67,1,0,1,0,0,0,8.599999999999966,1,Medium,Medium,Low,No
3807,3807,3808,M18667,M,302.3,311.0,1546,35.5,70,0,0,0,0,0,0,8.699999999999989,0,Medium,Medium,Low,No
3808,3808,3809,M18668,M,302.3,310.9,1762,24.5,73,0,0,0,0,0,0,8.599999999999966,0,Low,High,Low,No
3809,3809,3810,L50989,L,302.2,310.8,1350,56.6,76,0,0,0,0,0,0,8.600000000000023,0,High,Medium,Low,No
3810,3810,3811,M18670,M,302.2,310.8,1562,38.1,78,0,0,0,0,0,0,8.600000000000023,0,Medium,Medium,Low,No
3811,3811,3812,M18671,M,302.1,310.7,1608,30.3,81,0,0,0,0,0,0,8.599999999999966,0,Medium,Medium,Medium,No
3812,3812,3813,L50992,L,302.0,310.6,1392,50.0,84,0,0,0,0,0,0,8.600000000000023,0,High,Medium,Medium,No
3813,3813,3814,L50993,L,302.0,310.6,1467,44.9,86,0,0,0,0,0,0,8.600000000000023,0,Medium,Medium,Medium,No
3814,3814,3815,M18674,M,302.1,310.6,1326,59.1,88,1,0,1,0,0,0,8.5,1,High,Medium,Medium,No
3815,3815,3816,L50995,L,302.2,310.7,1769,24.9,91,0,0,0,0,0,0,8.5,0,Low,High,Medium,No
3816,3816,3817,L50996,L,302.1,310.6,1459,47.6,93,0,0,0,0,0,0,8.5,0,High,Medium,Medium,No
3817,3817,3818,M18677,M,302.1,310.6,1421,52.0,95,0,0,0,0,0,0,8.5,0,High,Medium,Medium,No
3818,3818,3819,L50998,L,302.1,310.7,1491,42.8,98,0,0,0,0,0,0,8.599999999999966,0,Medium,Medium,Medium,No
3819,3819,3820,L50999,L,302.2,310.7,1567,36.4,100,0,0,0,0,0,0,8.5,0,Medium,Medium,Medium,No
3820,3820,3821,L51000,L,302.3,310.8,1421,41.4,102,0,0,0,0,0,0,8.5,0,Medium,Medium,Medium,No
3821,3821,3822,L51001,L,302.3,310.9,1596,33.5,104,0,0,0,0,0,0,8.599999999999966,0,Medium,Medium,Medium,No
3822,3822,3823,M18682,M,302.4,311.0,1464,44.2,106,0,0,0,0,0,0,8.600000000000023,0,Medium,Medium,Medium,No
3823,3823,3824,M18683,M,302.3,310.9,1581,36.1,109,0,0,0,0,0,0,8.599999999999966,0,Medium,Medium,Medium,No
3824,3824,3825,L51004,L,302.3,310.9,1620,30.3,112,0,0,0,0,0,0,8.599999999999966,0,Medium,Medium,Medium,No
3825,3825,3826,H33239,H,302.2,310.7,1413,48.9,114,0,0,0,0,0,0,8.5,0,High,Medium,Medium,No
3826,3826,3827,H33240,H,302.3,310.8,1438,43.8,119,0,0,0,0,0,0,8.5,0,Medium,Medium,Medium,No
3827,3827,3828,M18687,M,302.4,310.9,1469,41.6,124,0,0,0,0,0,0,8.5,0,Medium,Medium,Medium,No
3828,3828,3829,M18688,M,302.3,310.8,1762,27.8,127,0,0,0,0,0,0,8.5,0,Medium,High,Medium,No
3829,3829,3830,H33243,H,302.3,310.9,1366,48.4,130,1,0,1,0,0,0,8.599999999999966,1,High,Medium,Medium,No
3830,3830,3831,L51010,L,302.3,310.9,1891,22.7,135,0,0,0,0,0,0,8.599999999999966,0,Low,High,High,No
3831,3831,3832,M18691,M,302.3,310.9,1742,29.7,137,0,0,0,0,0,0,8.599999999999966,0,Medium,High,High,No
3832,3832,3833,M18692,M,302.2,310.9,1465,43.5,140,0,0,0,0,0,0,8.699999999999989,0,Medium,Medium,High,No
3833,3833,3834,M18693,M,302.3,311.0,1541,36.6,143,0,0,0,0,0,0,8.699999999999989,0,Medium,Medium,High,No
3834,3834,3835,M18694,M,302.3,311.1,1295,57.1,146,0,0,0,0,0,0,8.800000000000011,0,High,Medium,High,No
3835,3835,3836,M18695,M,302.3,311.1,1435,43.1,149,0,0,0,0,0,0,8.800000000000011,0,Medium,Medium,High,No
3836,3836,3837,L51016,L,302.4,311.2,1466,43.9,152,0,0,0,0,0,0,8.800000000000011,0,Medium,Medium,High,No
3837,3837,3838,L51017,L,302.4,311.2,1450,47.9,154,0,0,0,0,0,0,8.800000000000011,0,High,Medium,High,No
3838,3838,3839,L51018,L,302.4,311.1,1880,24.5,156,0,0,0,0,0,0,8.700000000000045,0,Low,High,High,No
3839,3839,3840,M18699,M,302.3,311.0,1578,33.5,158,0,0,0,0,0,0,8.699999999999989,0,Medium,Medium,High,No
3840,3840,3841,L51020,L,302.4,311.0,1610,33.1,161,0,0,0,0,0,0,8.600000000000023,0,Medium,Medium,High,No
3841,3841,3842,L51021,L,302.4,311.1,1565,42.8,163,0,0,0,0,0,0,8.700000000000045,0,Medium,Medium,High,No
3842,3842,3843,L51022,L,302.5,311.2,1545,40.1,165,0,0,0,0,0,0,8.699999999999989,0,Medium,Medium,High,No
3843,3843,3844,L51023,L,302.5,311.2,1227,60.1,167,0,0,0,0,0,0,8.699999999999989,0,High,Low,High,No
3844,3844,3845,L51024,L,302.4,311.1,1484,45.9,169,0,0,0,0,0,0,8.700000000000045,0,High,Medium,High,No
3845,3845,3846,L51025,L,302.3,311.0,1591,32.7,171,0,0,0,0,0,0,8.699999999999989,0,Medium,Medium,High,No
3846,3846,3847,L51026,L,302.3,310.9,1403,47.2,173,0,0,0,0,0,0,8.599999999999966,0,High,Medium,High,No
3847,3847,3848,M18707,M,302.3,311.0,1450,45.7,175,0,0,0,0,0,0,8.699999999999989,0,High,Medium,High,No
3848,3848,3849,L51028,L,302.3,310.9,1720,28.1,178,0,0,0,0,0,0,8.599999999999966,0,Medium,High,High,No
3849,3849,3850,L51029,L,302.3,311.0,1561,37.2,180,0,0,0,0,0,0,8.699999999999989,0,Medium,Medium,High,No
3850,3850,3851,M18710,M,302.3,311.0,1421,41.3,182,0,0,0,0,0,0,8.699999999999989,0,Medium,Medium,High,No
3851,3851,3852,H33265,H,302.2,310.9,1415,48.4,185,0,0,0,0,0,0,8.699999999999989,0,High,Medium,High,No
3852,3852,3853,L51032,L,302.3,310.9,2034,19.7,190,0,0,0,0,0,0,8.599999999999966,0,Low,High,High,No
3853,3853,3854,L51033,L,302.4,311.0,1486,40.4,192,0,0,0,0,0,0,8.600000000000023,0,Medium,Medium,High,No
3854,3854,3855,L51034,L,302.4,311.0,1338,67.6,194,1,0,0,1,1,0,8.600000000000023,2,High,Medium,High,No
3855,3855,3856,H33269,H,302.4,311.1,1578,32.3,196,0,0,0,0,0,0,8.700000000000045,0,Medium,Medium,High,No
3856,3856,3857,M18716,M,302.4,311.2,1330,58.6,201,0,0,0,0,0,0,8.800000000000011,0,High,Medium,High,No
3857,3857,3858,H33271,H,302.4,311.2,1506,40.8,204,0,0,0,0,0,0,8.800000000000011,0,Medium,Medium,High,No
3858,3858,3859,L51038,L,302.5,311.4,1559,37.6,209,0,0,0,0,0,0,8.899999999999977,0,Medium,Medium,High,No
3859,3859,3860,L51039,L,302.6,311.5,1599,37.0,211,0,0,0,0,0,0,8.899999999999977,0,Medium,Medium,High,No
3860,3860,3861,L51040,L,302.6,311.5,1427,38.9,213,0,0,0,0,0,0,8.899999999999977,0,Medium,Medium,High,No
3861,3861,3862,M18721,M,302.5,311.5,1481,41.1,215,0,0,0,0,0,0,9.0,0,Medium,Medium,High,No
3862,3862,3863,H33276,H,302.5,311.5,1496,43.8,218,0,0,0,0,0,0,9.0,0,Medium,Medium,High,No
3863,3863,3864,L51043,L,302.5,311.4,1674,27.0,223,0,0,0,0,0,0,8.899999999999977,0,Medium,High,High,No
3864,3864,3865,M18724,M,302.5,311.4,1629,31.7,225,0,0,0,0,0,0,8.899999999999977,0,Medium,Medium,High,No
3865,3865,3866,H33279,H,302.6,311.5,1629,34.4,228,1,1,0,0,0,0,8.899999999999977,1,Medium,Medium,High,No
3866,3866,3867,L51046,L,302.6,311.6,1311,53.2,0,0,0,0,0,0,0,9.0,0,High,Medium,Low,No
3867,3867,3868,M18727,M,302.7,311.6,2709,9.7,2,1,0,0,1,0,0,8.900000000000034,1,Low,High,Low,No
3868,3868,3869,M18728,M,302.7,311.7,1759,29.9,5,0,0,0,0,0,0,9.0,0,Medium,High,Low,No
3869,3869,3870,L51049,L,302.7,311.7,1480,45.2,8,0,0,0,0,0,0,9.0,0,High,Medium,Low,No
3870,3870,3871,L51050,L,302.7,311.8,1461,46.1,10,0,0,0,0,0,0,9.100000000000023,0,High,Medium,Low,No
3871,3871,3872,M18731,M,302.7,311.8,1728,30.0,12,0,0,0,0,0,0,9.100000000000023,0,Medium,High,Low,No
3872,3872,3873,L51052,L,302.7,311.9,1389,46.5,15,0,0,0,0,0,0,9.199999999999989,0,High,Medium,Low,No
3873,3873,3874,L51053,L,302.6,311.8,1638,35.1,17,0,0,0,0,0,0,9.199999999999989,0,Medium,Medium,Low,No
3874,3874,3875,L51054,L,302.6,311.7,1254,54.1,19,0,0,0,0,0,0,9.099999999999966,0,High,Medium,Low,No
3875,3875,3876,L51055,L,302.6,311.8,1427,50.1,21,0,0,0,0,0,0,9.199999999999989,0,High,Medium,Low,No
3876,3876,3877,L51056,L,302.6,311.8,1627,31.8,23,0,0,0,0,0,0,9.199999999999989,0,Medium,Medium,Low,No
3877,3877,3878,H33291,H,302.6,311.7,1471,48.3,25,0,0,0,0,0,0,9.099999999999966,0,High,Medium,Low,No
3878,3878,3879,L51058,L,302.6,311.7,1773,27.1,30,0,0,0,0,0,0,9.099999999999966,0,Medium,High,Low,No
3879,3879,3880,M18739,M,302.6,311.7,1430,51.7,32,0,0,0,0,0,0,9.099999999999966,0,High,Medium,Low,No
3880,3880,3881,L51060,L,302.5,311.6,1595,29.5,35,0,0,0,0,0,0,9.100000000000023,0,Medium,Medium,Low,No
3881,3881,3882,L51061,L,302.5,311.5,1521,44.1,37,0,0,0,0,0,0,9.0,0,Medium,Medium,Low,No
3882,3882,3883,L51062,L,302.5,311.6,1419,43.7,39,0,0,0,0,0,0,9.100000000000023,0,Medium,Medium,Low,No
3883,3883,3884,M18743,M,302.4,311.4,1534,40.1,41,0,0,0,0,0,0,9.0,0,Medium,Medium,Low,No
3884,3884,3885,H33298,H,302.5,311.5,1626,36.0,44,0,0,0,0,0,0,9.0,0,Medium,Medium,Low,No
3885,3885,3886,L51065,L,302.5,311.5,1677,29.2,49,0,0,0,0,0,0,9.0,0,Medium,High,Low,No
3886,3886,3887,L51066,L,302.4,311.3,1392,50.5,51,0,0,0,0,0,0,8.900000000000034,0,High,Medium,Low,No
3887,3887,3888,L51067,L,302.4,311.2,1448,50.5,53,0,0,0,0,0,0,8.800000000000011,0,High,Medium,Low,No
3888,3888,3889,L51068,L,302.3,311.2,1903,22.9,55,0,0,0,0,0,0,8.899999999999977,0,Low,High,Low,No
3889,3889,3890,L51069,L,302.4,311.2,1404,52.0,57,0,0,0,0,0,0,8.800000000000011,0,High,Medium,Low,No
3890,3890,3891,L51070,L,302.3,311.2,1386,53.5,59,0,0,0,0,0,0,8.899999999999977,0,High,Medium,Low,No
3891,3891,3892,L51071,L,302.2,311.1,1418,47.0,61,0,0,0,0,0,0,8.900000000000034,0,High,Medium,Low,No
3892,3892,3893,M18752,M,302.3,311.1,1338,53.3,63,0,0,0,0,0,0,8.800000000000011,0,High,Medium,Low,No
3893,3893,3894,L51073,L,302.3,311.2,1549,40.6,66,0,0,0,0,0,0,8.899999999999977,0,Medium,Medium,Low,No
3894,3894,3895,M18754,M,302.3,311.2,1432,42.7,68,0,0,0,0,0,0,8.899999999999977,0,Medium,Medium,Low,No
3895,3895,3896,M18755,M,302.3,311.2,1546,40.0,71,0,0,0,0,0,0,8.899999999999977,0,Medium,Medium,Low,No
3896,3896,3897,M18756,M,302.2,311.2,1627,33.2,74,0,0,0,0,0,0,9.0,0,Medium,Medium,Low,No
3897,3897,3898,M18757,M,302.2,311.1,1640,32.8,77,0,0,0,0,0,0,8.900000000000034,0,Medium,Medium,Low,No
3898,3898,3899,M18758,M,302.1,311.1,1423,36.8,80,0,0,0,0,0,0,9.0,0,Medium,Medium,Low,No
3899,3899,3900,M18759,M,302.1,311.0,1711,28.7,83,0,0,0,0,0,0,8.899999999999977,0,Medium,High,Medium,No
3900,3900,3901,M18760,M,302.1,311.1,1450,51.6,86,0,0,0,0,0,0,9.0,0,High,Medium,Medium,No
3901,3901,3902,H33315,H,302.2,311.1,1553,34.1,89,0,0,0,0,0,0,8.900000000000034,0,Medium,Medium,Medium,No
3902,3902,3903,L51082,L,302.2,311.1,1630,34.6,94,0,0,0,0,0,0,8.900000000000034,0,Medium,Medium,Medium,No
3903,3903,3904,H33317,H,302.2,311.1,1476,39.6,96,0,0,0,0,0,0,8.900000000000034,0,Medium,Medium,Medium,No
3904,3904,3905,H33318,H,302.2,311.1,1426,50.6,101,0,0,0,0,0,0,8.900000000000034,0,High,Medium,Medium,No
3905,3905,3906,M18765,M,302.2,311.2,1561,34.9,106,0,0,0,0,0,0,9.0,0,Medium,Medium,Medium,No
3906,3906,3907,L51086,L,302.3,311.2,1297,62.5,109,0,0,0,0,0,0,8.899999999999977,0,High,Medium,Medium,No
3907,3907,3908,M18767,M,302.3,311.2,1842,23.9,111,0,0,0,0,0,0,8.899999999999977,0,Low,High,Medium,No
3908,3908,3909,L51088,L,302.3,311.2,1633,36.4,114,0,0,0,0,0,0,8.899999999999977,0,Medium,Medium,Medium,No
3909,3909,3910,H33323,H,302.3,311.3,1744,30.3,116,0,0,0,0,0,0,9.0,0,Medium,High,Medium,No
3910,3910,3911,L51090,L,302.4,311.4,1831,26.9,121,0,0,0,0,0,0,9.0,0,Medium,High,Medium,No
3911,3911,3912,M18771,M,302.3,311.3,1339,50.8,123,0,0,0,0,0,0,9.0,0,High,Medium,Medium,No
3912,3912,3913,L51092,L,302.4,311.4,1475,40.4,126,0,0,0,0,0,0,9.0,0,Medium,Medium,Medium,No
3913,3913,3914,M18773,M,302.4,311.4,1675,29.6,128,0,0,0,0,0,0,9.0,0,Medium,High,Medium,No
3914,3914,3915,L51094,L,302.5,311.5,1493,35.1,131,0,0,0,0,0,0,9.0,0,Medium,Medium,High,No
3915,3915,3916,L51095,L,302.5,311.5,1700,29.5,133,0,0,0,0,0,0,9.0,0,Medium,High,High,No
3916,3916,3917,L51096,L,302.6,311.6,1453,37.0,135,0,0,0,0,0,0,9.0,0,Medium,Medium,High,No
3917,3917,3918,L51097,L,302.6,311.7,1542,34.1,137,0,0,0,0,0,0,9.099999999999966,0,Medium,Medium,High,No
3918,3918,3919,M18778,M,302.5,311.5,1358,52.7,139,0,0,0,0,0,0,9.0,0,High,Medium,High,No
3919,3919,3920,H33333,H,302.5,311.5,1655,32.3,142,0,0,0,0,0,0,9.0,0,Medium,High,High,No
3920,3920,3921,L51100,L,302.6,311.5,1885,27.5,147,0,0,0,0,0,0,8.899999999999977,0,Medium,High,High,No
3921,3921,3922,L51101,L,302.7,311.5,1494,41.4,149,0,0,0,0,0,0,8.800000000000011,0,Medium,Medium,High,No
3922,3922,3923,M18782,M,302.6,311.4,1757,29.5,151,0,0,0,0,0,0,8.799999999999955,0,Medium,High,High,No
3923,3923,3924,M18783,M,302.6,311.4,1718,31.2,154,0,0,0,0,0,0,8.799999999999955,0,Medium,High,High,No
3924,3924,3925,M18784,M,302.5,311.4,1636,35.0,157,0,0,0,0,0,0,8.899999999999977,0,Medium,Medium,High,No
3925,3925,3926,L51105,L,302.6,311.6,1638,29.6,160,0,0,0,0,0,0,9.0,0,Medium,Medium,High,No
3926,3926,3927,L51106,L,302.6,311.5,1609,36.0,162,0,0,0,0,0,0,8.899999999999977,0,Medium,Medium,High,No
3927,3927,3928,H33341,H,302.7,311.5,1556,35.0,164,0,0,0,0,0,0,8.800000000000011,0,Medium,Medium,High,No
3928,3928,3929,L51108,L,302.6,311.5,1442,59.8,169,1,0,0,1,0,0,8.899999999999977,1,High,Medium,High,No
3929,3929,3930,M18789,M,302.7,311.6,1501,38.8,171,0,0,0,0,0,0,8.900000000000034,0,Medium,Medium,High,No
3930,3930,3931,M18790,M,302.6,311.6,2041,19.2,174,0,0,0,0,0,0,9.0,0,Low,High,High,No
3931,3931,3932,M18791,M,302.7,311.7,1784,25.1,177,0,0,0,0,0,0,9.0,0,High,High,High,No
3932,3932,3933,L51112,L,302.6,311.6,1953,22.4,180,0,0,0,0,0,0,9.0,0,Low,High,High,No
3933,3933,3934,L51113,L,302.6,311.6,1576,34.7,182,0,0,0,0,0,0,9.0,0,Medium,Medium,High,No
3934,3934,3935,M18794,M,302.6,311.6,1518,39.0,184,0,0,0,0,0,0,9.0,0,Medium,Medium,High,No
3935,3935,3936,M18795,M,302.6,311.6,1227,68.2,187,1,0,0,0,1,0,9.0,1,High,Low,High,No
3936,3936,3937,L51116,L,302.5,311.5,1985,18.8,190,0,0,0,0,0,0,9.0,0,Low,High,High,No
3937,3937,3938,L51117,L,302.5,311.5,1802,26.4,192,0,0,0,0,0,0,9.0,0,Medium,High,High,No
3938,3938,3939,L51118,L,302.5,311.5,1603,32.4,194,0,0,0,0,0,0,9.0,0,Medium,Medium,High,No
3939,3939,3940,L51119,L,302.5,311.6,1400,54.0,196,0,0,0,0,0,0,9.100000000000023,0,High,Medium,High,No
3940,3940,3941,L51120,L,302.3,311.5,1395,54.2,198,0,0,0,0,0,0,9.199999999999989,0,High,Medium,High,No
3941,3941,3942,L51121,L,302.2,311.4,1987,19.9,200,0,0,0,0,0,0,9.199999999999989,0,Low,High,High,No
3942,3942,3943,M18802,M,302.2,311.4,1398,47.2,202,0,0,0,0,0,0,9.199999999999989,0,High,Medium,High,No
3943,3943,3944,L51123,L,302.3,311.4,1333,66.7,205,1,0,0,1,1,0,9.099999999999966,2,High,Medium,High,No
3944,3944,3945,L51124,L,302.2,311.2,1381,49.4,207,0,0,0,0,0,0,9.0,0,High,Medium,High,No
3945,3945,3946,L51125,L,302.2,311.3,1570,36.1,0,0,0,0,0,0,0,9.100000000000023,0,Medium,Medium,Low,No
3946,3946,3947,M18806,M,302.2,311.3,1658,31.0,2,0,0,0,0,0,0,9.100000000000023,0,Medium,High,Low,No
3947,3947,3948,H33361,H,302.2,311.3,1749,29.2,5,0,0,0,0,0,0,9.100000000000023,0,Medium,High,Low,No
3948,3948,3949,M18808,M,302.2,311.3,1510,37.1,10,0,0,0,0,0,0,9.100000000000023,0,Medium,Medium,Low,No
3949,3949,3950,L51129,L,302.3,311.5,1384,50.8,13,0,0,0,0,0,0,9.199999999999989,0,High,Medium,Low,No
3950,3950,3951,L51130,L,302.3,311.4,1570,37.2,15,0,0,0,0,0,0,9.099999999999966,0,Medium,Medium,Low,No
3951,3951,3952,M18811,M,302.3,311.4,1571,32.7,17,0,0,0,0,0,0,9.099999999999966,0,Medium,Medium,Low,No
3952,3952,3953,L51132,L,302.3,311.4,1476,37.3,20,0,0,0,0,0,0,9.099999999999966,0,Medium,Medium,Low,No
3953,3953,3954,M18813,M,302.3,311.4,1484,39.5,22,0,0,0,0,0,0,9.099999999999966,0,Medium,Medium,Low,No
3954,3954,3955,M18814,M,302.3,311.4,1909,23.2,25,0,0,0,0,0,0,9.099999999999966,0,Low,High,Low,No
3955,3955,3956,L51135,L,302.3,311.5,1448,49.6,28,0,0,0,0,0,0,9.199999999999989,0,High,Medium,Low,No
3956,3956,3957,M18816,M,302.3,311.4,1500,40.2,30,0,0,0,0,0,0,9.099999999999966,0,Medium,Medium,Low,No
3957,3957,3958,L51137,L,302.2,311.4,1510,44.9,33,0,0,0,0,0,0,9.199999999999989,0,Medium,Medium,Low,No
3958,3958,3959,L51138,L,302.2,311.3,1378,55.5,35,0,0,0,0,0,0,9.100000000000023,0,High,Medium,Low,No
3959,3959,3960,M18819,M,302.2,311.4,1538,37.4,37,0,0,0,0,0,0,9.199999999999989,0,Medium,Medium,Low,No
3960,3960,3961,L51140,L,302.2,311.4,1390,48.1,40,0,0,0,0,0,0,9.199999999999989,0,High,Medium,Low,No
3961,3961,3962,M18821,M,302.2,311.4,1642,32.1,42,0,0,0,0,0,0,9.199999999999989,0,Medium,Medium,Low,No
3962,3962,3963,L51142,L,302.4,311.5,1785,24.8,45,0,0,0,0,0,0,9.100000000000023,0,Low,High,Low,No
3963,3963,3964,H33377,H,302.3,311.5,1526,38.2,47,0,0,0,0,0,0,9.199999999999989,0,Medium,Medium,Low,No
3964,3964,3965,M18824,M,302.3,311.6,1668,33.2,52,0,0,0,0,0,0,9.300000000000011,0,Medium,High,Low,No
3965,3965,3966,L51145,L,302.3,311.5,1507,37.5,55,0,0,0,0,0,0,9.199999999999989,0,Medium,Medium,Low,No
3966,3966,3967,L51146,L,302.3,311.5,1530,37.8,57,0,0,0,0,0,0,9.199999999999989,0,Medium,Medium,Low,No
3967,3967,3968,M18827,M,302.3,311.4,1479,45.6,59,0,0,0,0,0,0,9.099999999999966,0,High,Medium,Low,No
3968,3968,3969,M18828,M,302.3,311.4,1418,41.3,62,0,0,0,0,0,0,9.099999999999966,0,Medium,Medium,Low,No
3969,3969,3970,L51149,L,302.3,311.4,1504,38.7,65,0,0,0,0,0,0,9.099999999999966,0,Medium,Medium,Low,No
3970,3970,3971,M18830,M,302.3,311.4,1345,47.6,67,0,0,0,0,0,0,9.099999999999966,0,High,Medium,Low,No
3971,3971,3972,H33385,H,302.2,311.4,1625,35.4,70,0,0,0,0,0,0,9.199999999999989,0,Medium,Medium,Low,No
3972,3972,3973,L51152,L,302.3,311.4,1511,34.7,75,0,0,0,0,0,0,9.099999999999966,0,Medium,Medium,Low,No
3973,3973,3974,L51153,L,302.3,311.4,1535,41.8,77,0,0,0,0,0,0,9.099999999999966,0,Medium,Medium,Low,No
3974,3974,3975,L51154,L,302.4,311.5,1505,37.9,79,0,0,0,0,0,0,9.100000000000023,0,Medium,Medium,Low,No
3975,3975,3976,H33389,H,302.4,311.5,1540,43.7,81,0,0,0,0,0,0,9.100000000000023,0,Medium,Medium,Medium,No
3976,3976,3977,H33390,H,302.3,311.4,1372,46.0,86,0,0,0,0,0,0,9.099999999999966,0,High,Medium,Medium,No
3977,3977,3978,M18837,M,302.2,311.3,1510,36.6,91,0,0,0,0,0,0,9.100000000000023,0,Medium,Medium,Medium,No
3978,3978,3979,L51158,L,302.2,311.3,1382,46.4,94,0,0,0,0,0,0,9.100000000000023,0,High,Medium,Medium,No
3979,3979,3980,L51159,L,302.3,311.3,1439,41.8,96,0,0,0,0,0,0,9.0,0,Medium,Medium,Medium,No
3980,3980,3981,M18840,M,302.2,311.3,1375,47.0,98,0,0,0,0,0,0,9.100000000000023,0,High,Medium,Medium,No
3981,3981,3982,M18841,M,302.2,311.3,1931,21.9,101,0,0,0,0,0,0,9.100000000000023,0,Low,High,Medium,No
3982,3982,3983,L51162,L,302.2,311.3,1475,48.6,104,0,0,0,0,0,0,9.100000000000023,0,High,Medium,Medium,No
3983,3983,3984,L51163,L,302.2,311.3,1389,46.9,106,0,0,0,0,0,0,9.100000000000023,0,High,Medium,Medium,No
3984,3984,3985,L51164,L,302.3,311.3,1652,32.8,108,0,0,0,0,0,0,9.0,0,Medium,High,Medium,No
3985,3985,3986,L51165,L,302.3,311.2,1386,50.3,110,0,0,0,0,0,0,8.899999999999977,0,High,Medium,Medium,No
3986,3986,3987,M18846,M,302.2,311.3,1577,29.8,112,0,0,0,0,0,0,9.100000000000023,0,Medium,Medium,Medium,No
3987,3987,3988,M18847,M,302.3,311.3,1444,43.1,115,0,0,0,0,0,0,9.0,0,Medium,Medium,Medium,No
3988,3988,3989,L51168,L,302.2,311.3,1554,40.2,118,0,0,0,0,0,0,9.100000000000023,0,Medium,Medium,Medium,No
3989,3989,3990,L51169,L,302.2,311.3,1602,32.8,120,0,0,0,0,0,0,9.100000000000023,0,Medium,Medium,Medium,No
3990,3990,3991,H33404,H,302.2,311.2,1692,28.2,122,0,0,0,0,0,0,9.0,0,Medium,High,Medium,No
3991,3991,3992,L51171,L,302.3,311.3,1682,34.4,127,0,0,0,0,0,0,9.0,0,Medium,High,Medium,No
3992,3992,3993,L51172,L,302.3,311.3,1614,34.1,129,0,0,0,0,0,0,9.0,0,Medium,Medium,Medium,No
3993,3993,3994,L51173,L,302.3,311.3,1324,47.8,131,0,0,0,0,0,0,9.0,0,High,Medium,High,No
3994,3994,3995,L51174,L,302.3,311.4,1434,40.3,133,0,0,0,0,0,0,9.099999999999966,0,Medium,Medium,High,No
3995,3995,3996,L51175,L,302.3,311.3,1621,31.6,135,0,0,0,0,0,0,9.0,0,Medium,Medium,High,No
3996,3996,3997,M18856,M,302.3,311.3,1625,33.1,137,0,0,0,0,0,0,9.0,0,Medium,Medium,High,No
3997,3997,3998,L51177,L,302.2,311.1,1394,53.7,140,0,0,0,0,0,0,8.900000000000034,0,High,Medium,High,No
3998,3998,3999,L51178,L,302.1,311.0,1586,35.1,142,0,0,0,0,0,0,8.899999999999977,0,Medium,Medium,High,No
3999,3999,4000,L51179,L,302.0,311.0,1420,45.9,144,0,0,0,0,0,0,9.0,0,High,Medium,High,No
4000,4000,4001,L51180,L,302.1,311.2,1422,50.3,146,0,0,0,0,0,0,9.099999999999966,0,High,Medium,High,No
4001,4001,4002,H33415,H,302.1,311.2,1598,37.9,148,0,0,0,0,0,0,9.099999999999966,0,Medium,Medium,High,No
4002,4002,4003,L51182,L,302.1,311.2,1454,59.2,153,1,0,0,1,0,0,9.099999999999966,1,High,Medium,High,No
4003,4003,4004,L51183,L,302.1,311.2,1519,39.3,155,0,0,0,0,0,0,9.099999999999966,0,Medium,Medium,High,No
4004,4004,4005,L51184,L,302.0,311.1,1373,55.7,157,0,0,0,0,0,0,9.100000000000023,0,High,Medium,High,No
4005,4005,4006,M18865,M,302.0,311.1,1406,48.8,159,0,0,0,0,0,0,9.100000000000023,0,High,Medium,High,No
4006,4006,4007,L51186,L,302.1,311.2,1492,45.0,162,0,0,0,0,0,0,9.099999999999966,0,Medium,Medium,High,No
4007,4007,4008,L51187,L,302.1,311.2,1369,50.8,164,0,0,0,0,0,0,9.099999999999966,0,High,Medium,High,No
4008,4008,4009,M18868,M,302.2,311.2,1471,41.9,166,0,0,0,0,0,0,9.0,0,Medium,Medium,High,No
4009,4009,4010,L51189,L,302.2,311.2,1630,36.0,169,0,0,0,0,0,0,9.0,0,Medium,Medium,High,No
4010,4010,4011,M18870,M,302.1,311.1,1605,37.6,171,0,0,0,0,0,0,9.0,0,Medium,Medium,High,No
4011,4011,4012,L51191,L,302.2,311.1,1447,52.1,174,0,0,0,0,0,0,8.900000000000034,0,High,Medium,High,No
4012,4012,4013,M18872,M,302.2,311.2,1360,52.8,176,0,0,0,0,0,0,9.0,0,High,Medium,High,No
4013,4013,4014,M18873,M,302.2,311.1,1728,34.0,179,0,0,0,0,0,0,8.900000000000034,0,Medium,High,High,No
4014,4014,4015,L51194,L,302.1,311.0,1740,30.8,182,0,0,0,0,0,0,8.899999999999977,0,Medium,High,High,No
4015,4015,4016,L51195,L,302.1,310.9,1477,41.4,184,0,0,0,0,0,0,8.799999999999955,0,Medium,Medium,High,No
4016,4016,4017,L51196,L,302.1,310.9,1658,30.3,186,0,0,0,0,0,0,8.799999999999955,0,Medium,High,High,No
4017,4017,4018,L51197,L,302.0,310.8,1902,23.4,188,0,0,0,0,0,0,8.800000000000011,0,Low,High,High,No
4018,4018,4019,M18878,M,302.0,310.8,1783,23.1,190,0,0,0,0,0,0,8.800000000000011,0,Low,High,High,No
4019,4019,4020,M18879,M,302.0,310.9,1558,45.3,193,0,0,0,0,0,0,8.899999999999977,0,High,Medium,High,No
4020,4020,4021,L51200,L,302.1,311.0,1351,49.5,196,0,0,0,0,0,0,8.899999999999977,0,High,Medium,High,No
4021,4021,4022,H33435,H,302.1,310.9,1452,42.5,198,0,0,0,0,0,0,8.799999999999955,0,Medium,Medium,High,No
4022,4022,4023,L51202,L,302.1,310.9,1666,30.7,203,0,0,0,0,0,0,8.799999999999955,0,Medium,High,High,No
4023,4023,4024,L51203,L,302.1,311.0,1364,50.0,205,0,0,0,0,0,0,8.899999999999977,0,High,Medium,High,No
4024,4024,4025,M18884,M,302.1,311.0,1351,60.3,207,1,0,0,0,1,0,8.899999999999977,1,High,Medium,High,No
4025,4025,4026,H33439,H,302.1,311.0,1729,26.1,210,0,0,0,0,0,0,8.899999999999977,0,Medium,High,High,No
4026,4026,4027,M18886,M,302.1,311.0,1574,34.1,215,0,0,0,0,0,0,8.899999999999977,0,Medium,Medium,High,No
4027,4027,4028,L51207,L,302.0,311.0,1566,37.8,218,0,0,0,0,0,0,9.0,0,Medium,Medium,High,No
4028,4028,4029,L51208,L,302.0,310.9,1455,43.2,220,0,0,0,0,0,0,8.899999999999977,0,Medium,Medium,High,No
4029,4029,4030,H33443,H,302.0,310.9,1679,29.0,222,0,0,0,0,0,0,8.899999999999977,0,Medium,High,High,No
4030,4030,4031,L51210,L,302.0,310.8,2143,17.3,227,0,0,0,0,0,0,8.800000000000011,0,Low,High,High,No
4031,4031,4032,L51211,L,302.0,310.8,1447,42.7,229,0,0,0,0,0,0,8.800000000000011,0,Medium,Medium,High,No
4032,4032,4033,L51212,L,302.0,310.8,1383,50.3,231,1,0,0,0,1,0,8.800000000000011,1,High,Medium,High,No
4033,4033,4034,L51213,L,302.1,310.8,1772,27.1,233,0,0,0,0,0,0,8.699999999999989,0,Medium,High,High,No
4034,4034,4035,L51214,L,302.0,310.8,1615,29.0,235,1,1,0,0,0,0,8.800000000000011,1,Medium,Medium,High,No
4035,4035,4036,L51215,L,302.0,310.8,1454,36.6,0,0,0,0,0,0,0,8.800000000000011,0,Medium,Medium,Low,No
4036,4036,4037,L51216,L,302.0,310.8,1445,49.1,2,0,0,0,0,0,0,8.800000000000011,0,High,Medium,Low,No
4037,4037,4038,M18897,M,302.0,310.8,1609,35.2,4,0,0,0,0,0,0,8.800000000000011,0,Medium,Medium,Low,No
4038,4038,4039,L51218,L,302.0,310.9,1546,34.4,7,0,0,0,0,0,0,8.899999999999977,0,Medium,Medium,Low,No
4039,4039,4040,L51219,L,301.9,310.8,1567,39.3,9,0,0,0,0,0,0,8.900000000000034,0,Medium,Medium,Low,No
4040,4040,4041,L51220,L,302.0,310.8,1767,27.4,11,0,0,0,0,0,0,8.800000000000011,0,Medium,High,Low,No
4041,4041,4042,L51221,L,302.0,310.9,1539,34.2,13,0,0,0,0,0,0,8.899999999999977,0,Medium,Medium,Low,No
4042,4042,4043,L51222,L,302.0,310.9,1564,39.0,15,0,0,0,0,0,0,8.899999999999977,0,Medium,Medium,Low,No
4043,4043,4044,M18903,M,302.0,310.8,1445,46.3,17,0,0,0,0,0,0,8.800000000000011,0,High,Medium,Low,No
4044,4044,4045,M18904,M,301.9,310.9,1419,47.7,20,1,0,0,0,0,0,9.0,0,High,Medium,Low,No
4045,4045,4046,M18905,M,301.8,310.9,1881,20.9,23,0,0,0,0,0,0,9.099999999999966,0,Low,High,Low,No
4046,4046,4047,M18906,M,301.9,310.9,1421,46.2,26,0,0,0,0,0,0,9.0,0,High,Medium,Low,No
4047,4047,4048,L51227,L,301.9,311.0,1455,46.0,29,0,0,0,0,0,0,9.100000000000023,0,High,Medium,Low,No
4048,4048,4049,L51228,L,301.9,311.0,2691,12.1,31,1,0,0,1,0,0,9.100000000000023,1,Low,High,Low,No
4049,4049,4050,L51229,L,301.8,310.8,1505,41.2,33,0,0,0,0,0,0,9.0,0,Medium,Medium,Low,No
4050,4050,4051,L51230,L,301.8,310.8,1456,46.6,35,0,0,0,0,0,0,9.0,0,High,Medium,Low,No
4051,4051,4052,L51231,L,301.8,310.8,1383,46.4,37,0,0,0,0,0,0,9.0,0,High,Medium,Low,No
4052,4052,4053,M18912,M,301.9,310.8,1563,39.2,39,0,0,0,0,0,0,8.900000000000034,0,Medium,Medium,Low,No
4053,4053,4054,M18913,M,301.9,310.9,2305,16.1,42,0,0,0,0,0,0,9.0,0,Low,High,Low,No
4054,4054,4055,M18914,M,301.9,310.9,1456,43.6,45,0,0,0,0,0,0,9.0,0,Medium,Medium,Low,No
4055,4055,4056,L51235,L,302.0,311.0,1865,22.7,48,0,0,0,0,0,0,9.0,0,Low,High,Low,No
4056,4056,4057,L51236,L,301.9,310.9,1597,36.9,50,0,0,0,0,0,0,9.0,0,Medium,Medium,Low,No
4057,4057,4058,L51237,L,302.0,310.9,1495,38.6,52,0,0,0,0,0,0,8.899999999999977,0,Medium,Medium,Low,No
4058,4058,4059,M18918,M,302.0,310.9,1456,47.2,54,0,0,0,0,0,0,8.899999999999977,0,High,Medium,Low,No
4059,4059,4060,L51239,L,301.9,310.8,1465,44.3,57,0,0,0,0,0,0,8.900000000000034,0,Medium,Medium,Low,No
4060,4060,4061,M18920,M,302.0,310.9,1352,55.5,59,0,0,0,0,0,0,8.899999999999977,0,High,Medium,Low,No
4061,4061,4062,L51241,L,301.9,310.8,1906,21.7,62,0,0,0,0,0,0,8.900000000000034,0,Low,High,Low,No
4062,4062,4063,L51242,L,302.0,310.9,1446,44.0,64,0,0,0,0,0,0,8.899999999999977,0,Medium,Medium,Low,No
4063,4063,4064,L51243,L,302.0,310.8,1948,19.7,66,0,0,0,0,0,0,8.800000000000011,0,Low,High,Low,No
4064,4064,4065,L51244,L,301.9,310.7,1480,47.1,68,0,0,0,0,0,0,8.800000000000011,0,High,Medium,Low,No
4065,4065,4066,M18925,M,301.9,310.7,1511,37.6,70,0,0,0,0,0,0,8.800000000000011,0,Medium,Medium,Low,No
4066,4066,4067,M18926,M,301.9,310.7,1472,47.0,73,0,0,0,0,0,0,8.800000000000011,0,High,Medium,Low,No
4067,4067,4068,L51247,L,301.9,310.7,1429,51.0,76,0,0,0,0,0,0,8.800000000000011,0,High,Medium,Low,No
4068,4068,4069,L51248,L,301.9,310.7,1405,48.8,78,0,0,0,0,0,0,8.800000000000011,0,High,Medium,Low,No
4069,4069,4070,M18929,M,301.9,310.7,1405,47.9,80,0,0,0,0,0,0,8.800000000000011,0,High,Medium,Low,No
4070,4070,4071,L51250,L,302.0,310.7,1348,58.1,83,0,0,0,0,0,0,8.699999999999989,0,High,Medium,Medium,No
4071,4071,4072,L51251,L,301.9,310.6,1331,68.6,85,1,0,0,1,0,0,8.700000000000045,1,High,Medium,Medium,No
4072,4072,4073,L51252,L,301.9,310.6,1610,33.4,87,0,0,0,0,0,0,8.700000000000045,0,Medium,Medium,Medium,No
4073,4073,4074,M18933,M,301.9,310.6,1412,46.5,89,0,0,0,0,0,0,8.700000000000045,0,High,Medium,Medium,No
4074,4074,4075,L51254,L,302.0,310.7,1453,42.7,92,0,0,0,0,0,0,8.699999999999989,0,Medium,Medium,Medium,No
4075,4075,4076,L51255,L,302.0,310.6,1583,38.9,94,0,0,0,0,0,0,8.600000000000023,0,Medium,Medium,Medium,No
4076,4076,4077,M18936,M,302.0,310.6,1539,37.4,96,0,0,0,0,0,0,8.600000000000023,0,Medium,Medium,Medium,No
4077,4077,4078,L51257,L,302.0,310.5,1635,39.8,99,0,0,0,0,0,0,8.5,0,Medium,Medium,Medium,No
4078,4078,4079,H33492,H,302.1,310.7,1294,62.4,101,1,0,1,0,0,0,8.599999999999966,1,High,Medium,Medium,No
4079,4079,4080,L51259,L,302.0,310.5,1978,22.0,106,0,0,0,0,0,0,8.5,0,Low,High,Medium,No
4080,4080,4081,L51260,L,302.0,310.4,1357,58.0,108,1,0,1,0,0,0,8.399999999999977,1,High,Medium,Medium,No
4081,4081,4082,L51261,L,302.0,310.4,1336,58.2,110,1,0,1,0,0,0,8.399999999999977,1,High,Medium,Medium,No
4082,4082,4083,L51262,L,302.0,310.4,1568,39.2,112,0,0,0,0,0,0,8.399999999999977,0,Medium,Medium,Medium,No
4083,4083,4084,M18943,M,302.0,310.4,1567,36.4,114,0,0,0,0,0,0,8.399999999999977,0,Medium,Medium,Medium,No
4084,4084,4085,L51264,L,302.0,310.4,1611,35.6,117,0,0,0,0,0,0,8.399999999999977,0,Medium,Medium,Medium,No
4085,4085,4086,H33499,H,302.0,310.5,1841,23.6,119,0,0,0,0,0,0,8.5,0,Low,High,Medium,No
4086,4086,4087,L51266,L,302.0,310.5,1567,36.1,124,0,0,0,0,0,0,8.5,0,Medium,Medium,Medium,No
4087,4087,4088,L51267,L,301.9,310.4,1376,54.9,126,1,0,1,0,0,0,8.5,1,High,Medium,Medium,No
4088,4088,4089,L51268,L,301.9,310.5,1477,42.4,128,0,0,0,0,0,0,8.600000000000023,0,Medium,Medium,Medium,No
4089,4089,4090,M18949,M,301.9,310.5,1590,40.3,130,0,0,0,0,0,0,8.600000000000023,0,Medium,Medium,Medium,No
4090,4090,4091,L51270,L,302.0,310.5,2197,15.8,133,0,0,0,0,0,0,8.5,0,Low,High,High,No
4091,4091,4092,M18951,M,302.0,310.4,1595,32.9,135,0,0,0,0,0,0,8.399999999999977,0,Medium,Medium,High,No
4092,4092,4093,H33506,H,302.0,310.5,1812,24.4,138,0,0,0,0,0,0,8.5,0,Low,High,High,No
4093,4093,4094,M18953,M,302.0,310.5,1573,32.1,143,0,0,0,0,0,0,8.5,0,Medium,Medium,High,No
4094,4094,4095,L51274,L,302.0,310.5,1651,30.9,146,0,0,0,0,0,0,8.5,0,Medium,High,High,No
4095,4095,4096,H33509,H,302.0,310.5,1459,43.2,148,0,0,0,0,0,0,8.5,0,Medium,Medium,High,No
4096,4096,4097,L51276,L,301.9,310.4,1370,51.7,153,1,0,1,0,0,0,8.5,1,High,Medium,High,No
4097,4097,4098,L51277,L,301.9,310.4,1518,34.1,155,0,0,0,0,0,0,8.5,0,Medium,Medium,High,No
4098,4098,4099,L51278,L,302.0,310.3,1648,29.6,157,0,0,0,0,0,0,8.300000000000011,0,Medium,Medium,High,No
4099,4099,4100,L51279,L,302.0,310.4,1464,47.2,159,0,0,0,0,0,0,8.399999999999977,0,High,Medium,High,No
4100,4100,4101,L51280,L,302.0,310.4,1895,23.2,161,0,0,0,0,0,0,8.399999999999977,0,Low,High,High,No
4101,4101,4102,L51281,L,301.9,310.4,1884,23.4,163,0,0,0,0,0,0,8.5,0,Low,High,High,No
4102,4102,4103,L51282,L,302.0,310.4,1450,46.6,165,0,0,0,0,0,0,8.399999999999977,0,High,Medium,High,No
4103,4103,4104,L51283,L,302.0,310.4,1448,43.4,167,0,0,0,0,0,0,8.399999999999977,0,Medium,Medium,High,No
4104,4104,4105,L51284,L,302.1,310.5,1389,49.6,169,0,0,0,0,0,0,8.399999999999977,0,High,Medium,High,No
4105,4105,4106,L51285,L,302.0,310.6,1583,35.2,171,0,0,0,0,0,0,8.600000000000023,0,Medium,Medium,High,No
4106,4106,4107,L51286,L,301.9,310.5,1425,51.1,173,0,0,0,0,0,0,8.600000000000023,0,High,Medium,High,No
4107,4107,4108,L51287,L,302.0,310.5,1809,27.1,175,0,0,0,0,0,0,8.5,0,Medium,High,High,No
4108,4108,4109,L51288,L,301.9,310.5,1892,21.8,177,0,0,0,0,0,0,8.600000000000023,0,Low,High,High,No
4109,4109,4110,M18969,M,301.9,310.6,1475,47.8,179,0,0,0,0,0,0,8.700000000000045,0,High,Medium,High,No
4110,4110,4111,L51290,L,302.0,310.6,1361,46.7,182,0,0,0,0,0,0,8.600000000000023,0,High,Medium,High,No
4111,4111,4112,M18971,M,302.0,310.6,1563,41.0,184,0,0,0,0,0,0,8.600000000000023,0,Medium,Medium,High,No
4112,4112,4113,H33526,H,301.9,310.5,1472,39.7,187,0,0,0,0,0,0,8.600000000000023,0,Medium,Medium,High,No
4113,4113,4114,L51293,L,302.0,310.6,1325,55.3,192,0,0,0,0,0,0,8.600000000000023,0,High,Medium,High,No
4114,4114,4115,L51294,L,302.0,310.6,1358,53.1,194,0,0,0,0,0,0,8.600000000000023,0,High,Medium,High,No
4115,4115,4116,H33529,H,302.0,310.6,1346,54.7,196,0,0,0,0,0,0,8.600000000000023,0,High,Medium,High,No
4116,4116,4117,M18976,M,302.0,310.5,1381,58.4,201,0,0,0,0,0,0,8.5,0,High,Medium,High,No
4117,4117,4118,L51297,L,301.9,310.5,1340,55.7,204,1,0,0,0,1,0,8.600000000000023,1,High,Medium,High,No
4118,4118,4119,L51298,L,302.0,310.6,1366,47.7,206,0,0,0,0,0,0,8.600000000000023,0,High,Medium,High,No
4119,4119,4120,L51299,L,302.1,310.7,1325,45.1,208,1,0,1,0,0,0,8.599999999999966,1,High,Medium,High,No
4120,4120,4121,M18980,M,302.1,310.7,1376,46.3,210,1,0,1,0,0,0,8.599999999999966,1,High,Medium,High,No
4121,4121,4122,M18981,M,302.1,310.7,1364,47.8,213,1,0,1,0,0,0,8.599999999999966,1,High,Medium,High,No
4122,4122,4123,L51302,L,302.2,310.6,1462,43.6,0,0,0,0,0,0,0,8.400000000000034,0,Medium,Medium,Low,No
4123,4123,4124,M18983,M,302.1,310.6,1517,38.9,2,0,0,0,0,0,0,8.5,0,Medium,Medium,Low,No
4124,4124,4125,L51304,L,302.1,310.6,1385,53.6,5,0,0,0,0,0,0,8.5,0,High,Medium,Low,No
4125,4125,4126,L51305,L,302.1,310.6,1439,40.0,7,0,0,0,0,0,0,8.5,0,Medium,Medium,Low,No
4126,4126,4127,M18986,M,302.0,310.6,1623,34.3,9,0,0,0,0,0,0,8.600000000000023,0,Medium,Medium,Low,No
4127,4127,4128,H33541,H,302.0,310.6,1438,43.2,12,0,0,0,0,0,0,8.600000000000023,0,Medium,Medium,Low,No
4128,4128,4129,L51308,L,301.9,310.4,1708,24.8,17,0,0,0,0,0,0,8.5,0,Low,High,Low,No
4129,4129,4130,M18989,M,301.8,310.3,1666,32.7,19,0,0,0,0,0,0,8.5,0,Medium,High,Low,No
4130,4130,4131,L51310,L,301.9,310.4,1286,62.8,22,1,0,1,0,0,0,8.5,1,High,Medium,Low,No
4131,4131,4132,L51311,L,301.9,310.3,1485,46.3,24,0,0,0,0,0,0,8.400000000000034,0,High,Medium,Low,No
4132,4132,4133,M18992,M,301.8,310.3,1409,52.5,26,0,0,0,0,0,0,8.5,0,High,Medium,Low,No
4133,4133,4134,L51313,L,301.8,310.3,1765,27.3,29,0,0,0,0,0,0,8.5,0,Medium,High,Low,No
4134,4134,4135,L51314,L,301.8,310.3,1688,28.8,31,0,0,0,0,0,0,8.5,0,Medium,High,Low,No
4135,4135,4136,M18995,M,301.7,310.3,1787,26.7,33,0,0,0,0,0,0,8.600000000000023,0,Medium,High,Low,No
4136,4136,4137,L51316,L,301.7,310.1,1487,48.0,36,0,0,0,0,0,0,8.400000000000034,0,High,Medium,Low,No
4137,4137,4138,L51317,L,301.7,310.1,1384,50.5,38,0,0,0,0,0,0,8.400000000000034,0,High,Medium,Low,No
4138,4138,4139,L51318,L,301.7,310.2,1311,57.4,40,1,0,1,0,0,0,8.5,1,High,Medium,Low,No
4139,4139,4140,H33553,H,301.7,310.2,1620,30.8,42,0,0,0,0,0,0,8.5,0,Medium,Medium,Low,No
4140,4140,4141,L51320,L,301.7,310.2,1331,61.2,47,1,0,1,0,0,0,8.5,1,High,Medium,Low,No
4141,4141,4142,H33555,H,301.7,310.1,1462,38.3,49,0,0,0,0,0,0,8.400000000000034,0,Medium,Medium,Low,No
4142,4142,4143,L51322,L,301.7,310.1,1424,50.2,54,0,0,0,0,0,0,8.400000000000034,0,High,Medium,Low,No
4143,4143,4144,L51323,L,301.7,310.1,1500,39.6,56,0,0,0,0,0,0,8.400000000000034,0,Medium,Medium,Low,No
4144,4144,4145,L51324,L,301.8,310.1,1738,28.0,58,0,0,0,0,0,0,8.300000000000011,0,Medium,High,Low,No
4145,4145,4146,M19005,M,301.8,310.3,1465,46.5,60,0,0,0,0,0,0,8.5,0,High,Medium,Low,No
4146,4146,4147,L51326,L,301.8,310.3,1482,41.4,63,0,0,0,0,0,0,8.5,0,Medium,Medium,Low,No
4147,4147,4148,L51327,L,301.9,310.3,1398,44.0,65,0,0,0,0,0,0,8.400000000000034,0,Medium,Medium,Low,No
4148,4148,4149,L51328,L,301.9,310.3,1972,21.3,67,0,0,0,0,0,0,8.400000000000034,0,Low,High,Low,No
4149,4149,4150,L51329,L,301.9,310.4,1603,37.6,69,0,0,0,0,0,0,8.5,0,Medium,Medium,Low,No
4150,4150,4151,L51330,L,301.9,310.4,1610,34.8,71,0,0,0,0,0,0,8.5,0,Medium,Medium,Low,No
4151,4151,4152,M19011,M,301.9,310.4,1373,48.0,73,1,0,1,0,0,0,8.5,1,High,Medium,Low,No
4152,4152,4153,M19012,M,302.0,310.5,1425,44.7,76,0,0,0,0,0,0,8.5,0,Medium,Medium,Low,No
4153,4153,4154,M19013,M,302.0,310.4,1212,55.6,79,1,0,1,0,0,0,8.399999999999977,1,High,Low,Low,No
4154,4154,4155,M19014,M,302.0,310.4,1828,26.3,82,0,0,0,0,0,0,8.399999999999977,0,Medium,High,Medium,No
4155,4155,4156,L51335,L,302.0,310.5,1370,44.4,85,1,0,1,0,0,0,8.5,1,Medium,Medium,Medium,No
4156,4156,4157,M19016,M,302.0,310.5,1823,25.1,87,0,0,0,0,0,0,8.5,0,High,High,Medium,No
4157,4157,4158,L51337,L,302.0,310.5,1263,60.6,90,1,0,1,0,0,0,8.5,1,High,Medium,Medium,No
4158,4158,4159,L51338,L,301.9,310.4,1889,21.5,92,0,0,0,0,0,0,8.5,0,Low,High,Medium,No
4159,4159,4160,M19019,M,302.0,310.5,1639,32.9,94,0,0,0,0,0,0,8.5,0,Medium,Medium,Medium,No
4160,4160,4161,M19020,M,302.0,310.4,1608,33.1,97,0,0,0,0,0,0,8.399999999999977,0,Medium,Medium,Medium,No
4161,4161,4162,H33575,H,301.9,310.3,1653,32.4,100,0,0,0,0,0,0,8.400000000000034,0,Medium,High,Medium,No
4162,4162,4163,L51342,L,302.0,310.4,1591,29.8,105,0,0,0,0,0,0,8.399999999999977,0,Medium,Medium,Medium,No
4163,4163,4164,L51343,L,302.1,310.5,1696,30.9,107,0,0,0,0,0,0,8.399999999999977,0,Medium,High,Medium,No
4164,4164,4165,L51344,L,302.2,310.6,1346,47.5,109,1,0,1,0,0,0,8.400000000000034,1,High,Medium,Medium,No
4165,4165,4166,M19025,M,302.2,310.5,1507,40.4,111,0,0,0,0,0,0,8.300000000000011,0,Medium,Medium,Medium,No
4166,4166,4167,H33580,H,302.3,310.6,1525,48.7,114,0,0,0,0,0,0,8.300000000000011,0,High,Medium,Medium,No
4167,4167,4168,M19027,M,302.3,310.7,1559,33.9,119,0,0,0,0,0,0,8.399999999999977,0,Medium,Medium,Medium,No
4168,4168,4169,L51348,L,302.2,310.6,1632,30.5,122,0,0,0,0,0,0,8.400000000000034,0,Medium,Medium,Medium,No
4169,4169,4170,L51349,L,302.1,310.5,1559,36.0,124,0,0,0,0,0,0,8.399999999999977,0,Medium,Medium,Medium,No
4170,4170,4171,M19030,M,302.2,310.6,1355,51.5,126,1,0,1,0,0,0,8.400000000000034,1,High,Medium,Medium,No
4171,4171,4172,M19031,M,302.2,310.5,1832,23.7,129,0,0,0,0,0,0,8.300000000000011,0,Low,High,Medium,No
4172,4172,4173,L51352,L,302.2,310.6,1386,50.0,132,0,0,0,0,0,0,8.400000000000034,0,High,Medium,High,No
4173,4173,4174,M19033,M,302.2,310.6,1346,49.2,134,1,0,1,0,0,0,8.400000000000034,1,High,Medium,High,No
4174,4174,4175,L51354,L,302.3,310.7,1499,37.8,137,0,0,0,0,0,0,8.399999999999977,0,Medium,Medium,High,No
4175,4175,4176,L51355,L,302.3,310.7,1612,33.4,139,0,0,0,0,0,0,8.399999999999977,0,Medium,Medium,High,No
4176,4176,4177,M19036,M,302.3,310.7,1544,39.7,141,0,0,0,0,0,0,8.399999999999977,0,Medium,Medium,High,No
4177,4177,4178,L51357,L,302.5,310.9,1477,39.2,144,0,0,0,0,0,0,8.399999999999977,0,Medium,Medium,High,No
4178,4178,4179,L51358,L,302.5,310.9,1624,34.4,146,0,0,0,0,0,0,8.399999999999977,0,Medium,Medium,High,No
4179,4179,4180,L51359,L,302.4,310.9,1349,46.1,148,1,0,1,0,0,0,8.5,1,High,Medium,High,No
4180,4180,4181,L51360,L,302.4,310.8,1686,28.8,150,0,0,0,0,0,0,8.400000000000034,0,Medium,High,High,No
4181,4181,4182,M19041,M,302.4,310.7,1521,40.4,152,0,0,0,0,0,0,8.300000000000011,0,Medium,Medium,High,No
4182,4182,4183,L51362,L,302.4,310.7,1362,54.8,155,1,0,1,0,0,0,8.300000000000011,1,High,Medium,High,No
4183,4183,4184,L51363,L,302.3,310.7,1402,50.9,157,0,0,0,0,0,0,8.399999999999977,0,High,Medium,High,No
4184,4184,4185,L51364,L,302.2,310.6,1334,53.2,159,1,0,1,0,0,0,8.400000000000034,1,High,Medium,High,No
4185,4185,4186,L51365,L,302.2,310.6,1348,48.4,161,1,0,1,0,0,0,8.400000000000034,1,High,Medium,High,No
4186,4186,4187,M19046,M,302.2,310.6,1570,34.6,163,0,0,0,0,0,0,8.400000000000034,0,Medium,Medium,High,No
4187,4187,4188,M19047,M,302.2,310.7,1601,33.0,166,0,0,0,0,0,0,8.5,0,Medium,Medium,High,No
4188,4188,4189,M19048,M,302.3,310.8,1611,31.8,169,0,0,0,0,0,0,8.5,0,Medium,Medium,High,No
4189,4189,4190,L51369,L,302.4,310.9,1560,31.8,172,0,0,0,0,0,0,8.5,0,Medium,Medium,High,No
4190,4190,4191,H33604,H,302.4,310.9,1444,40.7,174,0,0,0,0,0,0,8.5,0,Medium,Medium,High,No
4191,4191,4192,L51371,L,302.4,311.0,1317,59.4,179,0,0,0,0,0,0,8.600000000000023,0,High,Medium,High,No
4192,4192,4193,M19052,M,302.5,311.0,1463,43.1,181,0,0,0,0,0,0,8.5,0,Medium,Medium,High,No
4193,4193,4194,L51373,L,302.4,311.1,1634,34.2,184,0,0,0,0,0,0,8.700000000000045,0,Medium,Medium,High,No
4194,4194,4195,L51374,L,302.4,311.0,1423,46.2,186,0,0,0,0,0,0,8.600000000000023,0,High,Medium,High,No
4195,4195,4196,L51375,L,302.5,311.0,1548,38.4,188,0,0,0,0,0,0,8.5,0,Medium,Medium,High,No
4196,4196,4197,M19056,M,302.5,311.0,1563,35.6,190,0,0,0,0,0,0,8.5,0,Medium,Medium,High,No
4197,4197,4198,L51377,L,302.4,311.0,1573,36.5,193,0,0,0,0,0,0,8.600000000000023,0,Medium,Medium,High,No
4198,4198,4199,M19058,M,302.4,311.1,1432,44.5,195,0,0,0,0,0,0,8.700000000000045,0,Medium,Medium,High,No
4199,4199,4200,M19059,M,302.5,311.1,1638,32.0,198,0,0,0,0,0,0,8.600000000000023,0,Medium,Medium,High,No
4200,4200,4201,L51380,L,302.5,311.1,1571,34.2,201,0,0,0,0,0,0,8.600000000000023,0,Medium,Medium,High,No
4201,4201,4202,L51381,L,302.4,311.0,2211,15.4,203,0,0,0,0,0,0,8.600000000000023,0,Low,High,High,No
4202,4202,4203,L51382,L,302.4,311.0,1555,40.6,205,0,0,0,0,0,0,8.600000000000023,0,Medium,Medium,High,No
4203,4203,4204,M19063,M,302.3,310.9,1558,31.9,207,0,0,0,0,0,0,8.599999999999966,0,Medium,Medium,High,No
4204,4204,4205,M19064,M,302.3,310.9,1523,43.2,210,0,0,0,0,0,0,8.599999999999966,0,Medium,Medium,High,No
4205,4205,4206,L51385,L,302.3,310.8,1723,26.3,213,0,0,0,0,0,0,8.5,0,Medium,High,High,No
4206,4206,4207,M19066,M,302.3,310.8,1721,28.4,215,0,0,0,0,0,0,8.5,0,Medium,High,High,No
4207,4207,4208,M19067,M,302.3,310.9,1710,30.4,218,1,1,0,0,0,0,8.599999999999966,1,Medium,High,High,No
4208,4208,4209,M19068,M,302.3,310.9,1627,32.3,0,0,0,0,0,0,0,8.599999999999966,0,Medium,Medium,Low,No
4209,4209,4210,M19069,M,302.2,310.8,1422,47.0,3,0,0,0,0,0,0,8.600000000000023,0,High,Medium,Low,No
4210,4210,4211,L51390,L,302.1,310.8,1565,35.3,6,0,0,0,0,0,0,8.699999999999989,0,Medium,Medium,Low,No
4211,4211,4212,L51391,L,302.1,310.7,1314,52.8,8,1,0,1,0,0,0,8.599999999999966,1,High,Medium,Low,No
4212,4212,4213,M19072,M,302.0,310.6,1392,60.5,10,0,0,0,0,0,0,8.600000000000023,0,High,Medium,Low,No
4213,4213,4214,L51393,L,302.1,310.7,1465,40.7,13,0,0,0,0,0,0,8.599999999999966,0,Medium,Medium,Low,No
4214,4214,4215,L51394,L,301.9,310.6,1573,36.6,15,0,0,0,0,0,0,8.700000000000045,0,Medium,Medium,Low,No
4215,4215,4216,M19075,M,302.0,310.7,2157,17.8,17,0,0,0,0,0,0,8.699999999999989,0,Low,High,Low,No
4216,4216,4217,L51396,L,301.9,310.7,1370,50.3,20,0,0,0,0,0,0,8.800000000000011,0,High,Medium,Low,No
4217,4217,4218,L51397,L,301.9,310.6,1462,38.8,22,0,0,0,0,0,0,8.700000000000045,0,Medium,Medium,Low,No
4218,4218,4219,M19078,M,302.0,310.6,1479,40.5,24,0,0,0,0,0,0,8.600000000000023,0,Medium,Medium,Low,No
4219,4219,4220,L51399,L,301.9,310.7,1717,26.8,27,0,0,0,0,0,0,8.800000000000011,0,Medium,High,Low,No
4220,4220,4221,M19080,M,301.9,310.6,1260,65.9,29,0,0,0,0,0,0,8.700000000000045,0,High,Medium,Low,No
4221,4221,4222,L51401,L,301.9,310.6,1467,39.3,32,0,0,0,0,0,0,8.700000000000045,0,Medium,Medium,Low,No
4222,4222,4223,M19082,M,302.0,310.6,1535,38.6,34,0,0,0,0,0,0,8.600000000000023,0,Medium,Medium,Low,No
4223,4223,4224,L51403,L,302.0,310.7,1657,31.9,37,0,0,0,0,0,0,8.699999999999989,0,Medium,High,Low,No
4224,4224,4225,L51404,L,302.0,310.7,1698,28.1,39,0,0,0,0,0,0,8.699999999999989,0,Medium,High,Low,No
4225,4225,4226,L51405,L,302.1,310.7,1359,49.3,41,1,0,1,0,0,0,8.599999999999966,1,High,Medium,Low,No
4226,4226,4227,L51406,L,302.1,310.8,1596,37.1,43,0,0,0,0,0,0,8.699999999999989,0,Medium,Medium,Low,No
4227,4227,4228,L51407,L,302.2,310.8,1383,46.9,45,0,0,0,0,0,0,8.600000000000023,0,High,Medium,Low,No
4228,4228,4229,L51408,L,302.2,310.8,2203,16.6,47,0,0,0,0,0,0,8.600000000000023,0,Low,High,Low,No
4229,4229,4230,M19089,M,302.2,310.8,1408,46.8,49,0,0,0,0,0,0,8.600000000000023,0,High,Medium,Low,No
4230,4230,4231,L51410,L,302.2,310.8,1673,32.9,52,0,0,0,0,0,0,8.600000000000023,0,Medium,High,Low,No
4231,4231,4232,L51411,L,302.2,310.8,1340,47.8,54,0,0,0,0,0,0,8.600000000000023,0,High,Medium,Low,No
4232,4232,4233,L51412,L,302.2,310.9,1452,42.3,56,0,0,0,0,0,0,8.699999999999989,0,Medium,Medium,Low,No
4233,4233,4234,M19093,M,302.2,310.9,1302,53.4,58,0,0,0,0,0,0,8.699999999999989,0,High,Medium,Low,No
4234,4234,4235,H33648,H,302.2,310.9,1522,35.9,61,0,0,0,0,0,0,8.699999999999989,0,Medium,Medium,Low,No
4235,4235,4236,L51415,L,302.2,310.8,1438,41.4,66,0,0,0,0,0,0,8.600000000000023,0,Medium,Medium,Low,No
4236,4236,4237,L51416,L,302.2,310.9,1604,40.5,68,0,0,0,0,0,0,8.699999999999989,0,Medium,Medium,Low,No
4237,4237,4238,L51417,L,302.2,311.0,1832,23.2,70,0,0,0,0,0,0,8.800000000000011,0,Low,High,Low,No
4238,4238,4239,M19098,M,302.3,311.0,1521,34.8,72,0,0,0,0,0,0,8.699999999999989,0,Medium,Medium,Low,No
4239,4239,4240,L51419,L,302.3,311.0,1446,37.6,75,0,0,0,0,0,0,8.699999999999989,0,Medium,Medium,Low,No
4240,4240,4241,L51420,L,302.4,311.1,1905,20.9,77,0,0,0,0,0,0,8.700000000000045,0,Low,High,Low,No
4241,4241,4242,L51421,L,302.4,311.0,1475,47.9,79,0,0,0,0,0,0,8.600000000000023,0,High,Medium,Low,No
4242,4242,4243,L51422,L,302.4,311.0,1462,48.5,81,0,0,0,0,0,0,8.600000000000023,0,High,Medium,Medium,No
4243,4243,4244,M19103,M,302.4,310.9,1435,42.3,83,0,0,0,0,0,0,8.5,0,Medium,Medium,Medium,No
4244,4244,4245,L51424,L,302.4,310.9,1469,39.6,86,0,0,0,0,0,0,8.5,0,Medium,Medium,Medium,No
4245,4245,4246,M19105,M,302.6,311.1,1520,43.0,88,0,0,0,0,0,0,8.5,0,Medium,Medium,Medium,No
4246,4246,4247,L51426,L,302.6,311.0,1537,35.5,91,0,0,0,0,0,0,8.399999999999977,0,Medium,Medium,Medium,No
4247,4247,4248,L51427,L,302.6,311.0,1369,60.0,93,1,0,1,0,0,0,8.399999999999977,1,High,Medium,Medium,No
4248,4248,4249,L51428,L,302.6,311.0,1506,37.2,95,0,0,0,0,0,0,8.399999999999977,0,Medium,Medium,Medium,No
4249,4249,4250,L51429,L,302.5,310.9,1330,56.9,97,1,0,1,0,0,0,8.399999999999977,1,High,Medium,Medium,No
4250,4250,4251,L51430,L,302.6,311.0,1660,38.0,99,0,0,0,0,0,0,8.399999999999977,0,Medium,High,Medium,No
4251,4251,4252,H33665,H,302.5,310.9,1356,55.5,101,1,0,1,0,0,0,8.399999999999977,1,High,Medium,Medium,No
4252,4252,4253,H33666,H,302.6,311.0,1438,51.0,106,0,0,0,0,0,0,8.399999999999977,0,High,Medium,Medium,No
4253,4253,4254,M19113,M,302.6,311.0,1329,48.6,111,1,0,1,0,0,0,8.399999999999977,1,High,Medium,Medium,No
4254,4254,4255,L51434,L,302.6,311.0,1284,68.0,114,1,0,1,1,0,0,8.399999999999977,2,High,Medium,Medium,No
4255,4255,4256,M19115,M,302.5,311.0,1387,52.1,116,0,0,0,0,0,0,8.5,0,High,Medium,Medium,No
4256,4256,4257,M19116,M,302.6,311.0,1591,33.9,119,0,0,0,0,0,0,8.399999999999977,0,Medium,Medium,Medium,No
4257,4257,4258,M19117,M,302.6,311.0,1589,39.0,122,0,0,0,0,0,0,8.399999999999977,0,Medium,Medium,Medium,No
4258,4258,4259,M19118,M,302.7,311.1,1297,60.7,125,1,0,1,0,0,0,8.400000000000034,1,High,Medium,Medium,No
4259,4259,4260,L51439,L,302.7,311.2,1545,35.1,128,0,0,0,0,0,0,8.5,0,Medium,Medium,Medium,No
4260,4260,4261,H33674,H,302.7,311.1,1418,43.4,130,0,0,0,0,0,0,8.400000000000034,0,Medium,Medium,Medium,No
4261,4261,4262,L51441,L,302.7,311.1,1730,28.1,135,0,0,0,0,0,0,8.400000000000034,0,Medium,High,High,No
4262,4262,4263,L51442,L,302.6,311.0,2001,20.7,137,0,0,0,0,0,0,8.399999999999977,0,Low,High,High,No
4263,4263,4264,L51443,L,302.6,311.0,1620,36.2,139,0,0,0,0,0,0,8.399999999999977,0,Medium,Medium,High,No
4264,4264,4265,M19124,M,302.6,311.0,1542,39.7,141,0,0,0,0,0,0,8.399999999999977,0,Medium,Medium,High,No
4265,4265,4266,L51445,L,302.6,311.0,1424,38.0,144,0,0,0,0,0,0,8.399999999999977,0,Medium,Medium,High,No
4266,4266,4267,L51446,L,302.7,311.1,1440,39.5,146,0,0,0,0,0,0,8.400000000000034,0,Medium,Medium,High,No
4267,4267,4268,L51447,L,302.6,311.0,1520,42.8,148,0,0,0,0,0,0,8.399999999999977,0,Medium,Medium,High,No
4268,4268,4269,L51448,L,302.7,311.0,1694,29.8,150,0,0,0,0,0,0,8.300000000000011,0,Medium,High,High,No
4269,4269,4270,L51449,L,302.6,311.0,1610,39.2,152,0,0,0,0,0,0,8.399999999999977,0,Medium,Medium,High,No
4270,4270,4271,L51450,L,302.6,310.9,1331,52.0,154,1,0,1,0,0,0,8.299999999999955,1,High,Medium,High,No
4271,4271,4272,L51451,L,302.6,310.8,1470,41.2,156,0,0,0,0,0,0,8.199999999999989,0,Medium,Medium,High,No
4272,4272,4273,L51452,L,302.5,310.8,1577,36.9,158,0,0,0,0,0,0,8.300000000000011,0,Medium,Medium,High,No
4273,4273,4274,L51453,L,302.6,310.8,1486,36.4,160,0,0,0,0,0,0,8.199999999999989,0,Medium,Medium,High,No
4274,4274,4275,L51454,L,302.4,310.6,1445,40.3,162,0,0,0,0,0,0,8.200000000000045,0,Medium,Medium,High,No
4275,4275,4276,M19135,M,302.4,310.5,1500,36.7,164,0,0,0,0,0,0,8.100000000000023,0,Medium,Medium,High,No
4276,4276,4277,M19136,M,302.2,310.4,1456,47.5,167,0,0,0,0,0,0,8.199999999999989,0,High,Medium,High,No
4277,4277,4278,L51457,L,302.2,310.4,1743,28.1,170,0,0,0,0,0,0,8.199999999999989,0,Medium,High,High,No
4278,4278,4279,L51458,L,302.0,310.1,1409,50.4,172,0,0,0,0,0,0,8.100000000000023,0,High,Medium,High,No
4279,4279,4280,L51459,L,302.0,310.1,1361,45.4,174,1,0,1,0,0,0,8.100000000000023,1,High,Medium,High,No
4280,4280,4281,L51460,L,302.1,310.1,1753,28.9,176,0,0,0,0,0,0,8.0,0,Medium,High,High,No
4281,4281,4282,L51461,L,302.0,310.0,1832,22.9,178,0,0,0,0,0,0,8.0,0,Low,High,High,No
4282,4282,4283,L51462,L,301.9,309.9,1374,48.5,180,1,0,1,0,0,0,8.0,1,High,Medium,High,No
4283,4283,4284,M19143,M,301.8,309.9,1334,61.0,182,1,0,1,0,0,0,8.099999999999966,1,High,Medium,High,No
4284,4284,4285,L51464,L,301.8,310.0,1493,40.3,185,0,0,0,0,0,0,8.199999999999989,0,Medium,Medium,High,No
4285,4285,4286,L51465,L,301.7,309.9,1317,49.0,187,1,0,1,0,0,0,8.199999999999989,1,High,Medium,High,No
4286,4286,4287,M19146,M,301.7,309.9,1434,47.9,189,0,0,0,0,0,0,8.199999999999989,0,High,Medium,High,No
4287,4287,4288,M19147,M,301.7,309.9,1457,39.2,192,0,0,0,0,0,0,8.199999999999989,0,Medium,Medium,High,No
4288,4288,4289,M19148,M,301.7,310.0,1391,50.6,195,0,0,0,0,0,0,8.300000000000011,0,High,Medium,High,No
4289,4289,4290,M19149,M,301.8,310.0,1781,23.9,198,0,0,0,0,0,0,8.199999999999989,0,Low,High,High,No
4290,4290,4291,L51470,L,301.8,310.0,1642,32.6,201,0,0,0,0,0,0,8.199999999999989,0,Medium,Medium,High,No
4291,4291,4292,L51471,L,301.8,310.0,2032,19.0,203,0,0,0,0,0,0,8.199999999999989,0,Low,High,High,No
4292,4292,4293,M19152,M,301.8,310.1,2372,13.9,205,1,0,0,1,0,0,8.300000000000011,1,Low,High,High,No
4293,4293,4294,L51473,L,301.8,310.0,1393,44.9,208,0,0,0,0,0,0,8.199999999999989,0,Medium,Medium,High,No
4294,4294,4295,M19154,M,301.7,310.1,1743,27.3,210,0,0,0,0,0,0,8.400000000000034,0,Medium,High,High,No
4295,4295,4296,L51475,L,301.8,310.2,1457,40.4,213,0,0,0,0,0,0,8.399999999999977,0,Medium,Medium,High,No
4296,4296,4297,L51476,L,301.8,310.2,2825,5.8,215,1,0,0,1,0,0,8.399999999999977,1,Low,High,High,No
4297,4297,4298,M19157,M,301.8,310.2,1609,34.2,217,0,0,0,0,0,0,8.399999999999977,0,Medium,Medium,High,No
4298,4298,4299,M19158,M,301.8,310.2,1437,42.3,0,0,0,0,0,0,0,8.399999999999977,0,Medium,Medium,Low,No
4299,4299,4300,L51479,L,301.7,310.1,1402,50.1,3,0,0,0,0,0,0,8.400000000000034,0,High,Medium,Low,No
4300,4300,4301,M19160,M,301.7,310.1,1644,34.6,5,0,0,0,0,0,0,8.400000000000034,0,Medium,Medium,Low,No
4301,4301,4302,L51481,L,301.7,310.2,1471,51.1,8,0,0,0,0,0,0,8.5,0,High,Medium,Low,No
4302,4302,4303,L51482,L,301.7,310.1,2695,12.6,10,0,0,0,0,0,0,8.400000000000034,0,Low,High,Low,No
4303,4303,4304,L51483,L,301.7,310.2,1435,48.1,12,0,0,0,0,0,0,8.5,0,High,Medium,Low,No
4304,4304,4305,L51484,L,301.6,310.1,1694,26.3,14,0,0,0,0,0,0,8.5,0,Medium,High,Low,No
4305,4305,4306,L51485,L,301.6,310.1,1687,26.6,16,0,0,0,0,0,0,8.5,0,Medium,High,Low,No
4306,4306,4307,L51486,L,301.6,310.0,1869,22.9,18,0,0,0,0,0,0,8.399999999999977,0,Low,High,Low,No
4307,4307,4308,L51487,L,301.4,309.9,1259,63.9,20,1,0,1,0,0,0,8.5,1,High,Medium,Low,No
4308,4308,4309,H33722,H,301.4,309.9,1460,47.2,22,0,0,0,0,0,0,8.5,0,High,Medium,Low,No
4309,4309,4310,M19169,M,301.3,309.9,1501,39.5,27,0,0,0,0,0,0,8.599999999999966,0,Medium,Medium,Low,No
4310,4310,4311,L51490,L,301.4,310.0,1776,25.6,30,0,0,0,0,0,0,8.600000000000023,0,High,High,Low,No
4311,4311,4312,M19171,M,301.5,310.1,1468,40.8,32,0,0,0,0,0,0,8.600000000000023,0,Medium,Medium,Low,No
4312,4312,4313,L51492,L,301.5,310.1,1430,46.5,35,0,0,0,0,0,0,8.600000000000023,0,High,Medium,Low,No
4313,4313,4314,L51493,L,301.4,310.1,1502,46.6,37,0,0,0,0,0,0,8.700000000000045,0,High,Medium,Low,No
4314,4314,4315,H33728,H,301.4,310.1,1623,32.3,39,0,0,0,0,0,0,8.700000000000045,0,Medium,Medium,Low,No
4315,4315,4316,M19175,M,301.4,310.0,1651,29.8,44,0,0,0,0,0,0,8.600000000000023,0,Medium,High,Low,No
4316,4316,4317,L51496,L,301.5,310.1,1639,33.4,47,0,0,0,0,0,0,8.600000000000023,0,Medium,Medium,Low,No
4317,4317,4318,M19177,M,301.5,310.0,1417,44.6,49,0,0,0,0,0,0,8.5,0,Medium,Medium,Low,No
4318,4318,4319,L51498,L,301.5,310.1,1541,42.2,52,0,0,0,0,0,0,8.600000000000023,0,Medium,Medium,Low,No
4319,4319,4320,M19179,M,301.6,310.2,1411,45.1,54,0,0,0,0,0,0,8.599999999999966,0,High,Medium,Low,No
4320,4320,4321,L51500,L,301.7,310.3,1397,44.6,57,0,0,0,0,0,0,8.600000000000023,0,Medium,Medium,Low,No
4321,4321,4322,L51501,L,301.7,310.2,1686,28.9,59,0,0,0,0,0,0,8.5,0,Medium,High,Low,No
4322,4322,4323,M19182,M,301.7,310.1,1431,44.0,61,0,0,0,0,0,0,8.400000000000034,0,Medium,Medium,Low,No
4323,4323,4324,L51503,L,301.8,310.3,1341,50.5,64,1,0,1,0,0,0,8.5,1,High,Medium,Low,No
4324,4324,4325,L51504,L,301.7,310.2,1486,43.0,66,0,0,0,0,0,0,8.5,0,Medium,Medium,Low,No
4325,4325,4326,L51505,L,301.6,310.2,1384,57.1,68,0,0,0,0,0,0,8.599999999999966,0,High,Medium,Low,No
4326,4326,4327,L51506,L,301.6,310.1,1362,55.8,70,1,0,1,0,0,0,8.5,1,High,Medium,Low,No
4327,4327,4328,H33741,H,301.7,310.1,1660,29.3,72,0,0,0,0,0,0,8.400000000000034,0,Medium,High,Low,No
4328,4328,4329,L51508,L,301.6,310.1,1326,48.2,77,1,0,1,0,0,0,8.5,1,High,Medium,Low,No
4329,4329,4330,L51509,L,301.6,310.0,1566,30.3,79,0,0,0,0,0,0,8.399999999999977,0,Medium,Medium,Low,No
4330,4330,4331,L51510,L,301.5,309.8,1549,38.5,81,0,0,0,0,0,0,8.300000000000011,0,Medium,Medium,Medium,No
4331,4331,4332,M19191,M,301.6,309.9,1746,31.1,83,0,0,0,0,0,0,8.299999999999955,0,Medium,High,Medium,No
4332,4332,4333,M19192,M,301.7,309.9,1452,41.5,86,0,0,0,0,0,0,8.199999999999989,0,Medium,Medium,Medium,No
4333,4333,4334,L51513,L,301.6,309.8,1588,33.9,89,0,0,0,0,0,0,8.199999999999989,0,Medium,Medium,Medium,No
4334,4334,4335,L51514,L,301.6,309.8,1472,42.5,91,0,0,0,0,0,0,8.199999999999989,0,Medium,Medium,Medium,No
4335,4335,4336,L51515,L,301.7,309.9,1607,37.7,93,0,0,0,0,0,0,8.199999999999989,0,Medium,Medium,Medium,No
4336,4336,4337,H33750,H,301.6,309.9,1423,53.6,95,0,0,0,0,0,0,8.299999999999955,0,High,Medium,Medium,No
4337,4337,4338,L51517,L,301.6,309.9,1440,43.4,100,0,0,0,0,0,0,8.299999999999955,0,Medium,Medium,Medium,No
4338,4338,4339,L51518,L,301.6,309.9,1397,43.7,102,0,0,0,0,0,0,8.299999999999955,0,Medium,Medium,Medium,No
4339,4339,4340,L51519,L,301.7,309.9,1524,46.6,104,0,0,0,0,0,0,8.199999999999989,0,High,Medium,Medium,No
4340,4340,4341,M19200,M,301.7,309.9,1533,40.9,106,0,0,0,0,0,0,8.199999999999989,0,Medium,Medium,Medium,No
4341,4341,4342,L51521,L,301.7,309.8,1398,46.0,109,0,0,0,0,0,0,8.100000000000023,0,High,Medium,Medium,No
4342,4342,4343,M19202,M,301.7,309.8,1284,68.2,111,1,0,1,1,0,0,8.100000000000023,2,High,Medium,Medium,No
4343,4343,4344,L51523,L,301.7,309.8,1491,39.3,114,0,0,0,0,0,0,8.100000000000023,0,Medium,Medium,Medium,No
4344,4344,4345,H33758,H,301.8,309.9,1418,51.3,116,0,0,0,0,0,0,8.099999999999966,0,High,Medium,Medium,No
4345,4345,4346,M19205,M,301.8,309.8,1546,39.8,121,0,0,0,0,0,0,8.0,0,Medium,Medium,Medium,No
4346,4346,4347,L51526,L,301.8,309.7,1598,30.4,124,0,0,0,0,0,0,7.899999999999977,0,Medium,Medium,Medium,No
4347,4347,4348,H33761,H,301.9,309.8,1724,27.5,126,0,0,0,0,0,0,7.900000000000034,0,Medium,High,Medium,No
4348,4348,4349,L51528,L,301.9,309.8,1507,44.7,131,0,0,0,0,0,0,7.900000000000034,0,Medium,Medium,High,No
4349,4349,4350,L51529,L,301.9,309.7,1595,31.4,133,0,0,0,0,0,0,7.800000000000011,0,Medium,Medium,High,No
4350,4350,4351,M19210,M,301.9,309.7,1568,37.5,135,0,0,0,0,0,0,7.800000000000011,0,Medium,Medium,High,No
4351,4351,4352,L51531,L,301.8,309.6,1432,43.7,138,0,0,0,0,0,0,7.800000000000011,0,Medium,Medium,High,No
4352,4352,4353,L51532,L,301.9,309.7,1424,42.8,140,0,0,0,0,0,0,7.800000000000011,0,Medium,Medium,High,No
4353,4353,4354,M19213,M,302.0,309.7,1386,62.7,142,1,0,0,1,0,0,7.699999999999989,1,High,Medium,High,No
4354,4354,4355,L51534,L,302.0,309.8,1456,58.1,145,0,0,0,0,0,0,7.800000000000011,0,High,Medium,High,No
4355,4355,4356,H33769,H,302.0,309.8,1280,57.3,147,1,0,1,0,0,0,7.800000000000011,1,High,Medium,High,No
4356,4356,4357,L51536,L,302.0,309.8,1649,31.0,152,0,0,0,0,0,0,7.800000000000011,0,Medium,Medium,High,No
4357,4357,4358,L51537,L,302.0,309.9,1407,52.8,154,0,0,0,0,0,0,7.899999999999977,0,High,Medium,High,No
4358,4358,4359,H33772,H,302.0,309.9,1606,34.5,156,0,0,0,0,0,0,7.899999999999977,0,Medium,Medium,High,No
4359,4359,4360,M19219,M,302.1,310.0,1531,38.0,161,0,0,0,0,0,0,7.899999999999977,0,Medium,Medium,High,No
4360,4360,4361,L51540,L,302.1,310.1,1543,35.8,164,0,0,0,0,0,0,8.0,0,Medium,Medium,High,No
4361,4361,4362,M19221,M,302.1,310.1,1379,48.2,166,1,0,1,0,0,0,8.0,1,High,Medium,High,No
4362,4362,4363,L51542,L,302.1,310.1,1447,46.6,169,0,0,0,0,0,0,8.0,0,High,Medium,High,No
4363,4363,4364,H33777,H,302.1,310.1,1844,24.6,171,0,0,0,0,0,0,8.0,0,Low,High,High,No
4364,4364,4365,H33778,H,302.1,310.1,1615,29.9,176,0,0,0,0,0,0,8.0,0,Medium,Medium,High,No
4365,4365,4366,L51545,L,302.0,310.0,1449,48.8,181,0,0,0,0,0,0,8.0,0,High,Medium,High,No
4366,4366,4367,L51546,L,302.0,309.9,1388,51.4,183,0,0,0,0,0,0,7.899999999999977,0,High,Medium,High,No
4367,4367,4368,H33781,H,302.0,309.9,1447,42.8,185,0,0,0,0,0,0,7.899999999999977,0,Medium,Medium,High,No
4368,4368,4369,L51548,L,302.0,310.0,1664,28.6,190,0,0,0,0,0,0,8.0,0,Medium,High,High,No
4369,4369,4370,H33783,H,302.0,309.9,1735,27.2,192,0,0,0,0,0,0,7.899999999999977,0,Medium,High,High,No
4370,4370,4371,L51550,L,302.0,309.9,1308,57.6,197,1,0,1,0,1,0,7.899999999999977,2,High,Medium,High,No
4371,4371,4372,L51551,L,302.0,309.8,1480,40.0,199,0,0,0,0,0,0,7.800000000000011,0,Medium,Medium,High,No
4372,4372,4373,M19232,M,301.9,309.6,1439,41.7,201,0,0,0,0,0,0,7.7000000000000455,0,Medium,Medium,High,No
4373,4373,4374,M19233,M,301.9,309.7,1533,35.9,204,0,0,0,0,0,0,7.800000000000011,0,Medium,Medium,High,No
4374,4374,4375,L51554,L,302.0,309.7,1551,34.8,207,0,0,0,0,0,0,7.699999999999989,0,Medium,Medium,High,No
4375,4375,4376,L51555,L,302.0,309.7,1414,36.3,209,0,0,0,0,0,0,7.699999999999989,0,Medium,Medium,High,No
4376,4376,4377,M19236,M,301.9,309.6,1551,34.6,211,0,0,0,0,0,0,7.7000000000000455,0,Medium,Medium,High,No
4377,4377,4378,M19237,M,301.8,309.6,1436,49.0,214,0,0,0,0,0,0,7.800000000000011,0,High,Medium,High,No
4378,4378,4379,M19238,M,301.9,309.6,1385,45.8,217,0,0,0,0,0,0,7.7000000000000455,0,High,Medium,High,No
4379,4379,4380,M19239,M,301.8,309.5,1732,30.1,220,0,0,0,0,0,0,7.699999999999989,0,Medium,High,High,No
4380,4380,4381,L51560,L,301.9,309.6,1410,49.0,223,0,0,0,0,0,0,7.7000000000000455,0,High,Medium,High,No
4381,4381,4382,L51561,L,301.9,309.6,1446,43.2,225,0,0,0,0,0,0,7.7000000000000455,0,Medium,Medium,High,No
4382,4382,4383,L51562,L,301.8,309.5,1525,39.6,227,0,0,0,0,0,0,7.699999999999989,0,Medium,Medium,High,No
4383,4383,4384,L51563,L,301.7,309.5,1298,65.5,229,1,0,1,0,1,0,7.800000000000011,2,High,Medium,High,No
4384,4384,4385,L51564,L,301.8,309.6,1443,42.7,231,0,0,0,0,0,0,7.800000000000011,0,Medium,Medium,High,No
4385,4385,4386,L51565,L,301.8,309.7,1442,45.3,233,1,1,0,0,0,0,7.899999999999977,1,High,Medium,High,No
4386,4386,4387,L51566,L,301.9,309.7,1719,31.9,0,0,0,0,0,0,0,7.800000000000011,0,Medium,High,Low,No
4387,4387,4388,L51567,L,302.0,309.8,1532,39.4,2,0,0,0,0,0,0,7.800000000000011,0,Medium,Medium,Low,No
4388,4388,4389,L51568,L,302.0,309.8,1701,27.2,4,0,0,0,0,0,0,7.800000000000011,0,Medium,High,Low,No
4389,4389,4390,M19249,M,302.1,310.0,1355,45.1,6,1,0,1,0,0,0,7.899999999999977,1,High,Medium,Low,No
4390,4390,4391,M19250,M,302.2,310.1,1421,45.4,9,0,0,0,0,0,0,7.900000000000034,0,High,Medium,Low,No
4391,4391,4392,M19251,M,302.2,310.1,1368,51.6,12,1,0,1,0,0,0,7.900000000000034,1,High,Medium,Low,No
4392,4392,4393,L51572,L,302.2,310.1,1458,45.1,15,0,0,0,0,0,0,7.900000000000034,0,High,Medium,Low,No
4393,4393,4394,M19253,M,302.2,310.1,1572,34.6,17,0,0,0,0,0,0,7.900000000000034,0,Medium,Medium,Low,No
4394,4394,4395,L51574,L,302.2,310.0,1483,48.7,20,0,0,0,0,0,0,7.800000000000011,0,High,Medium,Low,No
4395,4395,4396,L51575,L,302.3,310.1,1513,40.4,22,0,0,0,0,0,0,7.800000000000011,0,Medium,Medium,Low,No
4396,4396,4397,H33810,H,302.3,310.1,1383,42.9,24,0,0,0,0,0,0,7.800000000000011,0,Medium,Medium,Low,No
4397,4397,4398,L51577,L,302.4,310.2,1539,37.7,29,0,0,0,0,0,0,7.800000000000011,0,Medium,Medium,Low,No
4398,4398,4399,M19258,M,302.3,310.1,1563,37.8,31,0,0,0,0,0,0,7.800000000000011,0,Medium,Medium,Low,No
4399,4399,4400,L51579,L,302.3,310.1,1653,29.7,34,0,0,0,0,0,0,7.800000000000011,0,Medium,High,Low,No
4400,4400,4401,L51580,L,302.3,310.1,1353,50.9,36,1,0,1,0,0,0,7.800000000000011,1,High,Medium,Low,No
4401,4401,4402,H33815,H,302.2,310.0,1468,43.6,38,0,0,0,0,0,0,7.800000000000011,0,Medium,Medium,Low,No
4402,4402,4403,H33816,H,302.3,310.2,1506,33.8,43,0,0,0,0,0,0,7.899999999999977,0,Medium,Medium,Low,No
4403,4403,4404,L51583,L,302.3,310.1,1388,49.9,48,0,0,0,0,0,0,7.800000000000011,0,High,Medium,Low,No
4404,4404,4405,M19264,M,302.4,310.2,1485,45.9,50,0,0,0,0,0,0,7.800000000000011,0,High,Medium,Low,No
4405,4405,4406,L51585,L,302.4,310.2,1331,45.5,53,1,0,1,0,0,0,7.800000000000011,1,High,Medium,Low,No
4406,4406,4407,L51586,L,302.5,310.3,1326,58.5,55,1,0,1,0,0,0,7.800000000000011,1,High,Medium,Low,No
4407,4407,4408,L51587,L,302.3,310.2,1394,55.4,57,0,0,0,0,0,0,7.899999999999977,0,High,Medium,Low,No
4408,4408,4409,L51588,L,302.4,310.1,2009,18.9,59,0,0,0,0,0,0,7.7000000000000455,0,Low,High,Low,No
4409,4409,4410,M19269,M,302.4,310.1,1358,54.6,61,1,0,1,0,0,0,7.7000000000000455,1,High,Medium,Low,No
4410,4410,4411,L51590,L,302.5,310.2,1586,32.2,64,0,0,0,0,0,0,7.699999999999989,0,Medium,Medium,Low,No
4411,4411,4412,L51591,L,302.5,310.3,1688,31.6,66,0,0,0,0,0,0,7.800000000000011,0,Medium,High,Low,No
4412,4412,4413,L51592,L,302.6,310.5,1450,43.2,68,0,0,0,0,0,0,7.899999999999977,0,Medium,Medium,Low,No
4413,4413,4414,M19273,M,302.7,310.5,1398,47.3,70,0,0,0,0,0,0,7.800000000000011,0,High,Medium,Low,No
4414,4414,4415,L51594,L,302.7,310.5,1520,39.3,73,0,0,0,0,0,0,7.800000000000011,0,Medium,Medium,Low,No
4415,4415,4416,L51595,L,302.6,310.4,1514,42.7,75,0,0,0,0,0,0,7.7999999999999545,0,Medium,Medium,Low,No
4416,4416,4417,M19276,M,302.6,310.4,1532,36.1,77,0,0,0,0,0,0,7.7999999999999545,0,Medium,Medium,Low,No
4417,4417,4418,L51597,L,302.6,310.4,1365,66.8,80,1,0,1,1,0,0,7.7999999999999545,2,High,Medium,Low,No
4418,4418,4419,L51598,L,302.6,310.3,1642,33.2,82,0,0,0,0,0,0,7.699999999999989,0,Medium,Medium,Medium,No
4419,4419,4420,M19279,M,302.6,310.2,2676,10.8,84,1,0,0,1,0,0,7.599999999999966,1,Low,High,Medium,No
4420,4420,4421,H33834,H,302.6,310.2,1873,21.3,87,0,0,0,0,0,0,7.599999999999966,0,Low,High,Medium,No
4421,4421,4422,L51601,L,302.6,310.2,1325,62.4,92,1,0,1,0,0,0,7.599999999999966,1,High,Medium,Medium,No
4422,4422,4423,M19282,M,302.6,310.2,2157,17.2,94,0,0,0,0,0,0,7.599999999999966,0,Low,High,Medium,No
4423,4423,4424,M19283,M,302.6,310.2,1563,39.0,97,0,0,0,0,0,0,7.599999999999966,0,Medium,Medium,Medium,No
4424,4424,4425,M19284,M,302.6,310.2,1631,31.0,100,0,0,0,0,0,0,7.599999999999966,0,Medium,Medium,Medium,No
4425,4425,4426,L51605,L,302.5,310.2,1547,36.9,103,0,0,0,0,0,0,7.699999999999989,0,Medium,Medium,Medium,No
4426,4426,4427,L51606,L,302.6,310.3,1479,40.4,105,0,0,0,0,0,0,7.699999999999989,0,Medium,Medium,Medium,No
4427,4427,4428,M19287,M,302.4,310.1,1379,48.9,107,1,0,1,0,0,0,7.7000000000000455,1,High,Medium,Medium,No
4428,4428,4429,L51608,L,302.4,310.1,1906,21.2,110,0,0,0,0,0,0,7.7000000000000455,0,Low,High,Medium,No
4429,4429,4430,M19289,M,302.3,310.1,1731,33.4,112,0,0,0,0,0,0,7.800000000000011,0,Medium,High,Medium,No
4430,4430,4431,H33844,H,302.3,310.1,1688,30.4,115,0,0,0,0,0,0,7.800000000000011,0,Medium,High,Medium,No
4431,4431,4432,H33845,H,302.3,310.2,1443,54.6,120,0,0,0,0,0,0,7.899999999999977,0,High,Medium,Medium,No
4432,4432,4433,L51612,L,302.4,310.2,1445,46.4,125,0,0,0,0,0,0,7.800000000000011,0,High,Medium,Medium,No
4433,4433,4434,H33847,H,302.4,310.2,1435,44.9,127,0,0,0,0,0,0,7.800000000000011,0,Medium,Medium,Medium,No
4434,4434,4435,L51614,L,302.4,310.1,1556,32.9,132,0,0,0,0,0,0,7.7000000000000455,0,Medium,Medium,High,No
4435,4435,4436,L51615,L,302.3,310.1,1321,52.7,134,1,0,1,0,0,0,7.800000000000011,1,High,Medium,High,No
4436,4436,4437,M19296,M,302.4,310.1,1577,35.8,136,0,0,0,0,0,0,7.7000000000000455,0,Medium,Medium,High,No
4437,4437,4438,L51617,L,302.4,310.2,1578,31.2,139,0,0,0,0,0,0,7.800000000000011,0,Medium,Medium,High,No
4438,4438,4439,L51618,L,302.4,310.1,1418,52.3,141,0,0,0,0,0,0,7.7000000000000455,0,High,Medium,High,No
4439,4439,4440,M19299,M,302.4,310.2,1392,55.8,143,0,0,0,0,0,0,7.800000000000011,0,High,Medium,High,No
4440,4440,4441,L51620,L,302.5,310.3,1446,44.0,146,0,0,0,0,0,0,7.800000000000011,0,Medium,Medium,High,No
4441,4441,4442,L51621,L,302.5,310.2,1329,50.6,148,1,0,1,0,0,0,7.699999999999989,1,High,Medium,High,No
4442,4442,4443,L51622,L,302.5,310.2,1563,34.8,150,0,0,0,0,0,0,7.699999999999989,0,Medium,Medium,High,No
4443,4443,4444,L51623,L,302.5,310.3,1405,57.4,152,0,0,0,0,0,0,7.800000000000011,0,High,Medium,High,No
4444,4444,4445,L51624,L,302.4,310.2,2224,16.0,154,0,0,0,0,0,0,7.800000000000011,0,Low,High,High,No
4445,4445,4446,L51625,L,302.5,310.2,1716,29.9,156,0,0,0,0,0,0,7.699999999999989,0,Medium,High,High,No
4446,4446,4447,L51626,L,302.5,310.3,1584,35.5,158,0,0,0,0,0,0,7.800000000000011,0,Medium,Medium,High,No
4447,4447,4448,M19307,M,302.5,310.3,1488,41.8,160,0,0,0,0,0,0,7.800000000000011,0,Medium,Medium,High,No
4448,4448,4449,L51628,L,302.4,310.3,1374,51.2,163,1,0,1,0,0,0,7.900000000000034,1,High,Medium,High,No
4449,4449,4450,M19309,M,302.4,310.3,1378,54.3,165,1,0,1,0,0,0,7.900000000000034,1,High,Medium,High,No
4450,4450,4451,L51630,L,302.5,310.3,1551,37.3,168,0,0,0,0,0,0,7.800000000000011,0,Medium,Medium,High,No
4451,4451,4452,L51631,L,302.5,310.3,1549,40.9,170,0,0,0,0,0,0,7.800000000000011,0,Medium,Medium,High,No
4452,4452,4453,M19312,M,302.5,310.3,1447,39.2,172,0,0,0,0,0,0,7.800000000000011,0,Medium,Medium,High,No
4453,4453,4454,L51633,L,302.4,310.2,1400,53.7,175,0,0,0,0,0,0,7.800000000000011,0,High,Medium,High,No
4454,4454,4455,L51634,L,302.4,310.1,1401,48.8,177,0,0,0,0,0,0,7.7000000000000455,0,High,Medium,High,No
4455,4455,4456,H33869,H,302.4,310.1,1597,28.9,179,0,0,0,0,0,0,7.7000000000000455,0,Medium,Medium,High,No
4456,4456,4457,L51636,L,302.3,310.1,1487,46.0,184,0,0,0,0,0,0,7.800000000000011,0,High,Medium,High,No
4457,4457,4458,M19317,M,302.5,310.3,1710,27.3,186,0,0,0,0,0,0,7.800000000000011,0,Medium,High,High,No
4458,4458,4459,L51638,L,302.6,310.4,1478,47.7,189,0,0,0,0,0,0,7.7999999999999545,0,High,Medium,High,No
4459,4459,4460,L51639,L,302.6,310.4,1743,26.3,191,0,0,0,0,0,0,7.7999999999999545,0,Medium,High,High,No
4460,4460,4461,L51640,L,302.6,310.5,1596,32.8,193,0,0,0,0,0,0,7.899999999999977,0,Medium,Medium,High,No
4461,4461,4462,L51641,L,302.7,310.5,1642,30.8,195,0,0,0,0,0,0,7.800000000000011,0,Medium,Medium,High,No
4462,4462,4463,L51642,L,302.7,310.5,1263,67.8,197,1,0,1,0,1,0,7.800000000000011,2,High,Medium,High,No
4463,4463,4464,L51643,L,302.8,310.6,2016,19.9,199,0,0,0,0,0,0,7.800000000000011,0,Low,High,High,No
4464,4464,4465,L51644,L,302.8,310.6,1671,30.5,201,0,0,0,0,0,0,7.800000000000011,0,Medium,High,High,No
4465,4465,4466,L51645,L,302.8,310.6,1404,43.2,203,0,0,0,0,0,0,7.800000000000011,0,Medium,Medium,High,No
4466,4466,4467,L51646,L,302.8,310.6,1470,41.1,205,0,0,0,0,0,0,7.800000000000011,0,Medium,Medium,High,No
4467,4467,4468,L51647,L,302.8,310.6,1617,37.9,207,0,0,0,0,0,0,7.800000000000011,0,Medium,Medium,High,No
4468,4468,4469,L51648,L,302.7,310.5,1725,29.0,209,0,0,0,0,0,0,7.800000000000011,0,Medium,High,High,No
4469,4469,4470,L51649,L,302.7,310.5,1446,40.9,211,1,1,0,0,0,0,7.800000000000011,1,Medium,Medium,High,No
4470,4470,4471,L51650,L,302.7,310.6,1564,34.3,0,0,0,0,0,0,0,7.900000000000034,0,Medium,Medium,Low,No
4471,4471,4472,L51651,L,302.8,310.6,1670,29.1,2,0,0,0,0,0,0,7.800000000000011,0,Medium,High,Low,No
4472,4472,4473,L51652,L,302.7,310.6,1501,48.7,4,0,0,0,0,0,0,7.900000000000034,0,High,Medium,Low,No
4473,4473,4474,L51653,L,302.7,310.5,1551,35.9,6,0,0,0,0,0,0,7.800000000000011,0,Medium,Medium,Low,No
4474,4474,4475,L51654,L,302.7,310.5,1563,35.0,8,0,0,0,0,0,0,7.800000000000011,0,Medium,Medium,Low,No
4475,4475,4476,L51655,L,302.7,310.5,1351,41.8,10,1,0,1,0,0,0,7.800000000000011,1,Medium,Medium,Low,No
4476,4476,4477,L51656,L,302.6,310.4,1415,52.1,12,0,0,0,0,0,0,7.7999999999999545,0,High,Medium,Low,No
4477,4477,4478,L51657,L,302.6,310.3,1647,34.2,14,0,0,0,0,0,0,7.699999999999989,0,Medium,Medium,Low,No
4478,4478,4479,L51658,L,302.5,310.2,1477,41.6,16,0,0,0,0,0,0,7.699999999999989,0,Medium,Medium,Low,No
4479,4479,4480,L51659,L,302.6,310.2,1923,21.5,18,0,0,0,0,0,0,7.599999999999966,0,Low,High,Low,No
4480,4480,4481,H33894,H,302.7,310.4,1305,55.2,20,1,0,1,0,0,0,7.699999999999989,1,High,Medium,Low,No
4481,4481,4482,M19341,M,302.6,310.4,1544,35.1,25,0,0,0,0,0,0,7.7999999999999545,0,Medium,Medium,Low,No
4482,4482,4483,H33896,H,302.7,310.5,1568,36.9,28,0,0,0,0,0,0,7.800000000000011,0,Medium,Medium,Low,No
4483,4483,4484,L51663,L,302.7,310.4,1489,42.7,33,0,0,0,0,0,0,7.699999999999989,0,Medium,Medium,Low,No
4484,4484,4485,M19344,M,302.6,310.4,1451,43.1,35,0,0,0,0,0,0,7.7999999999999545,0,Medium,Medium,Low,No
4485,4485,4486,L51665,L,302.7,310.4,1542,35.7,38,0,0,0,0,0,0,7.699999999999989,0,Medium,Medium,Low,No
4486,4486,4487,M19346,M,302.6,310.5,1965,20.2,40,0,0,0,0,0,0,7.899999999999977,0,Low,High,Low,No
4487,4487,4488,L51667,L,302.5,310.5,1436,36.5,43,0,0,0,0,0,0,8.0,0,Medium,Medium,Low,No
4488,4488,4489,M19348,M,302.5,310.4,1509,37.6,45,0,0,0,0,0,0,7.899999999999977,0,Medium,Medium,Low,No
4489,4489,4490,L51669,L,302.5,310.4,1487,40.2,48,0,0,0,0,0,0,7.899999999999977,0,Medium,Medium,Low,No
4490,4490,4491,L51670,L,302.5,310.4,1967,20.3,50,0,0,0,0,0,0,7.899999999999977,0,Low,High,Low,No
4491,4491,4492,H33905,H,302.6,310.4,1409,53.3,52,0,0,0,0,0,0,7.7999999999999545,0,High,Medium,Low,No
4492,4492,4493,M19352,M,302.6,310.5,1420,56.4,57,0,0,0,0,0,0,7.899999999999977,0,High,Medium,Low,No
4493,4493,4494,L51673,L,302.7,310.5,1511,37.7,60,0,0,0,0,0,0,7.800000000000011,0,Medium,Medium,Low,No
4494,4494,4495,H33908,H,302.6,310.4,1649,30.1,62,0,0,0,0,0,0,7.7999999999999545,0,Medium,Medium,Low,No
4495,4495,4496,L51675,L,302.6,310.4,1359,57.2,67,1,0,1,0,0,0,7.7999999999999545,1,High,Medium,Low,No
4496,4496,4497,M19356,M,302.5,310.4,1605,36.0,69,0,0,0,0,0,0,7.899999999999977,0,Medium,Medium,Low,No
4497,4497,4498,L51677,L,302.5,310.3,1523,36.0,72,0,0,0,0,0,0,7.800000000000011,0,Medium,Medium,Low,No
4498,4498,4499,H33912,H,302.6,310.4,1614,36.0,74,0,0,0,0,0,0,7.7999999999999545,0,Medium,Medium,Low,No
4499,4499,4500,H33913,H,302.6,310.3,1721,27.4,79,0,0,0,0,0,0,7.699999999999989,0,Medium,High,Low,No
4500,4500,4501,L51680,L,302.6,310.4,1638,36.2,84,0,0,0,0,0,0,7.7999999999999545,0,Medium,Medium,Medium,No
4501,4501,4502,L51681,L,302.5,310.2,1307,54.0,86,1,0,1,0,0,0,7.699999999999989,1,High,Medium,Medium,No
4502,4502,4503,L51682,L,302.4,310.2,1642,28.3,88,0,0,0,0,0,0,7.800000000000011,0,Medium,Medium,Medium,No
4503,4503,4504,M19363,M,302.5,310.2,1751,30.5,90,0,0,0,0,0,0,7.699999999999989,0,Medium,High,Medium,No
4504,4504,4505,L51684,L,302.4,310.1,1645,31.6,93,0,0,0,0,0,0,7.7000000000000455,0,Medium,Medium,Medium,No
4505,4505,4506,L51685,L,302.4,310.1,1426,46.8,95,0,0,0,0,0,0,7.7000000000000455,0,High,Medium,Medium,No
4506,4506,4507,M19366,M,302.4,310.1,1520,36.6,97,0,0,0,0,0,0,7.7000000000000455,0,Medium,Medium,Medium,No
4507,4507,4508,L51687,L,302.4,310.1,1709,31.8,100,0,0,0,0,0,0,7.7000000000000455,0,Medium,High,Medium,No
4508,4508,4509,L51688,L,302.4,310.0,1426,46.6,102,0,0,0,0,0,0,7.600000000000023,0,High,Medium,Medium,No
4509,4509,4510,L51689,L,302.4,310.1,1429,43.7,104,0,0,0,0,0,0,7.7000000000000455,0,Medium,Medium,Medium,No
4510,4510,4511,L51690,L,302.4,310.2,1346,62.4,106,1,0,1,0,0,0,7.800000000000011,1,High,Medium,Medium,No
4511,4511,4512,L51691,L,302.5,310.2,1454,43.0,108,0,0,0,0,0,0,7.699999999999989,0,Medium,Medium,Medium,No
4512,4512,4513,M19372,M,302.5,310.3,1411,49.5,110,0,0,0,0,0,0,7.800000000000011,0,High,Medium,Medium,No
4513,4513,4514,L51693,L,302.4,310.3,1900,24.4,113,0,0,0,0,0,0,7.900000000000034,0,Low,High,Medium,No
4514,4514,4515,L51694,L,302.4,310.3,1479,36.2,115,0,0,0,0,0,0,7.900000000000034,0,Medium,Medium,Medium,No
4515,4515,4516,L51695,L,302.5,310.4,1415,48.2,117,0,0,0,0,0,0,7.899999999999977,0,High,Medium,Medium,No
4516,4516,4517,L51696,L,302.5,310.3,1539,39.0,119,0,0,0,0,0,0,7.800000000000011,0,Medium,Medium,Medium,No
4517,4517,4518,L51697,L,302.4,310.3,1520,31.6,121,0,0,0,0,0,0,7.900000000000034,0,Medium,Medium,Medium,No
4518,4518,4519,L51698,L,302.4,310.3,1480,45.8,123,0,0,0,0,0,0,7.900000000000034,0,High,Medium,Medium,No
4519,4519,4520,L51699,L,302.4,310.4,1666,29.7,125,0,0,0,0,0,0,8.0,0,Medium,High,Medium,No
4520,4520,4521,L51700,L,302.4,310.4,1456,47.6,127,0,0,0,0,0,0,8.0,0,High,Medium,Medium,No
4521,4521,4522,L51701,L,302.4,310.4,1865,23.9,129,0,0,0,0,0,0,8.0,0,Low,High,Medium,No
4522,4522,4523,M19382,M,302.5,310.5,1918,21.6,131,0,0,0,0,0,0,8.0,0,Low,High,High,No
4523,4523,4524,L51703,L,302.5,310.4,1488,48.4,134,0,0,0,0,0,0,7.899999999999977,0,High,Medium,High,No
4524,4524,4525,M19384,M,302.5,310.5,1527,38.8,136,0,0,0,0,0,0,8.0,0,Medium,Medium,High,No
4525,4525,4526,M19385,M,302.4,310.4,1463,42.2,139,0,0,0,0,0,0,8.0,0,Medium,Medium,High,No
4526,4526,4527,L51706,L,302.4,310.4,1521,38.5,142,0,0,0,0,0,0,8.0,0,Medium,Medium,High,No
4527,4527,4528,M19387,M,302.4,310.5,1372,45.7,144,1,0,1,0,0,0,8.100000000000023,1,High,Medium,High,No
4528,4528,4529,L51708,L,302.5,310.5,1507,39.5,147,0,0,0,0,0,0,8.0,0,Medium,Medium,High,No
4529,4529,4530,M19389,M,302.4,310.4,1586,34.3,149,0,0,0,0,0,0,8.0,0,Medium,Medium,High,No
4530,4530,4531,L51710,L,302.5,310.4,1487,42.0,152,0,0,0,0,0,0,7.899999999999977,0,Medium,Medium,High,No
4531,4531,4532,L51711,L,302.5,310.5,1520,41.2,154,0,0,0,0,0,0,8.0,0,Medium,Medium,High,No
4532,4532,4533,H33946,H,302.5,310.4,1422,41.9,156,0,0,0,0,0,0,7.899999999999977,0,Medium,Medium,High,No
4533,4533,4534,M19393,M,302.4,310.3,1375,52.5,161,1,0,1,0,0,0,7.900000000000034,1,High,Medium,High,No
4534,4534,4535,L51714,L,302.4,310.2,1633,28.0,164,0,0,0,0,0,0,7.800000000000011,0,Medium,Medium,High,No
4535,4535,4536,L51715,L,302.4,310.2,1503,36.2,166,0,0,0,0,0,0,7.800000000000011,0,Medium,Medium,High,No
4536,4536,4537,L51716,L,302.4,310.2,1351,45.1,168,1,0,1,0,0,0,7.800000000000011,1,High,Medium,High,No
4537,4537,4538,L51717,L,302.3,310.2,1548,35.3,170,0,0,0,0,0,0,7.899999999999977,0,Medium,Medium,High,No
4538,4538,4539,L51718,L,302.4,310.3,1923,23.3,172,0,0,0,0,0,0,7.900000000000034,0,Low,High,High,No
4539,4539,4540,L51719,L,302.5,310.3,1592,32.6,174,0,0,0,0,0,0,7.800000000000011,0,Medium,Medium,High,No
4540,4540,4541,M19400,M,302.5,310.4,1580,35.6,176,0,0,0,0,0,0,7.899999999999977,0,Medium,Medium,High,No
4541,4541,4542,L51721,L,302.5,310.4,1427,46.8,179,0,0,0,0,0,0,7.899999999999977,0,High,Medium,High,No
4542,4542,4543,M19402,M,302.5,310.4,1581,32.7,181,0,0,0,0,0,0,7.899999999999977,0,Medium,Medium,High,No
4543,4543,4544,M19403,M,302.6,310.5,1542,39.9,184,0,0,0,0,0,0,7.899999999999977,0,Medium,Medium,High,No
4544,4544,4545,L51724,L,302.5,310.4,1349,55.1,187,1,0,1,0,0,0,7.899999999999977,1,High,Medium,High,No
4545,4545,4546,L51725,L,302.5,310.5,1463,43.0,189,0,0,0,0,0,0,8.0,0,Medium,Medium,High,No
4546,4546,4547,M19406,M,302.5,310.4,1429,43.2,191,0,0,0,0,0,0,7.899999999999977,0,Medium,Medium,High,No
4547,4547,4548,M19407,M,302.5,310.4,1451,53.6,194,0,0,0,0,0,0,7.899999999999977,0,High,Medium,High,No
4548,4548,4549,L51728,L,302.6,310.5,1511,37.2,197,0,0,0,0,0,0,7.899999999999977,0,Medium,Medium,High,No
4549,4549,4550,L51729,L,302.6,310.6,1549,37.5,199,0,0,0,0,0,0,8.0,0,Medium,Medium,High,No
4550,4550,4551,M19410,M,302.5,310.5,1507,40.2,201,0,0,0,0,0,0,8.0,0,Medium,Medium,High,No
4551,4551,4552,M19411,M,302.6,310.5,1524,33.7,204,0,0,0,0,0,0,7.899999999999977,0,Medium,Medium,High,No
4552,4552,4553,M19412,M,302.7,310.5,1880,22.7,207,0,0,0,0,0,0,7.800000000000011,0,Low,High,High,No
4553,4553,4554,L51733,L,302.6,310.5,1461,45.4,0,0,0,0,0,0,0,7.899999999999977,0,High,Medium,Low,No
4554,4554,4555,L51734,L,302.6,310.5,1748,28.2,2,0,0,0,0,0,0,7.899999999999977,0,Medium,High,Low,No
4555,4555,4556,L51735,L,302.7,310.6,1690,26.7,4,0,0,0,0,0,0,7.900000000000034,0,Medium,High,Low,No
4556,4556,4557,M19416,M,302.7,310.6,1349,51.2,6,1,0,1,0,0,0,7.900000000000034,1,High,Medium,Low,No
4557,4557,4558,L51737,L,302.7,310.6,1686,26.3,9,0,0,0,0,0,0,7.900000000000034,0,Medium,High,Low,No
4558,4558,4559,L51738,L,302.7,310.7,1369,47.5,11,1,0,1,0,0,0,8.0,1,High,Medium,Low,No
4559,4559,4560,L51739,L,302.7,310.7,1433,43.7,13,0,0,0,0,0,0,8.0,0,Medium,Medium,Low,No
4560,4560,4561,L51740,L,302.7,310.7,1597,41.9,15,0,0,0,0,0,0,8.0,0,Medium,Medium,Low,No
4561,4561,4562,L51741,L,302.9,310.8,1610,32.2,17,0,0,0,0,0,0,7.900000000000034,0,Medium,Medium,Low,No
4562,4562,4563,L51742,L,302.7,310.7,1398,57.7,19,0,0,0,0,0,0,8.0,0,High,Medium,Low,No
4563,4563,4564,L51743,L,302.7,310.7,1977,20.0,21,0,0,0,0,0,0,8.0,0,Low,High,Low,No
4564,4564,4565,L51744,L,302.8,310.8,1516,39.5,23,0,0,0,0,0,0,8.0,0,Medium,Medium,Low,No
4565,4565,4566,H33979,H,302.7,310.8,1275,55.0,25,1,0,1,0,0,0,8.100000000000023,1,High,Medium,Low,No
4566,4566,4567,L51746,L,302.8,310.8,1402,50.5,30,0,0,0,0,0,0,8.0,0,High,Medium,Low,No
4567,4567,4568,M19427,M,302.8,310.8,1451,44.7,32,0,0,0,0,0,0,8.0,0,Medium,Medium,Low,No
4568,4568,4569,M19428,M,302.7,310.8,1555,36.1,35,0,0,0,0,0,0,8.100000000000023,0,Medium,Medium,Low,No
4569,4569,4570,L51749,L,302.8,310.9,1636,35.0,38,0,0,0,0,0,0,8.099999999999966,0,Medium,Medium,Low,No
4570,4570,4571,L51750,L,302.8,310.9,1312,52.2,40,1,0,1,0,0,0,8.099999999999966,1,High,Medium,Low,No
4571,4571,4572,L51751,L,302.8,310.9,1708,29.8,42,0,0,0,0,0,0,8.099999999999966,0,Medium,High,Low,No
4572,4572,4573,M19432,M,302.9,311.0,1556,36.5,44,0,0,0,0,0,0,8.100000000000023,0,Medium,Medium,Low,No
4573,4573,4574,H33987,H,302.8,311.0,1436,43.5,47,0,0,0,0,0,0,8.199999999999989,0,Medium,Medium,Low,No
4574,4574,4575,M19434,M,302.9,311.0,1402,40.7,52,0,0,0,0,0,0,8.100000000000023,0,Medium,Medium,Low,No
4575,4575,4576,M19435,M,302.9,311.0,1437,49.9,55,0,0,0,0,0,0,8.100000000000023,0,High,Medium,Low,No
4576,4576,4577,M19436,M,302.9,311.1,1926,21.8,58,0,0,0,0,0,0,8.200000000000045,0,Low,High,Low,No
4577,4577,4578,L51757,L,303.0,311.2,1800,23.7,61,0,0,0,0,0,0,8.199999999999989,0,Low,High,Low,No
4578,4578,4579,L51758,L,303.0,311.2,1641,32.6,63,0,0,0,0,0,0,8.199999999999989,0,Medium,Medium,Low,No
4579,4579,4580,L51759,L,303.0,311.2,1374,48.2,65,1,0,1,0,0,0,8.199999999999989,1,High,Medium,Low,No
4580,4580,4581,L51760,L,303.0,311.2,1494,37.0,67,0,0,0,0,0,0,8.199999999999989,0,Medium,Medium,Low,No
4581,4581,4582,L51761,L,303.0,311.2,1601,32.9,69,0,0,0,0,0,0,8.199999999999989,0,Medium,Medium,Low,No
4582,4582,4583,L51762,L,302.9,311.2,1634,36.9,71,0,0,0,0,0,0,8.300000000000011,0,Medium,Medium,Low,No
4583,4583,4584,M19443,M,302.9,311.2,1467,37.7,73,0,0,0,0,0,0,8.300000000000011,0,Medium,Medium,Low,No
4584,4584,4585,L51764,L,302.8,311.1,1550,32.3,76,0,0,0,0,0,0,8.300000000000011,0,Medium,Medium,Low,No
4585,4585,4586,L51765,L,302.8,311.1,1563,32.2,78,0,0,0,0,0,0,8.300000000000011,0,Medium,Medium,Low,No
4586,4586,4587,L51766,L,302.7,310.9,1395,48.3,80,0,0,0,0,0,0,8.199999999999989,0,High,Medium,Low,No
4587,4587,4588,M19447,M,302.8,311.0,1507,33.4,82,0,0,0,0,0,0,8.199999999999989,0,Medium,Medium,Medium,No
4588,4588,4589,L51768,L,302.8,311.0,1564,38.5,85,0,0,0,0,0,0,8.199999999999989,0,Medium,Medium,Medium,No
4589,4589,4590,L51769,L,302.8,311.1,1721,30.0,87,0,0,0,0,0,0,8.300000000000011,0,Medium,High,Medium,No
4590,4590,4591,L51770,L,302.8,311.1,1456,36.1,89,0,0,0,0,0,0,8.300000000000011,0,Medium,Medium,Medium,No
4591,4591,4592,H34005,H,302.9,311.2,2102,17.8,91,0,0,0,0,0,0,8.300000000000011,0,Low,High,Medium,No
4592,4592,4593,L51772,L,302.9,311.1,1555,33.9,96,0,0,0,0,0,0,8.200000000000045,0,Medium,Medium,Medium,No
4593,4593,4594,L51773,L,303.0,311.2,1409,41.9,98,0,0,0,0,0,0,8.199999999999989,0,Medium,Medium,Medium,No
4594,4594,4595,M19454,M,303.0,311.2,1387,41.4,100,0,0,0,0,0,0,8.199999999999989,0,Medium,Medium,Medium,No
4595,4595,4596,M19455,M,303.0,311.2,1460,43.9,103,0,0,0,0,0,0,8.199999999999989,0,Medium,Medium,Medium,No
4596,4596,4597,L51776,L,303.0,311.2,1361,47.6,106,1,0,1,0,0,0,8.199999999999989,1,High,Medium,Medium,No
4597,4597,4598,M19457,M,303.0,311.1,1490,43.0,108,0,0,0,0,0,0,8.100000000000023,0,Medium,Medium,Medium,No
4598,4598,4599,L51778,L,303.1,311.2,1399,49.2,111,0,0,0,0,0,0,8.099999999999966,0,High,Medium,Medium,No
4599,4599,4600,L51779,L,303.1,311.1,1420,55.8,113,0,0,0,0,0,0,8.0,0,High,Medium,Medium,No
4600,4600,4601,L51780,L,303.0,311.0,1359,44.2,115,1,0,1,0,0,0,8.0,1,Medium,Medium,Medium,No
4601,4601,4602,M19461,M,303.0,311.1,1372,54.3,117,1,0,1,0,0,0,8.100000000000023,1,High,Medium,Medium,No
4602,4602,4603,M19462,M,303.0,311.0,1409,41.7,120,0,0,0,0,0,0,8.0,0,Medium,Medium,Medium,No
4603,4603,4604,H34017,H,302.9,311.0,1452,58.3,123,0,0,0,0,0,0,8.100000000000023,0,High,Medium,Medium,No
4604,4604,4605,L51784,L,302.9,311.0,1820,24.6,128,0,0,0,0,0,0,8.100000000000023,0,Low,High,Medium,No
4605,4605,4606,H34019,H,302.9,311.0,1469,48.7,130,0,0,0,0,0,0,8.100000000000023,0,High,Medium,Medium,No
4606,4606,4607,L51786,L,302.9,311.1,1556,45.3,135,0,0,0,0,0,0,8.200000000000045,0,High,Medium,High,No
4607,4607,4608,L51787,L,303.0,311.1,1980,20.2,137,0,0,0,0,0,0,8.100000000000023,0,Low,High,High,No
4608,4608,4609,M19468,M,303.0,311.2,1519,38.0,139,0,0,0,0,0,0,8.199999999999989,0,Medium,Medium,High,No
4609,4609,4610,L51789,L,303.0,311.2,1456,44.0,142,0,0,0,0,0,0,8.199999999999989,0,Medium,Medium,High,No
4610,4610,4611,L51790,L,303.1,311.2,1394,45.3,144,0,0,0,0,0,0,8.099999999999966,0,High,Medium,High,No
4611,4611,4612,L51791,L,303.0,311.3,1365,56.2,146,1,0,1,0,0,0,8.300000000000011,1,High,Medium,High,No
4612,4612,4613,L51792,L,303.0,311.3,2194,16.5,148,0,0,0,0,0,0,8.300000000000011,0,Low,High,High,No
4613,4613,4614,L51793,L,303.1,311.3,1403,55.6,150,0,0,0,0,0,0,8.199999999999989,0,High,Medium,High,No
4614,4614,4615,H34028,H,303.0,311.2,1503,37.0,152,0,0,0,0,0,0,8.199999999999989,0,Medium,Medium,High,No
4615,4615,4616,L51795,L,303.0,311.3,1793,29.3,157,0,0,0,0,0,0,8.300000000000011,0,Medium,High,High,No
4616,4616,4617,L51796,L,303.1,311.4,1829,24.5,159,0,0,0,0,0,0,8.299999999999955,0,Low,High,High,No
4617,4617,4618,M19477,M,303.1,311.4,1831,23.3,161,0,0,0,0,0,0,8.299999999999955,0,Low,High,High,No
4618,4618,4619,M19478,M,303.0,311.3,1335,53.6,164,1,0,1,0,0,0,8.300000000000011,1,High,Medium,High,No
4619,4619,4620,H34033,H,303.1,311.3,2056,19.7,167,0,0,0,0,0,0,8.199999999999989,0,Low,High,High,No
4620,4620,4621,L51800,L,303.1,311.3,1336,52.6,172,1,0,1,0,0,0,8.199999999999989,1,High,Medium,High,No
4621,4621,4622,L51801,L,303.0,311.2,1341,51.0,174,1,0,1,0,0,0,8.199999999999989,1,High,Medium,High,No
4622,4622,4623,M19482,M,303.0,311.1,1526,37.3,176,0,0,0,0,0,0,8.100000000000023,0,Medium,Medium,High,No
4623,4623,4624,L51803,L,303.0,311.1,1525,40.7,179,0,0,0,0,0,0,8.100000000000023,0,Medium,Medium,High,No
4624,4624,4625,M19484,M,303.0,311.1,1428,39.8,181,0,0,0,0,0,0,8.100000000000023,0,Medium,Medium,High,No
4625,4625,4626,L51805,L,303.0,311.2,1511,45.7,184,0,0,0,0,0,0,8.199999999999989,0,High,Medium,High,No
4626,4626,4627,L51806,L,303.0,311.2,1664,29.8,186,0,0,0,0,0,0,8.199999999999989,0,Medium,High,High,No
4627,4627,4628,M19487,M,303.0,311.2,1592,38.9,188,0,0,0,0,0,0,8.199999999999989,0,Medium,Medium,High,No
4628,4628,4629,M19488,M,303.0,311.1,1597,36.7,191,0,0,0,0,0,0,8.100000000000023,0,Medium,Medium,High,No
4629,4629,4630,L51809,L,303.0,311.2,1735,26.1,194,0,0,0,0,0,0,8.199999999999989,0,Medium,High,High,No
4630,4630,4631,L51810,L,302.9,311.2,1751,23.8,196,0,0,0,0,0,0,8.300000000000011,0,Low,High,High,No
4631,4631,4632,L51811,L,303.0,311.2,1383,44.6,198,0,0,0,0,0,0,8.199999999999989,0,Medium,Medium,High,No
4632,4632,4633,M19492,M,302.9,311.2,1330,53.7,200,1,0,1,0,0,0,8.300000000000011,1,High,Medium,High,No
4633,4633,4634,L51813,L,303.0,311.2,1382,50.5,203,0,0,0,0,0,0,8.199999999999989,0,High,Medium,High,No
4634,4634,4635,L51814,L,303.0,311.2,1755,30.4,205,0,0,0,0,0,0,8.199999999999989,0,Medium,High,High,No
4635,4635,4636,M19495,M,303.0,311.2,1614,35.7,207,0,0,0,0,0,0,8.199999999999989,0,Medium,Medium,High,No
4636,4636,4637,L51816,L,303.0,311.3,1466,43.0,210,0,0,0,0,0,0,8.300000000000011,0,Medium,Medium,High,No
4637,4637,4638,M19497,M,303.1,311.3,1847,24.7,212,0,0,0,0,0,0,8.199999999999989,0,Low,High,High,No
4638,4638,4639,L51818,L,303.1,311.3,1474,34.8,215,0,0,0,0,0,0,8.199999999999989,0,Medium,Medium,High,No
4639,4639,4640,L51819,L,303.1,311.3,1657,31.8,217,0,0,0,0,0,0,8.199999999999989,0,Medium,High,High,No
4640,4640,4641,L51820,L,303.1,311.2,1435,40.1,219,0,0,0,0,0,0,8.099999999999966,0,Medium,Medium,High,No
4641,4641,4642,H34055,H,303.1,311.3,1494,42.7,221,0,0,0,0,0,0,8.199999999999989,0,Medium,Medium,High,No
4642,4642,4643,L51822,L,303.2,311.4,1238,54.6,226,1,0,1,0,1,0,8.199999999999989,2,High,Low,High,No
4643,4643,4644,L51823,L,303.2,311.4,1324,54.2,228,1,0,1,0,1,0,8.199999999999989,2,High,Medium,High,No
4644,4644,4645,L51824,L,303.2,311.4,1514,41.2,230,0,0,0,0,0,0,8.199999999999989,0,Medium,Medium,High,No
4645,4645,4646,L51825,L,303.3,311.4,1732,25.6,232,0,0,0,0,0,0,8.099999999999966,0,High,High,High,No
4646,4646,4647,L51826,L,303.3,311.4,1497,46.0,234,1,1,0,0,0,0,8.099999999999966,1,High,Medium,High,No
4647,4647,4648,L51827,L,303.3,311.4,1958,21.5,0,0,0,0,0,0,0,8.099999999999966,0,Low,High,Low,No
4648,4648,4649,L51828,L,303.3,311.4,1630,32.5,2,0,0,0,0,0,0,8.099999999999966,0,Medium,Medium,Low,No
4649,4649,4650,M19509,M,303.3,311.4,1395,59.1,4,0,0,0,0,0,0,8.099999999999966,0,High,Medium,Low,No
4650,4650,4651,L51830,L,303.3,311.4,1658,30.5,7,0,0,0,0,0,0,8.099999999999966,0,Medium,High,Low,No
4651,4651,4652,L51831,L,303.2,311.4,1349,51.1,9,1,0,1,0,0,0,8.199999999999989,1,High,Medium,Low,No
4652,4652,4653,L51832,L,303.1,311.2,1452,52.9,11,0,0,0,0,0,0,8.099999999999966,0,High,Medium,Low,No
4653,4653,4654,M19513,M,303.1,311.1,1594,35.5,13,0,0,0,0,0,0,8.0,0,Medium,Medium,Low,No
4654,4654,4655,M19514,M,303.1,311.0,1510,47.6,16,0,0,0,0,0,0,7.899999999999977,0,High,Medium,Low,No
4655,4655,4656,L51835,L,303.1,311.1,1854,22.6,19,0,0,0,0,0,0,8.0,0,Low,High,Low,No
4656,4656,4657,L51836,L,303.1,311.2,1626,32.3,21,0,0,0,0,0,0,8.099999999999966,0,Medium,Medium,Low,No
4657,4657,4658,L51837,L,303.1,311.2,1628,35.2,23,0,0,0,0,0,0,8.099999999999966,0,Medium,Medium,Low,No
4658,4658,4659,L51838,L,303.1,311.2,1679,34.8,25,0,0,0,0,0,0,8.099999999999966,0,Medium,High,Low,No
4659,4659,4660,M19519,M,303.1,311.2,1489,44.5,27,0,0,0,0,0,0,8.099999999999966,0,Medium,Medium,Low,No
4660,4660,4661,L51840,L,303.2,311.2,1439,43.9,30,0,0,0,0,0,0,8.0,0,Medium,Medium,Low,No
4661,4661,4662,L51841,L,303.3,311.3,1350,48.1,32,1,0,1,0,0,0,8.0,1,High,Medium,Low,No
4662,4662,4663,H34076,H,303.3,311.2,1607,31.7,34,0,0,0,0,0,0,7.899999999999977,0,Medium,Medium,Low,No
4663,4663,4664,L51843,L,303.3,311.3,1389,53.9,39,0,0,0,0,0,0,8.0,0,High,Medium,Low,No
4664,4664,4665,M19524,M,303.3,311.3,1566,46.1,41,0,0,0,0,0,0,8.0,0,High,Medium,Low,No
4665,4665,4666,M19525,M,303.4,311.4,1307,54.0,44,1,0,1,0,0,0,8.0,1,High,Medium,Low,No
4666,4666,4667,M19526,M,303.3,311.5,1569,36.6,47,0,0,0,0,0,0,8.199999999999989,0,Medium,Medium,Low,No
4667,4667,4668,H34081,H,303.3,311.4,1651,30.6,50,0,0,0,0,0,0,8.099999999999966,0,Medium,High,Low,No
4668,4668,4669,H34082,H,303.3,311.4,1692,27.9,55,0,0,0,0,0,0,8.099999999999966,0,Medium,High,Low,No
4669,4669,4670,M19529,M,303.3,311.5,1373,47.3,60,1,0,1,0,0,0,8.199999999999989,1,High,Medium,Low,No
4670,4670,4671,L51850,L,303.2,311.4,1610,35.5,63,0,0,0,0,0,0,8.199999999999989,0,Medium,Medium,Low,No
4671,4671,4672,L51851,L,303.3,311.4,1511,43.4,65,0,0,0,0,0,0,8.099999999999966,0,Medium,Medium,Low,No
4672,4672,4673,L51852,L,303.3,311.5,1412,55.6,67,0,0,0,0,0,0,8.199999999999989,0,High,Medium,Low,No
4673,4673,4674,L51853,L,303.4,311.5,1501,36.2,69,0,0,0,0,0,0,8.100000000000023,0,Medium,Medium,Low,No
4674,4674,4675,L51854,L,303.4,311.5,1414,44.8,71,0,0,0,0,0,0,8.100000000000023,0,Medium,Medium,Low,No
4675,4675,4676,H34089,H,303.5,311.5,1629,33.5,73,0,0,0,0,0,0,8.0,0,Medium,Medium,Low,No
4676,4676,4677,L51856,L,303.4,311.5,1879,21.3,78,0,0,0,0,0,0,8.100000000000023,0,Low,High,Low,No
4677,4677,4678,H34091,H,303.5,311.6,1466,47.0,80,0,0,0,0,0,0,8.100000000000023,0,High,Medium,Low,No
4678,4678,4679,H34092,H,303.6,311.7,1476,40.1,85,0,0,0,0,0,0,8.099999999999966,0,Medium,Medium,Medium,No
4679,4679,4680,L51859,L,303.6,311.8,1695,30.7,90,0,0,0,0,0,0,8.199999999999989,0,Medium,High,Medium,No
4680,4680,4681,L51860,L,303.6,311.7,1491,39.8,92,0,0,0,0,0,0,8.099999999999966,0,Medium,Medium,Medium,No
4681,4681,4682,M19541,M,303.6,311.8,1659,34.7,94,0,0,0,0,0,0,8.199999999999989,0,Medium,High,Medium,No
4682,4682,4683,L51862,L,303.6,311.8,1567,31.7,97,0,0,0,0,0,0,8.199999999999989,0,Medium,Medium,Medium,No
4683,4683,4684,L51863,L,303.6,311.8,1736,32.9,99,0,0,0,0,0,0,8.199999999999989,0,Medium,High,Medium,No
4684,4684,4685,M19544,M,303.6,311.8,1421,44.8,101,1,0,0,0,0,0,8.199999999999989,0,Medium,Medium,Medium,No
4685,4685,4686,M19545,M,303.6,311.8,1627,30.8,104,0,0,0,0,0,0,8.199999999999989,0,Medium,Medium,Medium,No
4686,4686,4687,M19546,M,303.5,311.6,1562,34.2,107,0,0,0,0,0,0,8.100000000000023,0,Medium,Medium,Medium,No
4687,4687,4688,L51867,L,303.5,311.6,2183,17.0,110,0,0,0,0,0,0,8.100000000000023,0,Low,High,Medium,No
4688,4688,4689,L51868,L,303.5,311.6,1577,38.1,112,0,0,0,0,0,0,8.100000000000023,0,Medium,Medium,Medium,No
4689,4689,4690,M19549,M,303.4,311.5,1560,36.4,114,0,0,0,0,0,0,8.100000000000023,0,Medium,Medium,Medium,No
4690,4690,4691,M19550,M,303.4,311.5,1483,43.0,117,0,0,0,0,0,0,8.100000000000023,0,Medium,Medium,Medium,No
4691,4691,4692,L51871,L,303.5,311.5,1535,33.3,120,0,0,0,0,0,0,8.0,0,Medium,Medium,Medium,No
4692,4692,4693,M19552,M,303.4,311.4,1606,29.6,122,0,0,0,0,0,0,8.0,0,Medium,Medium,Medium,No
4693,4693,4694,M19553,M,303.4,311.5,1817,24.7,125,0,0,0,0,0,0,8.100000000000023,0,Low,High,Medium,No
4694,4694,4695,L51874,L,303.4,311.5,1424,50.8,128,0,0,0,0,0,0,8.100000000000023,0,High,Medium,Medium,No
4695,4695,4696,L51875,L,303.3,311.6,1514,34.7,130,0,0,0,0,0,0,8.300000000000011,0,Medium,Medium,Medium,No
4696,4696,4697,L51876,L,303.4,311.6,1449,41.7,132,0,0,0,0,0,0,8.200000000000045,0,Medium,Medium,High,No
4697,4697,4698,M19557,M,303.5,311.6,1573,34.0,134,0,0,0,0,0,0,8.100000000000023,0,Medium,Medium,High,No
4698,4698,4699,L51878,L,303.4,311.6,1564,41.9,137,0,0,0,0,0,0,8.200000000000045,0,Medium,Medium,High,No
4699,4699,4700,L51879,L,303.5,311.6,1428,46.2,139,0,0,0,0,0,0,8.100000000000023,0,High,Medium,High,No
4700,4700,4701,L51880,L,303.5,311.7,1620,31.0,141,0,0,0,0,0,0,8.199999999999989,0,Medium,Medium,High,No
4701,4701,4702,H34115,H,303.5,311.7,1584,32.7,143,0,0,0,0,0,0,8.199999999999989,0,Medium,Medium,High,No
4702,4702,4703,L51882,L,303.6,311.8,1222,66.8,148,1,0,1,0,0,0,8.199999999999989,1,High,Low,High,No
4703,4703,4704,M19563,M,303.6,311.8,1432,42.5,150,0,0,0,0,0,0,8.199999999999989,0,Medium,Medium,High,No
4704,4704,4705,L51884,L,303.7,311.9,1561,33.3,153,0,0,0,0,0,0,8.199999999999989,0,Medium,Medium,High,No
4705,4705,4706,L51885,L,303.6,311.8,1614,33.2,155,0,0,0,0,0,0,8.199999999999989,0,Medium,Medium,High,No
4706,4706,4707,L51886,L,303.5,311.7,1959,22.3,157,0,0,0,0,0,0,8.199999999999989,0,Low,High,High,No
4707,4707,4708,L51887,L,303.5,311.8,1944,23.5,159,0,0,0,0,0,0,8.300000000000011,0,Low,High,High,No
4708,4708,4709,L51888,L,303.4,311.7,1793,25.8,161,0,0,0,0,0,0,8.300000000000011,0,High,High,High,No
4709,4709,4710,M19569,M,303.4,311.6,1446,50.0,163,0,0,0,0,0,0,8.200000000000045,0,High,Medium,High,No
4710,4710,4711,L51890,L,303.4,311.7,1673,32.2,166,0,0,0,0,0,0,8.300000000000011,0,Medium,High,High,No
4711,4711,4712,M19571,M,303.4,311.7,1515,44.2,168,0,0,0,0,0,0,8.300000000000011,0,Medium,Medium,High,No
4712,4712,4713,L51892,L,303.4,311.8,1564,35.9,171,0,0,0,0,0,0,8.400000000000034,0,Medium,Medium,High,No
4713,4713,4714,L51893,L,303.5,311.8,1451,45.2,173,0,0,0,0,0,0,8.300000000000011,0,High,Medium,High,No
4714,4714,4715,H34128,H,303.4,311.8,1693,28.3,175,0,0,0,0,0,0,8.400000000000034,0,Medium,High,High,No
4715,4715,4716,L51895,L,303.4,311.7,1476,42.3,180,0,0,0,0,0,0,8.300000000000011,0,Medium,Medium,High,No
4716,4716,4717,L51896,L,303.4,311.6,1712,30.1,182,0,0,0,0,0,0,8.200000000000045,0,Medium,High,High,No
4717,4717,4718,M19577,M,303.4,311.6,1425,45.4,184,0,0,0,0,0,0,8.200000000000045,0,High,Medium,High,No
4718,4718,4719,L51898,L,303.3,311.6,1337,56.8,187,1,0,1,0,0,0,8.300000000000011,1,High,Medium,High,No
4719,4719,4720,M19579,M,303.4,311.7,1690,34.9,189,0,0,0,0,0,0,8.300000000000011,0,Medium,High,High,No
4720,4720,4721,M19580,M,303.4,311.7,1353,44.1,192,1,0,1,0,0,0,8.300000000000011,1,Medium,Medium,High,No
4721,4721,4722,L51901,L,303.5,311.8,1927,21.9,195,0,0,0,0,0,0,8.300000000000011,0,Low,High,High,No
4722,4722,4723,M19582,M,303.4,311.8,1391,42.7,197,0,0,0,0,0,0,8.400000000000034,0,Medium,Medium,High,No
4723,4723,4724,L51903,L,303.4,311.8,1366,50.9,200,1,0,1,0,0,0,8.400000000000034,1,High,Medium,High,No
4724,4724,4725,L51904,L,303.4,311.9,1771,31.6,202,0,0,0,0,0,0,8.5,0,Medium,High,High,No
4725,4725,4726,M19585,M,303.4,311.8,1515,42.6,204,0,0,0,0,0,0,8.400000000000034,0,Medium,Medium,High,No
4726,4726,4727,M19586,M,303.4,311.8,2133,18.3,207,0,0,0,0,0,0,8.400000000000034,0,Low,High,High,No
4727,4727,4728,M19587,M,303.4,311.8,1341,47.0,210,1,0,1,0,0,0,8.400000000000034,1,High,Medium,High,No
4728,4728,4729,L51908,L,303.4,311.7,1406,47.1,213,0,0,0,0,0,0,8.300000000000011,0,High,Medium,High,No
4729,4729,4730,L51909,L,303.4,311.8,1306,61.0,215,1,0,1,0,1,0,8.400000000000034,2,High,Medium,High,No
4730,4730,4731,L51910,L,303.3,311.7,1508,35.5,217,0,0,0,0,0,0,8.399999999999977,0,Medium,Medium,High,No
4731,4731,4732,L51911,L,303.3,311.6,1301,45.1,219,1,0,1,0,0,0,8.300000000000011,1,High,Medium,High,No
4732,4732,4733,L51912,L,303.3,311.7,1539,38.5,221,0,0,0,0,0,0,8.399999999999977,0,Medium,Medium,High,No
4733,4733,4734,L51913,L,303.3,311.6,1484,44.6,223,0,0,0,0,0,0,8.300000000000011,0,Medium,Medium,High,No
4734,4734,4735,L51914,L,303.2,311.5,1507,39.2,225,0,0,0,0,0,0,8.300000000000011,0,Medium,Medium,High,No
4735,4735,4736,L51915,L,303.2,311.5,1544,42.5,227,0,0,0,0,0,0,8.300000000000011,0,Medium,Medium,High,No
4736,4736,4737,L51916,L,303.2,311.5,1513,37.9,0,0,0,0,0,0,0,8.300000000000011,0,Medium,Medium,Low,No
4737,4737,4738,M19597,M,303.2,311.5,1336,58.2,2,1,0,1,0,0,0,8.300000000000011,1,High,Medium,Low,No
4738,4738,4739,M19598,M,303.2,311.4,2102,19.0,5,0,0,0,0,0,0,8.199999999999989,0,Low,High,Low,No
4739,4739,4740,L51919,L,303.2,311.4,1351,53.8,8,1,0,1,0,0,0,8.199999999999989,1,High,Medium,Low,No
4740,4740,4741,L51920,L,303.3,311.5,1601,35.2,10,0,0,0,0,0,0,8.199999999999989,0,Medium,Medium,Low,No
4741,4741,4742,L51921,L,303.2,311.3,1393,52.9,12,0,0,0,0,0,0,8.100000000000023,0,High,Medium,Low,No
4742,4742,4743,L51922,L,303.3,311.3,1592,33.7,14,0,0,0,0,0,0,8.0,0,Medium,Medium,Low,No
4743,4743,4744,L51923,L,303.3,311.3,1409,51.8,16,0,0,0,0,0,0,8.0,0,High,Medium,Low,No
4744,4744,4745,L51924,L,303.3,311.3,1393,47.4,18,0,0,0,0,0,0,8.0,0,High,Medium,Low,No
4745,4745,4746,H34159,H,303.2,311.2,1475,43.1,20,0,0,0,0,0,0,8.0,0,Medium,Medium,Low,No
4746,4746,4747,L51926,L,303.2,311.2,1427,45.6,25,0,0,0,0,0,0,8.0,0,High,Medium,Low,No
4747,4747,4748,L51927,L,303.3,311.2,1763,27.3,27,0,0,0,0,0,0,7.899999999999977,0,Medium,High,Low,No
4748,4748,4749,L51928,L,303.2,311.2,1363,46.7,29,1,0,1,0,0,0,8.0,1,High,Medium,Low,No
4749,4749,4750,L51929,L,303.2,311.2,1404,50.9,31,0,0,0,0,0,0,8.0,0,High,Medium,Low,No
4750,4750,4751,M19610,M,303.2,311.2,1688,31.9,33,0,0,0,0,0,0,8.0,0,Medium,High,Low,No
4751,4751,4752,L51931,L,303.3,311.4,1510,37.3,36,0,0,0,0,0,0,8.099999999999966,0,Medium,Medium,Low,No
4752,4752,4753,H34166,H,303.3,311.3,1502,39.5,38,0,0,0,0,0,0,8.0,0,Medium,Medium,Low,No
4753,4753,4754,H34167,H,303.2,311.4,1607,36.6,43,0,0,0,0,0,0,8.199999999999989,0,Medium,Medium,Low,No
4754,4754,4755,M19614,M,303.3,311.5,1384,54.8,48,0,0,0,0,0,0,8.199999999999989,0,High,Medium,Low,No
4755,4755,4756,L51935,L,303.4,311.7,1295,51.3,51,1,0,1,0,0,0,8.300000000000011,1,High,Medium,Low,No
4756,4756,4757,H34170,H,303.4,311.7,1991,19.0,53,0,0,0,0,0,0,8.300000000000011,0,Low,High,Low,No
4757,4757,4758,L51937,L,303.4,311.6,1497,42.8,58,0,0,0,0,0,0,8.200000000000045,0,Medium,Medium,Low,No
4758,4758,4759,L51938,L,303.5,311.6,1465,48.7,60,0,0,0,0,0,0,8.100000000000023,0,High,Medium,Low,No
4759,4759,4760,L51939,L,303.5,311.6,1361,46.5,62,1,0,1,0,0,0,8.100000000000023,1,High,Medium,Low,No
4760,4760,4761,L51940,L,303.6,311.7,1546,38.5,64,0,0,0,0,0,0,8.099999999999966,0,Medium,Medium,Low,No
4761,4761,4762,H34175,H,303.7,311.9,1332,52.7,66,1,0,1,0,0,0,8.199999999999989,1,High,Medium,Low,No
4762,4762,4763,M19622,M,303.7,312.0,2663,11.4,71,1,0,0,1,0,0,8.300000000000011,1,Low,High,Low,No
4763,4763,4764,L51943,L,303.7,312.1,1443,45.9,74,0,0,0,0,0,0,8.400000000000034,0,High,Medium,Low,No
4764,4764,4765,M19624,M,303.7,312.0,1402,48.6,76,0,0,0,0,0,0,8.300000000000011,0,High,Medium,Low,No
4765,4765,4766,L51945,L,303.7,312.0,1892,22.5,79,0,0,0,0,0,0,8.300000000000011,0,Low,High,Low,No
4766,4766,4767,M19626,M,303.6,312.0,1645,35.7,81,0,0,0,0,0,0,8.399999999999977,0,Medium,Medium,Medium,No
4767,4767,4768,L51947,L,303.6,311.9,1473,50.1,84,0,0,0,0,0,0,8.299999999999955,0,High,Medium,Medium,No
4768,4768,4769,L51948,L,303.6,312.0,1309,52.9,86,1,0,1,0,0,0,8.399999999999977,1,High,Medium,Medium,No
4769,4769,4770,H34183,H,303.6,311.9,1544,37.1,88,0,0,0,0,0,0,8.299999999999955,0,Medium,Medium,Medium,No
4770,4770,4771,L51950,L,303.5,311.9,1344,49.3,93,1,0,1,0,0,0,8.399999999999977,1,High,Medium,Medium,No
4771,4771,4772,M19631,M,303.6,311.9,1617,36.0,95,0,0,0,0,0,0,8.299999999999955,0,Medium,Medium,Medium,No
4772,4772,4773,M19632,M,303.6,312.0,1435,37.9,98,0,0,0,0,0,0,8.399999999999977,0,Medium,Medium,Medium,No
4773,4773,4774,L51953,L,303.6,312.0,1391,50.3,101,0,0,0,0,0,0,8.399999999999977,0,High,Medium,Medium,No
4774,4774,4775,L51954,L,303.6,312.0,1827,23.3,103,0,0,0,0,0,0,8.399999999999977,0,Low,High,Medium,No
4775,4775,4776,L51955,L,303.5,312.0,1761,25.8,105,0,0,0,0,0,0,8.5,0,High,High,Medium,No
4776,4776,4777,L51956,L,303.5,312.1,1522,36.4,107,0,0,0,0,0,0,8.600000000000023,0,Medium,Medium,Medium,No
4777,4777,4778,M19637,M,303.5,312.2,1818,23.6,109,0,0,0,0,0,0,8.699999999999989,0,Low,High,Medium,No
4778,4778,4779,H34192,H,303.6,312.2,1371,54.6,112,1,0,1,0,0,0,8.599999999999966,1,High,Medium,Medium,No
4779,4779,4780,L51959,L,303.7,312.3,1511,38.9,117,0,0,0,0,0,0,8.600000000000023,0,Medium,Medium,Medium,No
4780,4780,4781,L51960,L,303.7,312.4,1404,46.6,119,0,0,0,0,0,0,8.699999999999989,0,High,Medium,Medium,No
4781,4781,4782,L51961,L,303.7,312.3,1384,45.9,121,0,0,0,0,0,0,8.600000000000023,0,High,Medium,Medium,No
4782,4782,4783,L51962,L,303.8,312.5,1368,52.6,123,0,0,0,0,0,0,8.699999999999989,0,High,Medium,Medium,No
4783,4783,4784,L51963,L,303.7,312.5,1641,36.0,125,0,0,0,0,0,0,8.800000000000011,0,Medium,Medium,Medium,No
4784,4784,4785,L51964,L,303.9,312.6,1642,32.3,127,0,0,0,0,0,0,8.700000000000045,0,Medium,Medium,Medium,No
4785,4785,4786,H34199,H,303.9,312.7,1401,50.0,129,0,0,0,0,0,0,8.800000000000011,0,High,Medium,Medium,No
4786,4786,4787,L51966,L,303.8,312.6,1577,41.3,134,0,0,0,0,0,0,8.800000000000011,0,Medium,Medium,High,No
4787,4787,4788,L51967,L,303.7,312.6,1396,44.1,136,0,0,0,0,0,0,8.900000000000034,0,Medium,Medium,High,No
4788,4788,4789,H34202,H,303.7,312.6,1514,35.5,138,0,0,0,0,0,0,8.900000000000034,0,Medium,Medium,High,No
4789,4789,4790,L51969,L,303.8,312.8,1646,35.8,143,0,0,0,0,0,0,9.0,0,Medium,Medium,High,No
4790,4790,4791,L51970,L,303.8,312.8,1443,40.7,145,0,0,0,0,0,0,9.0,0,Medium,Medium,High,No
4791,4791,4792,M19651,M,303.7,312.7,1469,48.5,147,0,0,0,0,0,0,9.0,0,High,Medium,High,No
4792,4792,4793,H34206,H,303.7,312.7,1564,40.2,150,0,0,0,0,0,0,9.0,0,Medium,Medium,High,No
4793,4793,4794,H34207,H,303.6,312.6,1498,40.2,155,0,0,0,0,0,0,9.0,0,Medium,Medium,High,No
4794,4794,4795,L51974,L,303.6,312.6,1699,27.9,160,0,0,0,0,0,0,9.0,0,Medium,High,High,No
4795,4795,4796,L51975,L,303.6,312.5,1431,49.0,162,0,0,0,0,0,0,8.899999999999977,0,High,Medium,High,No
4796,4796,4797,L51976,L,303.5,312.4,1390,47.3,164,0,0,0,0,0,0,8.899999999999977,0,High,Medium,High,No
4797,4797,4798,L51977,L,303.5,312.5,1380,46.1,166,0,0,0,0,0,0,9.0,0,High,Medium,High,No
4798,4798,4799,L51978,L,303.5,312.5,1457,46.4,168,0,0,0,0,0,0,9.0,0,High,Medium,High,No
4799,4799,4800,L51979,L,303.5,312.5,1418,42.2,170,0,0,0,0,0,0,9.0,0,Medium,Medium,High,No
4800,4800,4801,M19660,M,303.5,312.5,1353,51.0,172,0,0,0,0,0,0,9.0,0,High,Medium,High,No
4801,4801,4802,L51981,L,303.5,312.4,1574,32.7,175,0,0,0,0,0,0,8.899999999999977,0,Medium,Medium,High,No
4802,4802,4803,M19662,M,303.5,312.4,1318,54.2,177,0,0,0,0,0,0,8.899999999999977,0,High,Medium,High,No
4803,4803,4804,L51983,L,303.6,312.5,1710,31.4,180,0,0,0,0,0,0,8.899999999999977,0,Medium,High,High,No
4804,4804,4805,L51984,L,303.7,312.6,1621,38.8,182,0,0,0,0,0,0,8.900000000000034,0,Medium,Medium,High,No
4805,4805,4806,L51985,L,303.6,312.6,1606,33.6,184,0,0,0,0,0,0,9.0,0,Medium,Medium,High,No
4806,4806,4807,H34220,H,303.6,312.5,1375,54.0,186,0,0,0,0,0,0,8.899999999999977,0,High,Medium,High,No
4807,4807,4808,L51987,L,303.5,312.4,1503,36.5,191,0,0,0,0,0,0,8.899999999999977,0,Medium,Medium,High,No
4808,4808,4809,L51988,L,303.5,312.3,1404,48.6,193,0,0,0,0,0,0,8.800000000000011,0,High,Medium,High,No
4809,4809,4810,L51989,L,303.4,312.2,1656,32.7,195,0,0,0,0,0,0,8.800000000000011,0,Medium,High,High,No
4810,4810,4811,M19670,M,303.4,312.1,1499,39.4,197,0,0,0,0,0,0,8.700000000000045,0,Medium,Medium,High,No
4811,4811,4812,M19671,M,303.4,312.0,1748,28.4,200,0,0,0,0,0,0,8.600000000000023,0,Medium,High,High,No
4812,4812,4813,L51992,L,303.4,311.9,1531,37.9,203,0,0,0,0,0,0,8.5,0,Medium,Medium,High,No
4813,4813,4814,M19673,M,303.3,311.8,1536,40.6,205,0,0,0,0,0,0,8.5,0,Medium,Medium,High,No
4814,4814,4815,L51994,L,303.4,311.8,1401,53.0,208,1,0,0,0,1,0,8.400000000000034,1,High,Medium,High,No
4815,4815,4816,H34229,H,303.4,311.9,1534,33.2,210,0,0,0,0,0,0,8.5,0,Medium,Medium,High,No
4816,4816,4817,L51996,L,303.4,312.0,1521,35.9,215,1,1,0,0,0,0,8.600000000000023,1,Medium,Medium,High,No
4817,4817,4818,L51997,L,303.5,312.1,1674,30.8,0,0,0,0,0,0,0,8.600000000000023,0,Medium,High,Low,No
4818,4818,4819,M19678,M,303.6,312.1,1967,20.9,2,0,0,0,0,0,0,8.5,0,Low,High,Low,No
4819,4819,4820,L51999,L,303.6,312.2,1696,30.7,5,0,0,0,0,0,0,8.599999999999966,0,Medium,High,Low,No
4820,4820,4821,M19680,M,303.6,312.1,1627,32.5,7,0,0,0,0,0,0,8.5,0,Medium,Medium,Low,No
4821,4821,4822,L52001,L,303.5,311.9,1405,45.6,10,0,0,0,0,0,0,8.399999999999977,0,High,Medium,Low,No
4822,4822,4823,L52002,L,303.5,311.9,1565,38.9,12,0,0,0,0,0,0,8.399999999999977,0,Medium,Medium,Low,No
4823,4823,4824,L52003,L,303.5,311.9,1493,38.7,14,0,0,0,0,0,0,8.399999999999977,0,Medium,Medium,Low,No
4824,4824,4825,L52004,L,303.4,311.8,1499,45.0,16,0,0,0,0,0,0,8.400000000000034,0,Medium,Medium,Low,No
4825,4825,4826,L52005,L,303.3,311.8,1692,30.6,18,0,0,0,0,0,0,8.5,0,Medium,High,Low,No
4826,4826,4827,L52006,L,303.4,311.8,2268,15.8,20,0,0,0,0,0,0,8.400000000000034,0,Low,High,Low,No
4827,4827,4828,L52007,L,303.4,311.8,1438,58.9,22,0,0,0,0,0,0,8.400000000000034,0,High,Medium,Low,No
4828,4828,4829,L52008,L,303.5,311.9,1515,39.2,24,0,0,0,0,0,0,8.399999999999977,0,Medium,Medium,Low,No
4829,4829,4830,L52009,L,303.4,311.9,1491,38.2,26,0,0,0,0,0,0,8.5,0,Medium,Medium,Low,No
4830,4830,4831,L52010,L,303.5,312.0,1756,29.7,28,0,0,0,0,0,0,8.5,0,Medium,High,Low,No
4831,4831,4832,L52011,L,303.5,312.0,1366,54.5,30,1,0,1,0,0,0,8.5,1,High,Medium,Low,No
4832,4832,4833,L52012,L,303.5,312.0,1436,45.1,32,0,0,0,0,0,0,8.5,0,High,Medium,Low,No
4833,4833,4834,L52013,L,303.4,311.9,1377,41.6,34,1,0,1,0,0,0,8.5,1,Medium,Medium,Low,No
4834,4834,4835,M19694,M,303.4,311.9,1510,42.2,36,0,0,0,0,0,0,8.5,0,Medium,Medium,Low,No
4835,4835,4836,M19695,M,303.4,311.9,1419,50.9,39,0,0,0,0,0,0,8.5,0,High,Medium,Low,No
4836,4836,4837,L52016,L,303.3,311.8,1315,62.0,42,1,0,1,0,0,0,8.5,1,High,Medium,Low,No
4837,4837,4838,H34251,H,303.3,311.8,1806,27.7,44,0,0,0,0,0,0,8.5,0,Medium,High,Low,No
4838,4838,4839,H34252,H,303.3,311.8,1649,29.4,49,0,0,0,0,0,0,8.5,0,Medium,Medium,Low,No
4839,4839,4840,H34253,H,303.4,311.9,1402,50.0,54,0,0,0,0,0,0,8.5,0,High,Medium,Low,No
4840,4840,4841,L52020,L,303.4,311.9,1298,63.9,59,1,0,1,0,0,0,8.5,1,High,Medium,Low,No
4841,4841,4842,M19701,M,303.3,311.8,1441,44.9,61,0,0,0,0,0,0,8.5,0,Medium,Medium,Low,No
4842,4842,4843,M19702,M,303.3,311.8,1489,49.4,64,0,0,0,0,0,0,8.5,0,High,Medium,Low,No
4843,4843,4844,L52023,L,303.3,311.8,1842,24.5,67,0,0,0,0,0,0,8.5,0,Low,High,Low,No
4844,4844,4845,M19704,M,303.4,311.8,1316,50.9,69,1,0,1,0,0,0,8.400000000000034,1,High,Medium,Low,No
4845,4845,4846,M19705,M,303.3,311.8,1583,33.3,72,0,0,0,0,0,0,8.5,0,Medium,Medium,Low,No
4846,4846,4847,M19706,M,303.3,311.8,1548,33.5,75,0,0,0,0,0,0,8.5,0,Medium,Medium,Low,No
4847,4847,4848,L52027,L,303.4,311.9,1434,44.6,78,0,0,0,0,0,0,8.5,0,Medium,Medium,Low,No
4848,4848,4849,H34262,H,303.5,312.0,1397,52.9,80,0,0,0,0,0,0,8.5,0,High,Medium,Low,No
4849,4849,4850,M19709,M,303.5,312.0,1475,42.9,85,0,0,0,0,0,0,8.5,0,Medium,Medium,Medium,No
4850,4850,4851,L52030,L,303.5,312.0,1441,56.8,88,0,0,0,0,0,0,8.5,0,High,Medium,Medium,No
4851,4851,4852,L52031,L,303.7,312.1,1363,51.8,90,1,0,1,0,0,0,8.400000000000034,1,High,Medium,Medium,No
4852,4852,4853,L52032,L,303.7,312.2,1619,34.9,92,0,0,0,0,0,0,8.5,0,Medium,Medium,Medium,No
4853,4853,4854,L52033,L,303.7,312.2,1487,34.0,94,0,0,0,0,0,0,8.5,0,Medium,Medium,Medium,No
4854,4854,4855,L52034,L,303.7,312.2,1568,33.8,96,0,0,0,0,0,0,8.5,0,Medium,Medium,Medium,No
4855,4855,4856,L52035,L,303.7,312.3,1375,46.2,98,0,0,0,0,0,0,8.600000000000023,0,High,Medium,Medium,No
4856,4856,4857,M19716,M,303.6,312.3,1698,31.3,100,0,0,0,0,0,0,8.699999999999989,0,Medium,High,Medium,No
4857,4857,4858,L52037,L,303.7,312.3,1606,37.4,103,0,0,0,0,0,0,8.600000000000023,0,Medium,Medium,Medium,No
4858,4858,4859,L52038,L,303.7,312.3,1349,51.0,105,0,0,0,0,0,0,8.600000000000023,0,High,Medium,Medium,No
4859,4859,4860,L52039,L,303.7,312.4,1535,38.6,107,0,0,0,0,0,0,8.699999999999989,0,Medium,Medium,Medium,No
4860,4860,4861,M19720,M,303.6,312.4,1504,49.5,109,0,0,0,0,0,0,8.799999999999955,0,High,Medium,Medium,No
4861,4861,4862,L52041,L,303.5,312.3,1946,21.1,112,0,0,0,0,0,0,8.800000000000011,0,Low,High,Medium,No
4862,4862,4863,L52042,L,303.5,312.1,1326,55.7,114,0,0,0,0,0,0,8.600000000000023,0,High,Medium,Medium,No
4863,4863,4864,M19723,M,303.6,312.3,1915,22.3,116,0,0,0,0,0,0,8.699999999999989,0,Low,High,Medium,No
4864,4864,4865,L52044,L,303.6,312.3,1451,43.4,119,0,0,0,0,0,0,8.699999999999989,0,Medium,Medium,Medium,No
4865,4865,4866,M19725,M,303.5,312.3,1624,34.8,121,0,0,0,0,0,0,8.800000000000011,0,Medium,Medium,Medium,No
4866,4866,4867,L52046,L,303.6,312.4,1781,28.7,124,0,0,0,0,0,0,8.799999999999955,0,Medium,High,Medium,No
4867,4867,4868,L52047,L,303.6,312.5,1345,54.1,126,0,0,0,0,0,0,8.899999999999977,0,High,Medium,Medium,No
4868,4868,4869,L52048,L,303.6,312.4,1418,46.0,128,0,0,0,0,0,0,8.799999999999955,0,High,Medium,Medium,No
4869,4869,4870,L52049,L,303.7,312.4,1718,26.5,130,0,0,0,0,0,0,8.699999999999989,0,Medium,High,Medium,No
4870,4870,4871,M19730,M,303.7,312.4,1631,28.5,132,0,0,0,0,0,0,8.699999999999989,0,Medium,Medium,High,No
4871,4871,4872,L52051,L,303.7,312.4,1513,40.1,135,0,0,0,0,0,0,8.699999999999989,0,Medium,Medium,High,No
4872,4872,4873,L52052,L,303.7,312.4,1316,59.3,137,0,0,0,0,0,0,8.699999999999989,0,High,Medium,High,No
4873,4873,4874,M19733,M,303.7,312.4,1474,38.8,139,0,0,0,0,0,0,8.699999999999989,0,Medium,Medium,High,No
4874,4874,4875,L52054,L,303.8,312.5,1619,30.9,142,0,0,0,0,0,0,8.699999999999989,0,Medium,Medium,High,No
4875,4875,4876,L52055,L,303.7,312.4,1702,31.2,144,0,0,0,0,0,0,8.699999999999989,0,Medium,High,High,No
4876,4876,4877,M19736,M,303.7,312.4,1540,37.4,146,0,0,0,0,0,0,8.699999999999989,0,Medium,Medium,High,No
4877,4877,4878,M19737,M,303.7,312.4,1546,33.7,149,0,0,0,0,0,0,8.699999999999989,0,Medium,Medium,High,No
4878,4878,4879,L52058,L,303.7,312.4,1348,51.0,152,0,0,0,0,0,0,8.699999999999989,0,High,Medium,High,No
4879,4879,4880,H34293,H,303.7,312.5,1520,35.6,154,0,0,0,0,0,0,8.800000000000011,0,Medium,Medium,High,No
4880,4880,4881,M19740,M,303.8,312.6,1527,41.9,159,0,0,0,0,0,0,8.800000000000011,0,Medium,Medium,High,No
4881,4881,4882,M19741,M,303.8,312.6,1406,47.1,162,0,0,0,0,0,0,8.800000000000011,0,High,Medium,High,No
4882,4882,4883,L52062,L,303.7,312.5,1462,46.2,165,0,0,0,0,0,0,8.800000000000011,0,High,Medium,High,No
4883,4883,4884,M19743,M,303.8,312.6,1684,29.3,167,0,0,0,0,0,0,8.800000000000011,0,Medium,High,High,No
4884,4884,4885,H34298,H,303.8,312.5,1655,28.0,170,0,0,0,0,0,0,8.699999999999989,0,Medium,High,High,No
4885,4885,4886,H34299,H,303.8,312.5,1748,25.1,175,0,0,0,0,0,0,8.699999999999989,0,High,High,High,No
4886,4886,4887,L52066,L,303.8,312.5,1372,45.7,180,0,0,0,0,0,0,8.699999999999989,0,High,Medium,High,No
4887,4887,4888,L52067,L,303.7,312.5,1481,33.3,182,0,0,0,0,0,0,8.800000000000011,0,Medium,Medium,High,No
4888,4888,4889,L52068,L,303.7,312.4,1512,39.2,184,0,0,0,0,0,0,8.699999999999989,0,Medium,Medium,High,No
4889,4889,4890,L52069,L,303.7,312.5,1632,36.6,186,0,0,0,0,0,0,8.800000000000011,0,Medium,Medium,High,No
4890,4890,4891,L52070,L,303.7,312.4,1525,43.9,188,0,0,0,0,0,0,8.699999999999989,0,Medium,Medium,High,No
4891,4891,4892,M19751,M,303.7,312.3,1756,26.4,190,0,0,0,0,0,0,8.600000000000023,0,Medium,High,High,No
4892,4892,4893,L52072,L,303.7,312.3,1922,23.1,193,0,0,0,0,0,0,8.600000000000023,0,Low,High,High,No
4893,4893,4894,M19753,M,303.8,312.5,1448,44.3,195,0,0,0,0,0,0,8.699999999999989,0,Medium,Medium,High,No
4894,4894,4895,H34308,H,303.8,312.5,1447,46.6,198,0,0,0,0,0,0,8.699999999999989,0,High,Medium,High,No
4895,4895,4896,M19755,M,303.8,312.4,1597,33.4,203,0,0,0,0,0,0,8.599999999999966,0,Medium,Medium,High,No
4896,4896,4897,M19756,M,303.7,312.4,1642,32.3,206,0,0,0,0,0,0,8.699999999999989,0,Medium,Medium,High,No
4897,4897,4898,H34311,H,303.8,312.5,1525,38.0,209,0,0,0,0,0,0,8.699999999999989,0,Medium,Medium,High,No
4898,4898,4899,H34312,H,303.6,312.4,1460,53.7,214,0,0,0,0,0,0,8.799999999999955,0,High,Medium,High,No
4899,4899,4900,L52079,L,303.6,312.3,2168,17.7,219,0,0,0,0,0,0,8.699999999999989,0,Low,High,High,No
4900,4900,4901,L52080,L,303.6,312.4,1388,41.9,221,0,0,0,0,0,0,8.799999999999955,0,Medium,Medium,High,No
4901,4901,4902,M19761,M,303.6,312.3,1630,32.4,223,0,0,0,0,0,0,8.699999999999989,0,Medium,Medium,High,No
4902,4902,4903,L52082,L,303.6,312.3,1616,29.3,226,0,0,0,0,0,0,8.699999999999989,0,Medium,Medium,High,No
4903,4903,4904,L52083,L,303.6,312.4,2232,16.8,0,0,0,0,0,0,0,8.799999999999955,0,Low,High,Low,No
4904,4904,4905,H34318,H,303.6,312.4,1480,50.7,2,0,0,0,0,0,0,8.799999999999955,0,High,Medium,Low,No
4905,4905,4906,L52085,L,303.6,312.4,1363,53.1,7,0,0,0,0,0,0,8.799999999999955,0,High,Medium,Low,No
4906,4906,4907,H34320,H,303.6,312.4,1436,45.6,9,0,0,0,0,0,0,8.799999999999955,0,High,Medium,Low,No
4907,4907,4908,M19767,M,303.6,312.5,1607,33.7,14,0,0,0,0,0,0,8.899999999999977,0,Medium,Medium,Low,No
4908,4908,4909,M19768,M,303.6,312.5,1459,48.2,17,0,0,0,0,0,0,8.899999999999977,0,High,Medium,Low,No
4909,4909,4910,L52089,L,303.5,312.4,1481,43.7,20,0,0,0,0,0,0,8.899999999999977,0,Medium,Medium,Low,No
4910,4910,4911,M19770,M,303.5,312.4,1606,31.7,22,0,0,0,0,0,0,8.899999999999977,0,Medium,Medium,Low,No
4911,4911,4912,L52091,L,303.5,312.3,1681,29.8,25,0,0,0,0,0,0,8.800000000000011,0,Medium,High,Low,No
4912,4912,4913,L52092,L,303.5,312.2,1511,37.1,27,0,0,0,0,0,0,8.699999999999989,0,Medium,Medium,Low,No
4913,4913,4914,M19773,M,303.5,312.3,1593,35.2,29,0,0,0,0,0,0,8.800000000000011,0,Medium,Medium,Low,No
4914,4914,4915,M19774,M,303.5,312.3,1532,41.7,32,0,0,0,0,0,0,8.800000000000011,0,Medium,Medium,Low,No
4915,4915,4916,H34329,H,303.5,312.3,1386,49.0,35,0,0,0,0,0,0,8.800000000000011,0,High,Medium,Low,No
4916,4916,4917,H34330,H,303.4,312.3,1769,27.9,40,0,0,0,0,0,0,8.900000000000034,0,Medium,High,Low,No
4917,4917,4918,M19777,M,303.4,312.2,1561,38.2,45,0,0,0,0,0,0,8.800000000000011,0,Medium,Medium,Low,No
4918,4918,4919,L52098,L,303.3,312.2,1457,40.7,48,0,0,0,0,0,0,8.899999999999977,0,Medium,Medium,Low,No
4919,4919,4920,L52099,L,303.3,312.2,1506,40.0,50,0,0,0,0,0,0,8.899999999999977,0,Medium,Medium,Low,No
4920,4920,4921,L52100,L,303.4,312.2,1337,69.4,52,1,0,0,1,0,0,8.800000000000011,1,High,Medium,Low,No
4921,4921,4922,L52101,L,303.4,312.3,1287,54.8,54,0,0,0,0,0,0,8.900000000000034,0,High,Medium,Low,No
4922,4922,4923,M19782,M,303.4,312.2,1615,35.7,56,0,0,0,0,0,0,8.800000000000011,0,Medium,Medium,Low,No
4923,4923,4924,M19783,M,303.4,312.2,1972,23.5,59,0,0,0,0,0,0,8.800000000000011,0,Low,High,Low,No
4924,4924,4925,H34338,H,303.4,312.3,1522,42.1,62,0,0,0,0,0,0,8.900000000000034,0,Medium,Medium,Low,No
4925,4925,4926,L52105,L,303.4,312.3,1680,30.6,67,0,0,0,0,0,0,8.900000000000034,0,Medium,High,Low,No
4926,4926,4927,L52106,L,303.4,312.3,1502,36.0,69,0,0,0,0,0,0,8.900000000000034,0,Medium,Medium,Low,No
4927,4927,4928,M19787,M,303.5,312.3,1543,33.3,71,0,0,0,0,0,0,8.800000000000011,0,Medium,Medium,Low,No
4928,4928,4929,L52108,L,303.5,312.3,1584,35.2,74,0,0,0,0,0,0,8.800000000000011,0,Medium,Medium,Low,No
4929,4929,4930,L52109,L,303.5,312.4,1340,44.5,76,0,0,0,0,0,0,8.899999999999977,0,Medium,Medium,Low,No
4930,4930,4931,L52110,L,303.4,312.3,1663,33.9,78,0,0,0,0,0,0,8.900000000000034,0,Medium,High,Low,No
4931,4931,4932,M19791,M,303.3,312.1,1693,30.0,80,0,0,0,0,0,0,8.800000000000011,0,Medium,High,Low,No
4932,4932,4933,L52112,L,303.3,312.1,1418,44.7,83,0,0,0,0,0,0,8.800000000000011,0,Medium,Medium,Medium,No
4933,4933,4934,H34347,H,303.4,312.2,1554,36.8,85,0,0,0,0,0,0,8.800000000000011,0,Medium,Medium,Medium,No
4934,4934,4935,L52114,L,303.4,312.2,1580,35.8,90,0,0,0,0,0,0,8.800000000000011,0,Medium,Medium,Medium,No
4935,4935,4936,L52115,L,303.4,312.3,1479,42.8,92,0,0,0,0,0,0,8.900000000000034,0,Medium,Medium,Medium,No
4936,4936,4937,L52116,L,303.5,312.4,1284,70.6,94,1,0,0,1,0,0,8.899999999999977,1,High,Medium,Medium,No
4937,4937,4938,L52117,L,303.4,312.3,1540,38.7,96,0,0,0,0,0,0,8.900000000000034,0,Medium,Medium,Medium,No
4938,4938,4939,M19798,M,303.5,312.4,1606,30.1,98,0,0,0,0,0,0,8.899999999999977,0,Medium,Medium,Medium,No
4939,4939,4940,L52119,L,303.6,312.5,1286,62.4,101,0,0,0,0,0,0,8.899999999999977,0,High,Medium,Medium,No
4940,4940,4941,L52120,L,303.6,312.6,1502,39.5,103,0,0,0,0,0,0,9.0,0,Medium,Medium,Medium,No
4941,4941,4942,M19801,M,303.6,312.7,1699,31.5,105,0,0,0,0,0,0,9.099999999999966,0,Medium,High,Medium,No
4942,4942,4943,L52122,L,303.5,312.6,1602,34.2,108,0,0,0,0,0,0,9.100000000000023,0,Medium,Medium,Medium,No
4943,4943,4944,H34357,H,303.6,312.6,1436,42.0,110,0,0,0,0,0,0,9.0,0,Medium,Medium,Medium,No
4944,4944,4945,M19804,M,303.6,312.7,1765,27.5,115,0,0,0,0,0,0,9.099999999999966,0,Medium,High,Medium,No
4945,4945,4946,L52125,L,303.6,312.7,1418,44.1,118,0,0,0,0,0,0,9.099999999999966,0,Medium,Medium,Medium,No
4946,4946,4947,M19806,M,303.7,312.7,1669,31.7,120,0,0,0,0,0,0,9.0,0,Medium,High,Medium,No
4947,4947,4948,L52127,L,303.7,312.7,1395,53.9,123,0,0,0,0,0,0,9.0,0,High,Medium,Medium,No
4948,4948,4949,M19808,M,303.8,312.7,1500,41.7,125,0,0,0,0,0,0,8.899999999999977,0,Medium,Medium,Medium,No
4949,4949,4950,M19809,M,303.8,312.7,1555,33.4,128,0,0,0,0,0,0,8.899999999999977,0,Medium,Medium,Medium,No
4950,4950,4951,M19810,M,303.8,312.7,1919,20.2,131,0,0,0,0,0,0,8.899999999999977,0,Low,High,High,No
4951,4951,4952,L52131,L,303.8,312.7,1596,36.6,134,0,0,0,0,0,0,8.899999999999977,0,Medium,Medium,High,No
4952,4952,4953,M19812,M,303.8,312.7,1374,53.6,136,0,0,0,0,0,0,8.899999999999977,0,High,Medium,High,No
4953,4953,4954,L52133,L,303.7,312.5,1670,26.1,139,0,0,0,0,0,0,8.800000000000011,0,Medium,High,High,No
4954,4954,4955,L52134,L,303.7,312.6,1702,29.1,141,0,0,0,0,0,0,8.900000000000034,0,Medium,High,High,No
4955,4955,4956,M19815,M,303.8,312.5,1366,45.1,143,0,0,0,0,0,0,8.699999999999989,0,High,Medium,High,No
4956,4956,4957,M19816,M,303.8,312.5,2344,15.2,146,0,0,0,0,0,0,8.699999999999989,0,Low,High,High,No
4957,4957,4958,M19817,M,303.8,312.6,1768,23.9,149,0,0,0,0,0,0,8.800000000000011,0,Low,High,High,No
4958,4958,4959,L52138,L,303.8,312.5,1523,47.0,152,0,0,0,0,0,0,8.699999999999989,0,High,Medium,High,No
4959,4959,4960,L52139,L,303.8,312.6,1735,25.9,154,0,0,0,0,0,0,8.800000000000011,0,High,High,High,No
4960,4960,4961,L52140,L,303.9,312.7,1339,62.3,156,0,0,0,0,0,0,8.800000000000011,0,High,Medium,High,No
4961,4961,4962,L52141,L,303.9,312.7,1800,24.3,158,0,0,0,0,0,0,8.800000000000011,0,Low,High,High,No
4962,4962,4963,M19822,M,304.0,312.7,1456,51.2,160,0,0,0,0,0,0,8.699999999999989,0,High,Medium,High,No
4963,4963,4964,L52143,L,303.9,312.7,1789,24.4,163,0,0,0,0,0,0,8.800000000000011,0,Low,High,High,No
4964,4964,4965,L52144,L,303.9,312.7,1602,33.9,165,0,0,0,0,0,0,8.800000000000011,0,Medium,Medium,High,No
4965,4965,4966,M19825,M,303.8,312.7,1364,49.3,167,0,0,0,0,0,0,8.899999999999977,0,High,Medium,High,No
4966,4966,4967,L52146,L,303.8,312.6,1793,28.1,170,0,0,0,0,0,0,8.800000000000011,0,Medium,High,High,No
4967,4967,4968,L52147,L,303.9,312.6,1426,53.4,172,0,0,0,0,0,0,8.700000000000045,0,High,Medium,High,No
4968,4968,4969,M19828,M,303.9,312.7,1485,43.3,174,0,0,0,0,0,0,8.800000000000011,0,Medium,Medium,High,No
4969,4969,4970,L52149,L,303.9,312.7,1528,38.4,177,0,0,0,0,0,0,8.800000000000011,0,Medium,Medium,High,No
4970,4970,4971,L52150,L,303.8,312.6,1565,36.0,179,0,0,0,0,0,0,8.800000000000011,0,Medium,Medium,High,No
4971,4971,4972,L52151,L,303.8,312.7,1838,27.8,181,0,0,0,0,0,0,8.899999999999977,0,Medium,High,High,No
4972,4972,4973,H34386,H,303.8,312.6,1811,24.9,183,0,0,0,0,0,0,8.800000000000011,0,Low,High,High,No
4973,4973,4974,L52153,L,303.8,312.7,1461,38.2,188,0,0,0,0,0,0,8.899999999999977,0,Medium,Medium,High,No
4974,4974,4975,L52154,L,303.8,312.7,1414,41.7,190,0,0,0,0,0,0,8.899999999999977,0,Medium,Medium,High,No
4975,4975,4976,L52155,L,303.7,312.7,1426,45.5,192,0,0,0,0,0,0,9.0,0,High,Medium,High,No
4976,4976,4977,L52156,L,303.7,312.7,1359,56.8,194,1,0,0,0,1,0,9.0,1,High,Medium,High,No
4977,4977,4978,L52157,L,303.7,312.7,1540,44.8,196,0,0,0,0,0,0,9.0,0,Medium,Medium,High,No
4978,4978,4979,L52158,L,303.6,312.7,1429,47.7,198,0,0,0,0,0,0,9.099999999999966,0,High,Medium,High,No
4979,4979,4980,M19839,M,303.7,312.7,1612,36.3,200,0,0,0,0,0,0,9.0,0,Medium,Medium,High,No
4980,4980,4981,M19840,M,303.7,312.8,1685,31.8,203,0,0,0,0,0,0,9.100000000000023,0,Medium,High,High,No
4981,4981,4982,M19841,M,303.7,312.8,1558,37.7,206,0,0,0,0,0,0,9.100000000000023,0,Medium,Medium,High,No
4982,4982,4983,L52162,L,303.7,313.0,1811,24.3,209,0,0,0,0,0,0,9.300000000000011,0,Low,High,High,No
4983,4983,4984,L52163,L,303.8,313.1,1869,25.8,211,0,0,0,0,0,0,9.300000000000011,0,High,High,High,No
4984,4984,4985,L52164,L,303.8,313.1,1256,58.7,213,1,0,0,0,1,0,9.300000000000011,1,High,Medium,High,No
4985,4985,4986,M19845,M,303.8,313.0,1789,23.5,215,0,0,0,0,0,0,9.199999999999989,0,Low,High,High,No
4986,4986,4987,L52166,L,303.7,312.9,1502,40.5,0,0,0,0,0,0,0,9.199999999999989,0,Medium,Medium,Low,No
4987,4987,4988,M19847,M,303.7,313.0,1303,54.4,2,0,0,0,0,0,0,9.300000000000011,0,High,Medium,Low,No
4988,4988,4989,L52168,L,303.8,313.1,2497,13.0,5,1,0,0,1,0,0,9.300000000000011,1,Low,High,Low,No
4989,4989,4990,L52169,L,303.9,313.2,1499,37.4,7,0,0,0,0,0,0,9.300000000000011,0,Medium,Medium,Low,No
4990,4990,4991,L52170,L,303.9,313.2,1393,46.5,9,0,0,0,0,0,0,9.300000000000011,0,High,Medium,Low,No
4991,4991,4992,M19851,M,303.9,313.0,1475,41.0,11,0,0,0,0,0,0,9.100000000000023,0,Medium,Medium,Low,No
4992,4992,4993,L52172,L,303.8,312.9,1573,34.6,14,0,0,0,0,0,0,9.099999999999966,0,Medium,Medium,Low,No
4993,4993,4994,L52173,L,303.8,312.9,1819,23.7,16,0,0,0,0,0,0,9.099999999999966,0,Low,High,Low,No
4994,4994,4995,M19854,M,303.5,312.6,1642,29.4,18,0,0,0,0,0,0,9.100000000000023,0,Medium,Medium,Low,No
4995,4995,4996,L52175,L,303.6,312.6,1540,39.8,21,0,0,0,0,0,0,9.0,0,Medium,Medium,Low,No
4996,4996,4997,M19856,M,303.6,312.8,1400,43.2,23,0,0,0,0,0,0,9.199999999999989,0,Medium,Medium,Low,No
4997,4997,4998,M19857,M,303.6,312.8,2659,11.4,26,1,0,0,1,0,0,9.199999999999989,1,Low,High,Low,No
4998,4998,4999,M19858,M,303.6,312.8,1825,25.2,29,0,0,0,0,0,0,9.199999999999989,0,High,High,Low,No
4999,4999,5000,M19859,M,303.7,312.9,1532,41.3,32,0,0,0,0,0,0,9.199999999999989,0,Medium,Medium,Low,No
5000,5000,5001,L52180,L,303.7,312.8,1832,23.6,35,0,0,0,0,0,0,9.100000000000023,0,Low,High,Low,No
5001,5001,5002,M19861,M,303.6,312.7,2174,17.6,37,0,0,0,0,0,0,9.099999999999966,0,Low,High,Low,No
5002,5002,5003,L52182,L,303.7,312.8,1627,31.7,40,0,0,0,0,0,0,9.100000000000023,0,Medium,Medium,Low,No
5003,5003,5004,L52183,L,303.7,312.8,1437,51.3,42,0,0,0,0,0,0,9.100000000000023,0,High,Medium,Low,No
5004,5004,5005,L52184,L,303.7,312.8,1364,46.3,44,0,0,0,0,0,0,9.100000000000023,0,High,Medium,Low,No
5005,5005,5006,M19865,M,303.7,312.9,1444,52.7,46,0,0,0,0,0,0,9.199999999999989,0,High,Medium,Low,No
5006,5006,5007,M19866,M,303.7,312.8,1366,47.3,49,0,0,0,0,0,0,9.100000000000023,0,High,Medium,Low,No
5007,5007,5008,L52187,L,303.8,312.9,1442,48.3,52,0,0,0,0,0,0,9.099999999999966,0,High,Medium,Low,No
5008,5008,5009,H34422,H,303.7,312.8,1488,42.8,54,0,0,0,0,0,0,9.100000000000023,0,Medium,Medium,Low,No
5009,5009,5010,L52189,L,303.7,312.8,1523,40.7,59,0,0,0,0,0,0,9.100000000000023,0,Medium,Medium,Low,No
5010,5010,5011,L52190,L,303.7,312.8,1543,38.3,61,0,0,0,0,0,0,9.100000000000023,0,Medium,Medium,Low,No
5011,5011,5012,M19871,M,303.7,312.8,1634,33.8,63,0,0,0,0,0,0,9.100000000000023,0,Medium,Medium,Low,No
5012,5012,5013,M19872,M,303.8,312.9,1815,27.8,66,0,0,0,0,0,0,9.099999999999966,0,Medium,High,Low,No
5013,5013,5014,M19873,M,303.8,312.9,1594,35.2,69,0,0,0,0,0,0,9.099999999999966,0,Medium,Medium,Low,No
5014,5014,5015,L52194,L,303.8,313.0,1452,38.6,72,0,0,0,0,0,0,9.199999999999989,0,Medium,Medium,Low,No
5015,5015,5016,L52195,L,303.9,313.0,1759,28.4,74,0,0,0,0,0,0,9.100000000000023,0,Medium,High,Low,No
5016,5016,5017,L52196,L,303.9,313.0,1408,47.5,76,0,0,0,0,0,0,9.100000000000023,0,High,Medium,Low,No
5017,5017,5018,L52197,L,303.9,313.0,1483,45.0,78,0,0,0,0,0,0,9.100000000000023,0,Medium,Medium,Low,No
5018,5018,5019,M19878,M,303.9,313.0,1620,36.6,80,0,0,0,0,0,0,9.100000000000023,0,Medium,Medium,Low,No
5019,5019,5020,M19879,M,304.0,313.1,1466,39.5,83,0,0,0,0,0,0,9.100000000000023,0,Medium,Medium,Medium,No
5020,5020,5021,L52200,L,304.1,313.1,1556,36.3,86,0,0,0,0,0,0,9.0,0,Medium,Medium,Medium,No
5021,5021,5022,L52201,L,304.0,313.0,1350,61.1,88,0,0,0,0,0,0,9.0,0,High,Medium,Medium,No
5022,5022,5023,L52202,L,304.0,313.1,1404,47.1,90,0,0,0,0,0,0,9.100000000000023,0,High,Medium,Medium,No
5023,5023,5024,M19883,M,304.0,313.0,1575,34.5,92,0,0,0,0,0,0,9.0,0,Medium,Medium,Medium,No
5024,5024,5025,L52204,L,303.9,313.1,1639,29.0,95,0,0,0,0,0,0,9.200000000000045,0,Medium,Medium,Medium,No
5025,5025,5026,M19885,M,303.9,313.1,1473,42.8,97,0,0,0,0,0,0,9.200000000000045,0,Medium,Medium,Medium,No
5026,5026,5027,L52206,L,303.9,313.2,1481,40.0,100,0,0,0,0,0,0,9.300000000000011,0,Medium,Medium,Medium,No
5027,5027,5028,L52207,L,304.0,313.3,1294,54.6,102,0,0,0,0,0,0,9.300000000000011,0,High,Medium,Medium,No
5028,5028,5029,M19888,M,303.9,313.2,1630,29.3,104,0,0,0,0,0,0,9.300000000000011,0,Medium,Medium,Medium,No
5029,5029,5030,M19889,M,303.9,313.2,1624,39.8,107,0,0,0,0,0,0,9.300000000000011,0,Medium,Medium,Medium,No
5030,5030,5031,M19890,M,303.9,313.1,1437,48.3,110,0,0,0,0,0,0,9.200000000000045,0,High,Medium,Medium,No
5031,5031,5032,M19891,M,303.8,313.0,1514,45.0,113,0,0,0,0,0,0,9.199999999999989,0,Medium,Medium,Medium,No
5032,5032,5033,M19892,M,304.0,313.1,1694,31.4,116,0,0,0,0,0,0,9.100000000000023,0,Medium,High,Medium,No
5033,5033,5034,L52213,L,304.0,313.1,1564,50.9,119,0,0,0,0,0,0,9.100000000000023,0,High,Medium,Medium,No
5034,5034,5035,M19894,M,303.9,313.1,1514,41.1,121,0,0,0,0,0,0,9.200000000000045,0,Medium,Medium,Medium,No
5035,5035,5036,M19895,M,304.0,313.2,1500,40.6,124,0,0,0,0,0,0,9.199999999999989,0,Medium,Medium,Medium,No
5036,5036,5037,L52216,L,304.0,313.2,1615,37.8,127,0,0,0,0,0,0,9.199999999999989,0,Medium,Medium,Medium,No
5037,5037,5038,M19897,M,304.1,313.2,1586,41.1,129,0,0,0,0,0,0,9.099999999999966,0,Medium,Medium,Medium,No
5038,5038,5039,L52218,L,304.1,313.3,1732,28.5,132,0,0,0,0,0,0,9.199999999999989,0,Medium,High,High,No
5039,5039,5040,H34453,H,304.1,313.3,1689,32.5,134,0,0,0,0,0,0,9.199999999999989,0,Medium,High,High,No
5040,5040,5041,H34454,H,304.1,313.2,1586,34.6,139,0,0,0,0,0,0,9.099999999999966,0,Medium,Medium,High,No
5041,5041,5042,L52221,L,304.0,313.2,1314,47.1,144,0,0,0,0,0,0,9.199999999999989,0,High,Medium,High,No
5042,5042,5043,L52222,L,304.1,313.2,1569,35.8,146,0,0,0,0,0,0,9.099999999999966,0,Medium,Medium,High,No
5043,5043,5044,L52223,L,304.1,313.2,1468,39.4,148,0,0,0,0,0,0,9.099999999999966,0,Medium,Medium,High,No
5044,5044,5045,L52224,L,304.1,313.2,1412,47.5,150,0,0,0,0,0,0,9.099999999999966,0,High,Medium,High,No
5045,5045,5046,M19905,M,304.1,313.2,1510,46.9,152,0,0,0,0,0,0,9.099999999999966,0,High,Medium,High,No
5046,5046,5047,M19906,M,304.1,313.2,1410,42.4,155,0,0,0,0,0,0,9.099999999999966,0,Medium,Medium,High,No
5047,5047,5048,M19907,M,304.1,313.3,1680,29.3,158,0,0,0,0,0,0,9.199999999999989,0,Medium,High,High,No
5048,5048,5049,H34462,H,304.0,313.2,1271,68.6,161,1,0,0,1,0,0,9.199999999999989,1,High,Medium,High,No
5049,5049,5050,H34463,H,304.0,313.1,1472,45.5,166,0,0,0,0,0,0,9.100000000000023,0,High,Medium,High,No
5050,5050,5051,H34464,H,304.0,313.0,1701,30.4,171,0,0,0,0,0,0,9.0,0,Medium,High,High,No
5051,5051,5052,L52231,L,303.9,313.0,1480,39.9,176,0,0,0,0,0,0,9.100000000000023,0,Medium,Medium,High,No
5052,5052,5053,L52232,L,303.9,313.0,1433,48.4,178,0,0,0,0,0,0,9.100000000000023,0,High,Medium,High,No
5053,5053,5054,L52233,L,303.8,312.9,1514,34.3,180,0,0,0,0,0,0,9.099999999999966,0,Medium,Medium,High,No
5054,5054,5055,L52234,L,303.8,312.9,1619,35.7,182,0,0,0,0,0,0,9.099999999999966,0,Medium,Medium,High,No
5055,5055,5056,H34469,H,303.8,312.9,1378,45.6,184,0,0,0,0,0,0,9.099999999999966,0,High,Medium,High,No
5056,5056,5057,M19916,M,303.9,312.9,1430,53.5,189,0,0,0,0,0,0,9.0,0,High,Medium,High,No
5057,5057,5058,L52237,L,303.8,312.9,1367,49.9,192,0,0,0,0,0,0,9.099999999999966,0,High,Medium,High,No
5058,5058,5059,L52238,L,303.9,312.9,1526,42.5,194,0,0,0,0,0,0,9.0,0,Medium,Medium,High,No
5059,5059,5060,L52239,L,303.9,312.8,1419,47.9,196,0,0,0,0,0,0,8.900000000000034,0,High,Medium,High,No
5060,5060,5061,L52240,L,304.0,312.8,1542,42.7,198,0,0,0,0,0,0,8.800000000000011,0,Medium,Medium,High,No
5061,5061,5062,L52241,L,304.0,312.9,1363,62.5,200,1,0,0,0,1,0,8.899999999999977,1,High,Medium,High,No
5062,5062,5063,L52242,L,304.0,312.9,1313,53.9,202,0,0,0,0,0,0,8.899999999999977,0,High,Medium,High,No
5063,5063,5064,H34477,H,304.0,312.9,1495,46.6,0,0,0,0,0,0,0,8.899999999999977,0,High,Medium,Low,No
5064,5064,5065,L52244,L,304.0,313.0,1407,42.1,5,0,0,0,0,0,0,9.0,0,Medium,Medium,Low,No
5065,5065,5066,L52245,L,304.1,313.0,1566,37.2,7,0,0,0,0,0,0,8.899999999999977,0,Medium,Medium,Low,No
5066,5066,5067,L52246,L,304.1,313.1,1550,30.9,9,0,0,0,0,0,0,9.0,0,Medium,Medium,Low,No
5067,5067,5068,M19927,M,304.2,313.2,1396,50.5,11,0,0,0,0,0,0,9.0,0,High,Medium,Low,No
5068,5068,5069,M19928,M,304.3,313.3,1540,39.0,14,0,0,0,0,0,0,9.0,0,Medium,Medium,Low,No
5069,5069,5070,M19929,M,304.2,313.2,1380,48.7,17,0,0,0,0,0,0,9.0,0,High,Medium,Low,No
5070,5070,5071,M19930,M,304.2,313.1,1608,31.1,20,0,0,0,0,0,0,8.900000000000034,0,Medium,Medium,Low,No
5071,5071,5072,H34485,H,304.2,313.0,1442,40.9,23,0,0,0,0,0,0,8.800000000000011,0,Medium,Medium,Low,No
5072,5072,5073,L52252,L,304.1,313.0,1408,45.3,28,0,0,0,0,0,0,8.899999999999977,0,High,Medium,Low,No
5073,5073,5074,M19933,M,304.0,313.0,1454,46.8,30,0,0,0,0,0,0,9.0,0,High,Medium,Low,No
5074,5074,5075,L52254,L,304.1,313.1,1666,34.6,33,0,0,0,0,0,0,9.0,0,Medium,High,Low,No
5075,5075,5076,L52255,L,304.1,313.2,1366,46.6,35,0,0,0,0,0,0,9.099999999999966,0,High,Medium,Low,No
5076,5076,5077,L52256,L,304.2,313.2,1464,44.9,37,0,0,0,0,0,0,9.0,0,Medium,Medium,Low,No
5077,5077,5078,L52257,L,304.3,313.3,1775,24.9,39,0,0,0,0,0,0,9.0,0,Low,High,Low,No
5078,5078,5079,M19938,M,304.3,313.4,1482,43.8,41,0,0,0,0,0,0,9.099999999999966,0,Medium,Medium,Low,No
5079,5079,5080,M19939,M,304.2,313.4,1411,54.8,44,0,0,0,0,0,0,9.199999999999989,0,High,Medium,Low,No
5080,5080,5081,L52260,L,304.2,313.3,1410,51.6,47,0,0,0,0,0,0,9.100000000000023,0,High,Medium,Low,No
5081,5081,5082,M19941,M,304.1,313.3,1494,39.0,49,0,0,0,0,0,0,9.199999999999989,0,Medium,Medium,Low,No
5082,5082,5083,H34496,H,304.1,313.2,1590,43.4,52,0,0,0,0,0,0,9.099999999999966,0,Medium,Medium,Low,No
5083,5083,5084,L52263,L,304.1,313.1,1327,54.1,57,0,0,0,0,0,0,9.0,0,High,Medium,Low,No
5084,5084,5085,L52264,L,304.1,313.1,1969,20.8,59,0,0,0,0,0,0,9.0,0,Low,High,Low,No
5085,5085,5086,M19945,M,304.0,313.0,1377,56.0,61,0,0,0,0,0,0,9.0,0,High,Medium,Low,No
5086,5086,5087,L52266,L,304.0,313.0,1541,45.9,64,0,0,0,0,0,0,9.0,0,High,Medium,Low,No
5087,5087,5088,M19947,M,304.0,313.0,1685,28.2,66,0,0,0,0,0,0,9.0,0,Medium,High,Low,No
5088,5088,5089,L52268,L,304.0,313.1,1465,41.0,69,0,0,0,0,0,0,9.100000000000023,0,Medium,Medium,Low,No
5089,5089,5090,M19949,M,303.9,313.1,1483,47.2,71,0,0,0,0,0,0,9.200000000000045,0,High,Medium,Low,No
5090,5090,5091,M19950,M,303.9,313.2,1570,40.7,74,0,0,0,0,0,0,9.300000000000011,0,Medium,Medium,Low,No
5091,5091,5092,L52271,L,303.9,313.2,1345,48.2,77,0,0,0,0,0,0,9.300000000000011,0,High,Medium,Low,No
5092,5092,5093,M19952,M,303.9,313.2,1608,40.6,79,0,0,0,0,0,0,9.300000000000011,0,Medium,Medium,Low,No
5093,5093,5094,M19953,M,304.0,313.3,1415,52.8,82,0,0,0,0,0,0,9.300000000000011,0,High,Medium,Medium,No
5094,5094,5095,M19954,M,304.1,313.5,1470,45.8,85,0,0,0,0,0,0,9.399999999999977,0,High,Medium,Medium,No
5095,5095,5096,M19955,M,304.1,313.5,1428,39.9,88,0,0,0,0,0,0,9.399999999999977,0,Medium,Medium,Medium,No
5096,5096,5097,H34510,H,304.2,313.5,1627,32.2,91,0,0,0,0,0,0,9.300000000000011,0,Medium,Medium,Medium,No
5097,5097,5098,L52277,L,304.2,313.4,1457,49.4,96,0,0,0,0,0,0,9.199999999999989,0,High,Medium,Medium,No
5098,5098,5099,L52278,L,304.2,313.4,1475,40.2,98,0,0,0,0,0,0,9.199999999999989,0,Medium,Medium,Medium,No
5099,5099,5100,L52279,L,304.2,313.5,1438,50.1,100,0,0,0,0,0,0,9.300000000000011,0,High,Medium,Medium,No
5100,5100,5101,M19960,M,304.2,313.5,1437,47.2,102,0,0,0,0,0,0,9.300000000000011,0,High,Medium,Medium,No
5101,5101,5102,M19961,M,304.1,313.4,1518,42.4,105,0,0,0,0,0,0,9.299999999999955,0,Medium,Medium,Medium,No
5102,5102,5103,M19962,M,304.1,313.5,1587,33.6,108,0,0,0,0,0,0,9.399999999999977,0,Medium,Medium,Medium,No
5103,5103,5104,L52283,L,304.1,313.4,1399,43.7,111,0,0,0,0,0,0,9.299999999999955,0,Medium,Medium,Medium,No
5104,5104,5105,L52284,L,304.1,313.5,1469,44.6,113,0,0,0,0,0,0,9.399999999999977,0,Medium,Medium,Medium,No
5105,5105,5106,L52285,L,304.1,313.4,1374,56.6,115,0,0,0,0,0,0,9.299999999999955,0,High,Medium,Medium,No
5106,5106,5107,L52286,L,304.0,313.3,1519,36.7,117,0,0,0,0,0,0,9.300000000000011,0,Medium,Medium,Medium,No
5107,5107,5108,L52287,L,303.9,313.2,1540,44.4,119,0,0,0,0,0,0,9.300000000000011,0,Medium,Medium,Medium,No
5108,5108,5109,L52288,L,303.9,313.3,1394,51.6,121,0,0,0,0,0,0,9.400000000000034,0,High,Medium,Medium,No
5109,5109,5110,M19969,M,304.0,313.4,1389,45.8,123,0,0,0,0,0,0,9.399999999999977,0,High,Medium,Medium,No
5110,5110,5111,M19970,M,304.0,313.5,1732,26.2,126,0,0,0,0,0,0,9.5,0,Medium,High,Medium,No
5111,5111,5112,L52291,L,304.1,313.6,1556,37.4,129,0,0,0,0,0,0,9.5,0,Medium,Medium,Medium,No
5112,5112,5113,M19972,M,304.1,313.6,1441,43.7,131,0,0,0,0,0,0,9.5,0,Medium,Medium,High,No
5113,5113,5114,L52293,L,304.1,313.6,1382,46.7,134,0,0,0,0,0,0,9.5,0,High,Medium,High,No
5114,5114,5115,M19974,M,304.2,313.8,1481,44.9,136,0,0,0,0,0,0,9.600000000000023,0,Medium,Medium,High,No
5115,5115,5116,M19975,M,304.2,313.7,2113,18.4,139,0,0,0,0,0,0,9.5,0,Low,High,High,No
5116,5116,5117,L52296,L,304.2,313.8,1401,53.9,142,0,0,0,0,0,0,9.600000000000023,0,High,Medium,High,No
5117,5117,5118,L52297,L,304.1,313.6,1611,31.4,144,0,0,0,0,0,0,9.5,0,Medium,Medium,High,No
5118,5118,5119,M19978,M,304.2,313.6,1512,33.4,146,0,0,0,0,0,0,9.400000000000034,0,Medium,Medium,High,No
5119,5119,5120,L52299,L,304.2,313.6,1411,46.0,149,0,0,0,0,0,0,9.400000000000034,0,High,Medium,High,No
5120,5120,5121,M19980,M,304.2,313.6,1424,43.7,151,0,0,0,0,0,0,9.400000000000034,0,Medium,Medium,High,No
5121,5121,5122,L52301,L,304.2,313.6,1469,40.0,154,0,0,0,0,0,0,9.400000000000034,0,Medium,Medium,High,No
5122,5122,5123,H34536,H,304.2,313.5,1684,29.8,156,0,0,0,0,0,0,9.300000000000011,0,Medium,High,High,No
5123,5123,5124,M19983,M,304.2,313.5,1532,41.3,161,0,0,0,0,0,0,9.300000000000011,0,Medium,Medium,High,No
5124,5124,5125,M19984,M,304.2,313.5,1557,37.3,164,0,0,0,0,0,0,9.300000000000011,0,Medium,Medium,High,No
5125,5125,5126,M19985,M,304.3,313.5,1416,48.1,167,0,0,0,0,0,0,9.199999999999989,0,High,Medium,High,No
5126,5126,5127,L52306,L,304.3,313.5,1802,25.4,170,0,0,0,0,0,0,9.199999999999989,0,High,High,High,No
5127,5127,5128,M19987,M,304.3,313.5,2245,15.1,172,0,0,0,0,0,0,9.199999999999989,0,Low,High,High,No
5128,5128,5129,L52308,L,304.2,313.4,1434,42.5,175,0,0,0,0,0,0,9.199999999999989,0,Medium,Medium,High,No
5129,5129,5130,M19989,M,304.1,313.3,1725,28.3,177,0,0,0,0,0,0,9.199999999999989,0,Medium,High,High,No
5130,5130,5131,L52310,L,304.2,313.3,1668,35.7,180,0,0,0,0,0,0,9.100000000000023,0,Medium,High,High,No
5131,5131,5132,L52311,L,304.1,313.3,1452,43.9,182,0,0,0,0,0,0,9.199999999999989,0,Medium,Medium,High,No
5132,5132,5133,L52312,L,304.1,313.3,1415,50.0,184,0,0,0,0,0,0,9.199999999999989,0,High,Medium,High,No
5133,5133,5134,L52313,L,304.1,313.2,1824,25.8,186,0,0,0,0,0,0,9.099999999999966,0,High,High,High,No
5134,5134,5135,L52314,L,304.1,313.3,1438,45.5,188,0,0,0,0,0,0,9.199999999999989,0,High,Medium,High,No
5135,5135,5136,L52315,L,304.1,313.3,1883,24.5,190,0,0,0,0,0,0,9.199999999999989,0,Low,High,High,No
5136,5136,5137,L52316,L,304.2,313.4,1735,28.9,192,0,0,0,0,0,0,9.199999999999989,0,Medium,High,High,No
5137,5137,5138,L52317,L,304.3,313.5,1464,36.7,194,0,0,0,0,0,0,9.199999999999989,0,Medium,Medium,High,No
5138,5138,5139,M19998,M,304.3,313.6,1489,40.3,196,0,0,0,0,0,0,9.300000000000011,0,Medium,Medium,High,No
5139,5139,5140,M19999,M,304.4,313.6,1510,38.9,199,0,0,0,0,0,0,9.200000000000045,0,Medium,Medium,High,No
5140,5140,5141,M20000,M,304.3,313.6,1585,32.1,202,0,0,0,0,0,0,9.300000000000011,0,Medium,Medium,High,No
5141,5141,5142,L52321,L,304.4,313.7,1509,35.0,205,1,1,0,0,0,0,9.300000000000011,1,Medium,Medium,High,No
5142,5142,5143,L52322,L,304.4,313.6,1568,39.1,0,0,0,0,0,0,0,9.200000000000045,0,Medium,Medium,Low,No
5143,5143,5144,M20003,M,304.3,313.5,1525,42.0,2,0,0,0,0,0,0,9.199999999999989,0,Medium,Medium,Low,No
5144,5144,5145,L52324,L,304.4,313.7,1607,33.5,5,0,0,0,0,0,0,9.300000000000011,0,Medium,Medium,Low,No
5145,5145,5146,L52325,L,304.5,313.7,1670,32.9,7,0,0,0,0,0,0,9.199999999999989,0,Medium,High,Low,No
5146,5146,5147,L52326,L,304.4,313.6,1585,38.9,9,0,0,0,0,0,0,9.200000000000045,0,Medium,Medium,Low,No
5147,5147,5148,L52327,L,304.4,313.6,1569,38.4,11,0,0,0,0,0,0,9.200000000000045,0,Medium,Medium,Low,No
5148,5148,5149,L52328,L,304.4,313.6,1507,43.1,13,0,0,0,0,0,0,9.200000000000045,0,Medium,Medium,Low,No
5149,5149,5150,L52329,L,304.3,313.5,1452,41.5,15,0,0,0,0,0,0,9.199999999999989,0,Medium,Medium,Low,No
5150,5150,5151,L52330,L,304.3,313.5,1590,29.8,17,0,0,0,0,0,0,9.199999999999989,0,Medium,Medium,Low,No
5151,5151,5152,L52331,L,304.3,313.6,1409,56.0,19,0,0,0,0,0,0,9.300000000000011,0,High,Medium,Low,No
5152,5152,5153,L52332,L,304.3,313.5,2643,12.7,21,0,0,0,0,0,0,9.199999999999989,0,Low,High,Low,No
5153,5153,5154,L52333,L,304.2,313.4,1644,31.7,23,0,0,0,0,0,0,9.199999999999989,0,Medium,Medium,Low,No
5154,5154,5155,L52334,L,304.2,313.4,1568,37.6,25,0,0,0,0,0,0,9.199999999999989,0,Medium,Medium,Low,No
5155,5155,5156,H34569,H,304.2,313.3,1625,37.3,27,0,0,0,0,0,0,9.100000000000023,0,Medium,Medium,Low,No
5156,5156,5157,L52336,L,304.2,313.4,1482,41.4,32,0,0,0,0,0,0,9.199999999999989,0,Medium,Medium,Low,No
5157,5157,5158,H34571,H,304.1,313.3,1397,49.6,34,0,0,0,0,0,0,9.199999999999989,0,High,Medium,Low,No
5158,5158,5159,L52338,L,304.1,313.3,1459,50.3,39,0,0,0,0,0,0,9.199999999999989,0,High,Medium,Low,No
5159,5159,5160,L52339,L,304.2,313.4,1490,44.0,41,0,0,0,0,0,0,9.199999999999989,0,Medium,Medium,Low,No
5160,5160,5161,L52340,L,304.1,313.2,1434,50.1,43,0,0,0,0,0,0,9.099999999999966,0,High,Medium,Low,No
5161,5161,5162,M20021,M,304.1,313.2,2028,18.9,45,0,0,0,0,0,0,9.099999999999966,0,Low,High,Low,No
5162,5162,5163,L52342,L,304.2,313.3,1464,45.9,48,0,0,0,0,0,0,9.100000000000023,0,High,Medium,Low,No
5163,5163,5164,M20023,M,304.2,313.4,1713,23.5,50,0,0,0,0,0,0,9.199999999999989,0,Low,High,Low,No
5164,5164,5165,M20024,M,304.3,313.4,1624,32.1,53,0,0,0,0,0,0,9.099999999999966,0,Medium,Medium,Low,No
5165,5165,5166,L52345,L,304.2,313.4,1421,43.4,56,0,0,0,0,0,0,9.199999999999989,0,Medium,Medium,Low,No
5166,5166,5167,H34580,H,304.2,313.5,1546,41.4,58,0,0,0,0,0,0,9.300000000000011,0,Medium,Medium,Low,No
5167,5167,5168,L52347,L,304.2,313.4,1639,32.7,63,0,0,0,0,0,0,9.199999999999989,0,Medium,Medium,Low,No
5168,5168,5169,H34582,H,304.1,313.4,1696,29.6,65,0,0,0,0,0,0,9.299999999999955,0,Medium,High,Low,No
5169,5169,5170,L52349,L,304.1,313.3,1470,39.9,70,0,0,0,0,0,0,9.199999999999989,0,Medium,Medium,Low,No
5170,5170,5171,M20030,M,304.1,313.3,1480,38.4,72,0,0,0,0,0,0,9.199999999999989,0,Medium,Medium,Low,No
5171,5171,5172,M20031,M,304.2,313.4,1329,54.5,75,0,0,0,0,0,0,9.199999999999989,0,High,Medium,Low,No
5172,5172,5173,L52352,L,304.2,313.4,1740,28.2,78,0,0,0,0,0,0,9.199999999999989,0,Medium,High,Low,No
5173,5173,5174,M20033,M,304.2,313.5,1739,28.1,80,0,0,0,0,0,0,9.300000000000011,0,Medium,High,Low,No
5174,5174,5175,M20034,M,304.2,313.5,1390,47.8,83,0,0,0,0,0,0,9.300000000000011,0,High,Medium,Medium,No
5175,5175,5176,L52355,L,304.2,313.4,1740,23.7,86,0,0,0,0,0,0,9.199999999999989,0,Low,High,Medium,No
5176,5176,5177,M20036,M,304.0,313.3,1844,27.1,88,0,0,0,0,0,0,9.300000000000011,0,Medium,High,Medium,No
5177,5177,5178,H34591,H,304.0,313.1,1388,53.2,91,0,0,0,0,0,0,9.100000000000023,0,High,Medium,Medium,No
5178,5178,5179,H34592,H,304.0,313.2,1517,43.1,96,0,0,0,0,0,0,9.199999999999989,0,Medium,Medium,Medium,No
5179,5179,5180,M20039,M,304.0,313.1,1450,42.8,101,0,0,0,0,0,0,9.100000000000023,0,Medium,Medium,Medium,No
5180,5180,5181,L52360,L,304.0,313.2,1584,38.7,104,0,0,0,0,0,0,9.199999999999989,0,Medium,Medium,Medium,No
5181,5181,5182,L52361,L,304.0,313.1,1720,28.7,106,0,0,0,0,0,0,9.100000000000023,0,Medium,High,Medium,No
5182,5182,5183,L52362,L,303.9,313.1,1586,31.9,108,0,0,0,0,0,0,9.200000000000045,0,Medium,Medium,Medium,No
5183,5183,5184,M20043,M,303.9,313.0,1901,22.5,110,0,0,0,0,0,0,9.100000000000023,0,Low,High,Medium,No
5184,5184,5185,L52364,L,304.0,313.0,1397,42.4,113,0,0,0,0,0,0,9.0,0,Medium,Medium,Medium,No
5185,5185,5186,L52365,L,304.0,313.0,2012,21.1,115,0,0,0,0,0,0,9.0,0,Low,High,Medium,No
5186,5186,5187,L52366,L,304.0,313.0,2354,15.0,117,0,0,0,0,0,0,9.0,0,Low,High,Medium,No
5187,5187,5188,L52367,L,304.0,313.1,1648,35.7,119,0,0,0,0,0,0,9.100000000000023,0,Medium,Medium,Medium,No
5188,5188,5189,L52368,L,304.0,313.2,1632,30.6,121,0,0,0,0,0,0,9.199999999999989,0,Medium,Medium,Medium,No
5189,5189,5190,M20049,M,304.1,313.2,1427,46.9,123,0,0,0,0,0,0,9.099999999999966,0,High,Medium,Medium,No
5190,5190,5191,L52370,L,304.1,313.2,1452,48.0,126,0,0,0,0,0,0,9.099999999999966,0,High,Medium,Medium,No
5191,5191,5192,L52371,L,304.0,313.2,1416,46.0,128,0,0,0,0,0,0,9.199999999999989,0,High,Medium,Medium,No
5192,5192,5193,L52372,L,303.9,313.1,1310,62.9,130,0,0,0,0,0,0,9.200000000000045,0,High,Medium,Medium,No
5193,5193,5194,H34607,H,304.0,313.1,1408,39.8,132,0,0,0,0,0,0,9.100000000000023,0,Medium,Medium,High,No
5194,5194,5195,M20054,M,303.9,313.1,1668,34.4,137,0,0,0,0,0,0,9.200000000000045,0,Medium,High,High,No
5195,5195,5196,L52375,L,303.9,313.0,1551,36.8,140,0,0,0,0,0,0,9.100000000000023,0,Medium,Medium,High,No
5196,5196,5197,H34610,H,303.9,313.0,1517,36.0,142,0,0,0,0,0,0,9.100000000000023,0,Medium,Medium,High,No
5197,5197,5198,H34611,H,303.8,312.9,1570,35.8,147,0,0,0,0,0,0,9.099999999999966,0,Medium,Medium,High,No
5198,5198,5199,L52378,L,303.8,312.8,1428,53.3,152,0,0,0,0,0,0,9.0,0,High,Medium,High,No
5199,5199,5200,L52379,L,303.8,312.8,1503,40.0,154,0,0,0,0,0,0,9.0,0,Medium,Medium,High,No
5200,5200,5201,L52380,L,303.8,312.8,1416,58.7,156,0,0,0,0,0,0,9.0,0,High,Medium,High,No
5201,5201,5202,M20061,M,303.7,312.7,1396,47.3,158,0,0,0,0,0,0,9.0,0,High,Medium,High,No
5202,5202,5203,L52382,L,303.7,312.7,1335,51.1,161,0,0,0,0,0,0,9.0,0,High,Medium,High,No
5203,5203,5204,M20063,M,303.7,312.6,1671,30.5,163,0,0,0,0,0,0,8.900000000000034,0,Medium,High,High,No
5204,5204,5205,L52384,L,303.7,312.7,1989,22.4,166,0,0,0,0,0,0,9.0,0,Low,High,High,No
5205,5205,5206,L52385,L,303.7,312.7,1468,43.3,168,0,0,0,0,0,0,9.0,0,Medium,Medium,High,No
5206,5206,5207,H34620,H,303.7,312.6,1711,27.6,170,0,0,0,0,0,0,8.900000000000034,0,Medium,High,High,No
5207,5207,5208,M20067,M,303.8,312.7,1488,41.3,175,0,0,0,0,0,0,8.899999999999977,0,Medium,Medium,High,No
5208,5208,5209,L52388,L,303.8,312.7,1664,29.3,178,0,0,0,0,0,0,8.899999999999977,0,Medium,High,High,No
5209,5209,5210,M20069,M,303.8,312.7,1507,38.5,180,0,0,0,0,0,0,8.899999999999977,0,Medium,Medium,High,No
5210,5210,5211,L52390,L,303.7,312.6,1466,42.5,183,0,0,0,0,0,0,8.900000000000034,0,Medium,Medium,High,No
5211,5211,5212,L52391,L,303.7,312.5,1433,53.6,185,0,0,0,0,0,0,8.800000000000011,0,High,Medium,High,No
5212,5212,5213,L52392,L,303.7,312.5,1397,45.7,187,0,0,0,0,0,0,8.800000000000011,0,High,Medium,High,No
5213,5213,5214,M20073,M,303.7,312.6,1429,43.3,189,0,0,0,0,0,0,8.900000000000034,0,Medium,Medium,High,No
5214,5214,5215,L52394,L,303.7,312.7,1572,37.2,192,0,0,0,0,0,0,9.0,0,Medium,Medium,High,No
5215,5215,5216,M20075,M,303.7,312.7,1532,42.7,194,0,0,0,0,0,0,9.0,0,Medium,Medium,High,No
5216,5216,5217,M20076,M,303.7,312.7,1316,51.8,197,0,0,0,0,0,0,9.0,0,High,Medium,High,No
5217,5217,5218,M20077,M,303.8,312.8,1420,47.9,200,0,0,0,0,0,0,9.0,0,High,Medium,High,No
5218,5218,5219,L52398,L,303.8,312.9,1589,37.2,203,0,0,0,0,0,0,9.099999999999966,0,Medium,Medium,High,No
5219,5219,5220,L52399,L,303.8,313.0,1365,59.9,205,1,0,0,0,1,0,9.199999999999989,1,High,Medium,High,No
5220,5220,5221,L52400,L,303.8,313.0,1633,32.9,207,0,0,0,0,0,0,9.199999999999989,0,Medium,Medium,High,No
5221,5221,5222,L52401,L,303.9,313.0,1626,31.4,209,0,0,0,0,0,0,9.100000000000023,0,Medium,Medium,High,No
5222,5222,5223,L52402,L,303.9,313.1,1665,29.6,0,0,0,0,0,0,0,9.200000000000045,0,Medium,High,Low,No
5223,5223,5224,M20083,M,303.9,313.2,1350,47.2,2,0,0,0,0,0,0,9.300000000000011,0,High,Medium,Low,No
5224,5224,5225,L52404,L,303.9,313.2,1590,31.9,5,0,0,0,0,0,0,9.300000000000011,0,Medium,Medium,Low,No
5225,5225,5226,M20085,M,304.0,313.2,1437,53.9,7,0,0,0,0,0,0,9.199999999999989,0,High,Medium,Low,No
5226,5226,5227,L52406,L,303.9,313.0,1403,48.3,10,0,0,0,0,0,0,9.100000000000023,0,High,Medium,Low,No
5227,5227,5228,L52407,L,303.9,313.1,1440,41.1,12,0,0,0,0,0,0,9.200000000000045,0,Medium,Medium,Low,No
5228,5228,5229,M20088,M,303.9,313.1,1343,61.4,14,0,0,0,0,0,0,9.200000000000045,0,High,Medium,Low,No
5229,5229,5230,H34643,H,303.9,313.1,1790,26.7,17,0,0,0,0,0,0,9.200000000000045,0,Medium,High,Low,No
5230,5230,5231,M20090,M,303.8,313.1,2117,18.6,22,0,0,0,0,0,0,9.300000000000011,0,Low,High,Low,No
5231,5231,5232,L52411,L,303.8,313.1,1458,42.2,25,0,0,0,0,0,0,9.300000000000011,0,Medium,Medium,Low,No
5232,5232,5233,L52412,L,303.6,312.9,1381,57.8,27,0,0,0,0,0,0,9.299999999999955,0,High,Medium,Low,No
5233,5233,5234,L52413,L,303.6,312.9,1450,45.3,29,0,0,0,0,0,0,9.299999999999955,0,High,Medium,Low,No
5234,5234,5235,L52414,L,303.7,312.9,1461,50.1,31,0,0,0,0,0,0,9.199999999999989,0,High,Medium,Low,No
5235,5235,5236,M20095,M,303.7,312.9,1511,41.0,33,0,0,0,0,0,0,9.199999999999989,0,Medium,Medium,Low,No
5236,5236,5237,L52416,L,303.8,313.1,1394,45.4,36,0,0,0,0,0,0,9.300000000000011,0,High,Medium,Low,No
5237,5237,5238,L52417,L,303.8,313.0,1499,42.3,38,0,0,0,0,0,0,9.199999999999989,0,Medium,Medium,Low,No
5238,5238,5239,L52418,L,303.7,313.0,1457,44.1,40,0,0,0,0,0,0,9.300000000000011,0,Medium,Medium,Low,No
5239,5239,5240,L52419,L,303.7,313.0,1753,29.0,42,0,0,0,0,0,0,9.300000000000011,0,Medium,High,Low,No
5240,5240,5241,L52420,L,303.7,313.0,1694,28.0,44,0,0,0,0,0,0,9.300000000000011,0,Medium,High,Low,No
5241,5241,5242,L52421,L,303.7,313.1,1683,28.4,46,0,0,0,0,0,0,9.400000000000034,0,Medium,High,Low,No
5242,5242,5243,L52422,L,303.7,313.1,1496,47.4,48,0,0,0,0,0,0,9.400000000000034,0,High,Medium,Low,No
5243,5243,5244,L52423,L,303.7,313.1,1721,34.8,50,0,0,0,0,0,0,9.400000000000034,0,Medium,High,Low,No
5244,5244,5245,L52424,L,303.6,313.0,1593,31.6,52,0,0,0,0,0,0,9.399999999999977,0,Medium,Medium,Low,No
5245,5245,5246,L52425,L,303.6,313.0,1575,38.3,54,0,0,0,0,0,0,9.399999999999977,0,Medium,Medium,Low,No
5246,5246,5247,L52426,L,303.5,313.0,1465,41.0,56,0,0,0,0,0,0,9.5,0,Medium,Medium,Low,No
5247,5247,5248,L52427,L,303.6,313.1,1405,38.3,58,0,0,0,0,0,0,9.5,0,Medium,Medium,Low,No
5248,5248,5249,M20108,M,303.5,313.0,1902,21.6,60,0,0,0,0,0,0,9.5,0,Low,High,Low,No
5249,5249,5250,M20109,M,303.4,312.9,1422,39.9,63,0,0,0,0,0,0,9.5,0,Medium,Medium,Low,No
5250,5250,5251,L52430,L,303.5,312.9,1332,52.9,66,0,0,0,0,0,0,9.399999999999977,0,High,Medium,Low,No
5251,5251,5252,M20111,M,303.4,312.9,1307,54.3,68,0,0,0,0,0,0,9.5,0,High,Medium,Low,No
5252,5252,5253,L52432,L,303.5,313.0,1322,59.5,71,0,0,0,0,0,0,9.5,0,High,Medium,Low,No
5253,5253,5254,L52433,L,303.5,313.0,1547,40.3,73,0,0,0,0,0,0,9.5,0,Medium,Medium,Low,No
5254,5254,5255,L52434,L,303.5,313.1,1897,23.6,75,0,0,0,0,0,0,9.600000000000023,0,Low,High,Low,No
5255,5255,5256,M20115,M,303.5,313.0,1403,51.9,77,0,0,0,0,0,0,9.5,0,High,Medium,Low,No
5256,5256,5257,L52436,L,303.5,313.0,1393,51.6,80,0,0,0,0,0,0,9.5,0,High,Medium,Low,No
5257,5257,5258,L52437,L,303.5,313.0,1482,38.5,82,0,0,0,0,0,0,9.5,0,Medium,Medium,Medium,No
5258,5258,5259,M20118,M,303.5,312.9,1572,44.7,84,0,0,0,0,0,0,9.399999999999977,0,Medium,Medium,Medium,No
5259,5259,5260,L52439,L,303.5,312.9,1544,36.9,87,0,0,0,0,0,0,9.399999999999977,0,Medium,Medium,Medium,No
5260,5260,5261,M20120,M,303.5,313.0,1492,46.1,89,0,0,0,0,0,0,9.5,0,High,Medium,Medium,No
5261,5261,5262,L52441,L,303.4,312.8,1513,35.8,92,0,0,0,0,0,0,9.400000000000034,0,Medium,Medium,Medium,No
5262,5262,5263,L52442,L,303.4,312.8,1449,43.9,94,0,0,0,0,0,0,9.400000000000034,0,Medium,Medium,Medium,No
5263,5263,5264,L52443,L,303.5,312.8,1877,22.3,96,0,0,0,0,0,0,9.300000000000011,0,Low,High,Medium,No
5264,5264,5265,L52444,L,303.4,312.8,1376,53.4,98,0,0,0,0,0,0,9.400000000000034,0,High,Medium,Medium,No
5265,5265,5266,M20125,M,303.5,312.9,1883,23.3,100,0,0,0,0,0,0,9.399999999999977,0,Low,High,Medium,No
5266,5266,5267,M20126,M,303.4,312.8,1518,38.7,103,0,0,0,0,0,0,9.400000000000034,0,Medium,Medium,Medium,No
5267,5267,5268,M20127,M,303.5,312.9,1438,42.8,106,0,0,0,0,0,0,9.399999999999977,0,Medium,Medium,Medium,No
5268,5268,5269,L52448,L,303.4,312.9,1389,54.1,109,0,0,0,0,0,0,9.5,0,High,Medium,Medium,No
5269,5269,5270,L52449,L,303.5,312.9,1504,44.8,111,0,0,0,0,0,0,9.399999999999977,0,Medium,Medium,Medium,No
5270,5270,5271,L52450,L,303.5,312.9,1275,64.4,113,0,0,0,0,0,0,9.399999999999977,0,High,Medium,Medium,No
5271,5271,5272,L52451,L,303.6,313.0,1534,39.7,115,0,0,0,0,0,0,9.399999999999977,0,Medium,Medium,Medium,No
5272,5272,5273,M20132,M,303.6,313.0,1396,38.2,117,0,0,0,0,0,0,9.399999999999977,0,Medium,Medium,Medium,No
5273,5273,5274,L52453,L,303.6,313.1,1395,44.1,120,0,0,0,0,0,0,9.5,0,Medium,Medium,Medium,No
5274,5274,5275,L52454,L,303.6,313.0,1617,30.9,122,0,0,0,0,0,0,9.399999999999977,0,Medium,Medium,Medium,No
5275,5275,5276,L52455,L,303.7,313.1,1423,41.2,124,0,0,0,0,0,0,9.400000000000034,0,Medium,Medium,Medium,No
5276,5276,5277,L52456,L,303.5,313.0,1606,34.0,126,0,0,0,0,0,0,9.5,0,Medium,Medium,Medium,No
5277,5277,5278,L52457,L,303.5,312.9,1501,44.0,128,0,0,0,0,0,0,9.399999999999977,0,Medium,Medium,Medium,No
5278,5278,5279,M20138,M,303.5,312.9,1618,30.4,130,0,0,0,0,0,0,9.399999999999977,0,Medium,Medium,Medium,No
5279,5279,5280,L52459,L,303.6,313.0,1522,35.8,133,0,0,0,0,0,0,9.399999999999977,0,Medium,Medium,High,No
5280,5280,5281,L52460,L,303.6,312.9,1480,41.4,135,0,0,0,0,0,0,9.299999999999955,0,Medium,Medium,High,No
5281,5281,5282,M20141,M,303.7,313.0,1469,39.9,137,0,0,0,0,0,0,9.300000000000011,0,Medium,Medium,High,No
5282,5282,5283,H34696,H,303.8,313.2,1381,52.4,140,0,0,0,0,0,0,9.399999999999977,0,High,Medium,High,No
5283,5283,5284,L52463,L,303.8,313.2,1525,41.9,145,0,0,0,0,0,0,9.399999999999977,0,Medium,Medium,High,No
5284,5284,5285,M20144,M,303.8,313.2,1732,29.6,147,0,0,0,0,0,0,9.399999999999977,0,Medium,High,High,No
5285,5285,5286,L52465,L,303.8,313.1,1523,39.8,150,0,0,0,0,0,0,9.300000000000011,0,Medium,Medium,High,No
5286,5286,5287,L52466,L,303.8,313.1,1422,42.4,152,0,0,0,0,0,0,9.300000000000011,0,Medium,Medium,High,No
5287,5287,5288,H34701,H,303.8,313.2,1506,46.9,154,0,0,0,0,0,0,9.399999999999977,0,High,Medium,High,No
5288,5288,5289,L52468,L,303.8,313.2,1531,39.4,159,0,0,0,0,0,0,9.399999999999977,0,Medium,Medium,High,No
5289,5289,5290,M20149,M,303.9,313.3,1507,34.3,161,0,0,0,0,0,0,9.400000000000034,0,Medium,Medium,High,No
5290,5290,5291,L52470,L,303.9,313.3,1526,40.7,164,0,0,0,0,0,0,9.400000000000034,0,Medium,Medium,High,No
5291,5291,5292,L52471,L,303.8,313.3,1406,52.1,166,0,0,0,0,0,0,9.5,0,High,Medium,High,No
5292,5292,5293,M20152,M,303.9,313.3,1567,35.0,168,0,0,0,0,0,0,9.400000000000034,0,Medium,Medium,High,No
5293,5293,5294,M20153,M,303.9,313.4,1464,49.1,171,0,0,0,0,0,0,9.5,0,High,Medium,High,No
5294,5294,5295,L52474,L,303.9,313.4,1442,48.5,174,0,0,0,0,0,0,9.5,0,High,Medium,High,No
5295,5295,5296,L52475,L,303.8,313.2,1336,47.8,176,0,0,0,0,0,0,9.399999999999977,0,High,Medium,High,No
5296,5296,5297,H34710,H,303.8,313.2,1379,50.2,178,0,0,0,0,0,0,9.399999999999977,0,High,Medium,High,No
5297,5297,5298,L52477,L,303.7,313.1,1406,48.6,183,0,0,0,0,0,0,9.400000000000034,0,High,Medium,High,No
5298,5298,5299,M20158,M,303.7,313.1,2130,18.1,185,0,0,0,0,0,0,9.400000000000034,0,Low,High,High,No
5299,5299,5300,L52479,L,303.7,313.1,1355,49.1,188,0,0,0,0,0,0,9.400000000000034,0,High,Medium,High,No
5300,5300,5301,M20160,M,303.8,313.2,1710,26.5,190,0,0,0,0,0,0,9.399999999999977,0,Medium,High,High,No
5301,5301,5302,L52481,L,303.8,313.1,1309,55.8,193,0,0,0,0,0,0,9.300000000000011,0,High,Medium,High,No
5302,5302,5303,L52482,L,303.9,313.1,1491,37.2,195,0,0,0,0,0,0,9.200000000000045,0,Medium,Medium,High,No
5303,5303,5304,L52483,L,303.9,313.2,1481,44.1,197,0,0,0,0,0,0,9.300000000000011,0,Medium,Medium,High,No
5304,5304,5305,L52484,L,303.9,313.1,1425,49.3,199,0,0,0,0,0,0,9.200000000000045,0,High,Medium,High,No
5305,5305,5306,H34719,H,303.9,313.2,1680,29.1,201,0,0,0,0,0,0,9.300000000000011,0,Medium,High,High,No
5306,5306,5307,H34720,H,304.0,313.2,1612,31.7,206,0,0,0,0,0,0,9.199999999999989,0,Medium,Medium,High,No
5307,5307,5308,L52487,L,304.0,313.3,1530,34.8,211,0,0,0,0,0,0,9.300000000000011,0,Medium,Medium,High,No
5308,5308,5309,L52488,L,304.0,313.2,1481,42.6,213,0,0,0,0,0,0,9.199999999999989,0,Medium,Medium,High,No
5309,5309,5310,M20169,M,303.9,313.2,1422,48.0,215,1,1,0,0,0,0,9.300000000000011,1,High,Medium,High,No
5310,5310,5311,L52490,L,303.8,313.0,1427,43.0,0,0,0,0,0,0,0,9.199999999999989,0,Medium,Medium,Low,No
5311,5311,5312,H34725,H,303.7,312.9,1460,49.8,2,0,0,0,0,0,0,9.199999999999989,0,High,Medium,Low,No
5312,5312,5313,L52492,L,303.6,312.9,1873,23.5,7,0,0,0,0,0,0,9.299999999999955,0,Low,High,Low,No
5313,5313,5314,M20173,M,303.7,312.9,1566,32.6,9,0,0,0,0,0,0,9.199999999999989,0,Medium,Medium,Low,No
5314,5314,5315,L52494,L,303.6,312.8,1701,30.8,12,0,0,0,0,0,0,9.199999999999989,0,Medium,High,Low,No
5315,5315,5316,L52495,L,303.6,312.8,1710,27.2,14,0,0,0,0,0,0,9.199999999999989,0,Medium,High,Low,No
5316,5316,5317,M20176,M,303.6,312.8,1689,33.1,16,0,0,0,0,0,0,9.199999999999989,0,Medium,High,Low,No
5317,5317,5318,L52497,L,303.6,312.7,1637,32.9,19,0,0,0,0,0,0,9.099999999999966,0,Medium,Medium,Low,No
5318,5318,5319,L52498,L,303.5,312.6,1496,39.0,21,0,0,0,0,0,0,9.100000000000023,0,Medium,Medium,Low,No
5319,5319,5320,M20179,M,303.5,312.7,1402,47.0,23,0,0,0,0,0,0,9.199999999999989,0,High,Medium,Low,No
5320,5320,5321,L52500,L,303.4,312.7,1363,45.5,26,0,0,0,0,0,0,9.300000000000011,0,High,Medium,Low,No
5321,5321,5322,M20181,M,303.4,312.7,1576,49.9,28,0,0,0,0,0,0,9.300000000000011,0,High,Medium,Low,No
5322,5322,5323,M20182,M,303.4,312.7,1357,55.3,31,0,0,0,0,0,0,9.300000000000011,0,High,Medium,Low,No
5323,5323,5324,M20183,M,303.4,312.7,1399,48.4,34,0,0,0,0,0,0,9.300000000000011,0,High,Medium,Low,No
5324,5324,5325,M20184,M,303.4,312.8,1526,30.8,37,0,0,0,0,0,0,9.400000000000034,0,Medium,Medium,Low,No
5325,5325,5326,L52505,L,303.5,312.7,1694,27.3,40,0,0,0,0,0,0,9.199999999999989,0,Medium,High,Low,No
5326,5326,5327,M20186,M,303.5,312.7,1420,49.1,42,0,0,0,0,0,0,9.199999999999989,0,High,Medium,Low,No
5327,5327,5328,M20187,M,303.5,312.7,2116,16.7,45,0,0,0,0,0,0,9.199999999999989,0,Low,High,Low,No
5328,5328,5329,M20188,M,303.7,312.9,1406,41.9,48,0,0,0,0,0,0,9.199999999999989,0,Medium,Medium,Low,No
5329,5329,5330,L52509,L,303.7,313.0,1456,45.5,51,0,0,0,0,0,0,9.300000000000011,0,High,Medium,Low,No
5330,5330,5331,L52510,L,303.6,312.9,1588,31.9,53,0,0,0,0,0,0,9.299999999999955,0,Medium,Medium,Low,No
5331,5331,5332,L52511,L,303.7,312.8,1448,44.5,55,0,0,0,0,0,0,9.100000000000023,0,Medium,Medium,Low,No
5332,5332,5333,H34746,H,303.6,312.7,1403,46.2,57,0,0,0,0,0,0,9.099999999999966,0,High,Medium,Low,No
5333,5333,5334,M20193,M,303.5,312.6,1405,51.6,62,0,0,0,0,0,0,9.100000000000023,0,High,Medium,Low,No
5334,5334,5335,M20194,M,303.4,312.6,2706,9.8,65,1,0,0,1,0,0,9.200000000000045,1,Low,High,Low,No
5335,5335,5336,M20195,M,303.3,312.4,1505,38.9,68,0,0,0,0,0,0,9.099999999999966,0,Medium,Medium,Low,No
5336,5336,5337,L52516,L,303.2,312.4,1663,33.7,71,0,0,0,0,0,0,9.199999999999989,0,Medium,High,Low,No
5337,5337,5338,M20197,M,303.3,312.6,1482,44.4,73,0,0,0,0,0,0,9.300000000000011,0,Medium,Medium,Low,No
5338,5338,5339,M20198,M,303.3,312.5,1674,32.7,76,0,0,0,0,0,0,9.199999999999989,0,Medium,High,Low,No
5339,5339,5340,M20199,M,303.4,312.7,1594,32.8,79,0,0,0,0,0,0,9.300000000000011,0,Medium,Medium,Low,No
5340,5340,5341,L52520,L,303.5,312.7,1393,49.3,82,0,0,0,0,0,0,9.199999999999989,0,High,Medium,Medium,No
5341,5341,5342,H34755,H,303.5,312.8,1404,55.8,84,0,0,0,0,0,0,9.300000000000011,0,High,Medium,Medium,No
5342,5342,5343,M20202,M,303.5,312.8,1375,45.7,89,0,0,0,0,0,0,9.300000000000011,0,High,Medium,Medium,No
5343,5343,5344,L52523,L,303.5,312.8,1607,38.4,92,0,0,0,0,0,0,9.300000000000011,0,Medium,Medium,Medium,No
5344,5344,5345,L52524,L,303.4,312.8,1360,50.8,94,0,0,0,0,0,0,9.400000000000034,0,High,Medium,Medium,No
5345,5345,5346,L52525,L,303.5,312.8,1524,39.4,96,0,0,0,0,0,0,9.300000000000011,0,Medium,Medium,Medium,No
5346,5346,5347,L52526,L,303.4,312.7,1534,35.5,98,0,0,0,0,0,0,9.300000000000011,0,Medium,Medium,Medium,No
5347,5347,5348,L52527,L,303.3,312.7,1262,63.8,100,0,0,0,0,0,0,9.399999999999977,0,High,Medium,Medium,No
5348,5348,5349,L52528,L,303.3,312.6,1623,34.6,102,0,0,0,0,0,0,9.300000000000011,0,Medium,Medium,Medium,No
5349,5349,5350,M20209,M,303.3,312.7,1642,33.6,104,0,0,0,0,0,0,9.399999999999977,0,Medium,Medium,Medium,No
5350,5350,5351,M20210,M,303.4,312.8,1622,35.1,107,0,0,0,0,0,0,9.400000000000034,0,Medium,Medium,Medium,No
5351,5351,5352,M20211,M,303.5,312.9,1530,34.5,110,0,0,0,0,0,0,9.399999999999977,0,Medium,Medium,Medium,No
5352,5352,5353,M20212,M,303.4,312.8,1590,36.3,113,0,0,0,0,0,0,9.400000000000034,0,Medium,Medium,Medium,No
5353,5353,5354,L52533,L,303.4,312.7,1589,34.0,116,0,0,0,0,0,0,9.300000000000011,0,Medium,Medium,Medium,No
5354,5354,5355,L52534,L,303.4,312.6,1462,37.5,118,0,0,0,0,0,0,9.200000000000045,0,Medium,Medium,Medium,No
5355,5355,5356,H34769,H,303.3,312.5,1328,49.8,120,0,0,0,0,0,0,9.199999999999989,0,High,Medium,Medium,No
5356,5356,5357,H34770,H,303.3,312.6,1692,29.0,125,0,0,0,0,0,0,9.300000000000011,0,Medium,High,Medium,No
5357,5357,5358,L52537,L,303.3,312.5,1968,20.6,130,0,0,0,0,0,0,9.199999999999989,0,Low,High,Medium,No
5358,5358,5359,H34772,H,303.3,312.6,1827,24.2,132,0,0,0,0,0,0,9.300000000000011,0,Low,High,High,No
5359,5359,5360,M20219,M,303.3,312.6,1397,47.1,137,0,0,0,0,0,0,9.300000000000011,0,High,Medium,High,No
5360,5360,5361,L52540,L,303.3,312.6,1463,44.0,140,0,0,0,0,0,0,9.300000000000011,0,Medium,Medium,High,No
5361,5361,5362,L52541,L,303.3,312.7,1643,30.7,142,0,0,0,0,0,0,9.399999999999977,0,Medium,Medium,High,No
5362,5362,5363,L52542,L,303.2,312.6,1281,57.0,144,0,0,0,0,0,0,9.400000000000034,0,High,Medium,High,No
5363,5363,5364,L52543,L,303.2,312.5,1518,39.9,146,0,0,0,0,0,0,9.300000000000011,0,Medium,Medium,High,No
5364,5364,5365,L52544,L,303.2,312.6,1601,35.3,148,0,0,0,0,0,0,9.400000000000034,0,Medium,Medium,High,No
5365,5365,5366,L52545,L,303.1,312.6,1548,36.4,150,0,0,0,0,0,0,9.5,0,Medium,Medium,High,No
5366,5366,5367,H34780,H,303.1,312.6,1404,40.6,152,0,0,0,0,0,0,9.5,0,Medium,Medium,High,No
5367,5367,5368,M20227,M,303.1,312.5,1766,26.7,157,0,0,0,0,0,0,9.399999999999977,0,Medium,High,High,No
5368,5368,5369,M20228,M,303.1,312.5,1667,30.0,160,0,0,0,0,0,0,9.399999999999977,0,Medium,High,High,No
5369,5369,5370,H34783,H,303.0,312.5,1507,37.9,163,0,0,0,0,0,0,9.5,0,Medium,Medium,High,No
5370,5370,5371,H34784,H,303.0,312.4,1627,37.1,168,0,0,0,0,0,0,9.399999999999977,0,Medium,Medium,High,No
5371,5371,5372,L52551,L,302.9,312.3,1435,47.7,173,0,0,0,0,0,0,9.400000000000034,0,High,Medium,High,No
5372,5372,5373,H34786,H,302.9,312.3,1509,46.8,175,0,0,0,0,0,0,9.400000000000034,0,High,Medium,High,No
5373,5373,5374,M20233,M,302.9,312.3,1809,25.0,180,0,0,0,0,0,0,9.400000000000034,0,Low,High,High,No
5374,5374,5375,L52554,L,302.9,312.3,1515,40.8,183,0,0,0,0,0,0,9.400000000000034,0,Medium,Medium,High,No
5375,5375,5376,L52555,L,302.9,312.3,1530,34.9,185,0,0,0,0,0,0,9.400000000000034,0,Medium,Medium,High,No
5376,5376,5377,H34790,H,302.8,312.3,1336,57.5,187,0,0,0,0,0,0,9.5,0,High,Medium,High,No
5377,5377,5378,L52557,L,302.9,312.4,2030,19.1,192,0,0,0,0,0,0,9.5,0,Low,High,High,No
5378,5378,5379,L52558,L,302.9,312.4,1550,36.9,194,0,0,0,0,0,0,9.5,0,Medium,Medium,High,No
5379,5379,5380,L52559,L,302.9,312.4,1446,41.7,196,0,0,0,0,0,0,9.5,0,Medium,Medium,High,No
5380,5380,5381,L52560,L,302.8,312.3,1494,37.5,198,0,0,0,0,0,0,9.5,0,Medium,Medium,High,No
5381,5381,5382,L52561,L,302.8,312.4,1651,27.0,200,0,0,0,0,0,0,9.599999999999966,0,Medium,High,High,No
5382,5382,5383,L52562,L,302.9,312.4,1698,33.8,202,0,0,0,0,0,0,9.5,0,Medium,High,High,No
5383,5383,5384,L52563,L,302.8,312.3,1504,40.3,204,0,0,0,0,0,0,9.5,0,Medium,Medium,High,No
5384,5384,5385,M20244,M,302.9,312.4,1421,46.0,206,0,0,0,0,0,0,9.5,0,High,Medium,High,No
5385,5385,5386,H34799,H,302.9,312.3,1754,26.9,209,0,0,0,0,0,0,9.400000000000034,0,Medium,High,High,No
5386,5386,5387,L52566,L,302.9,312.2,1469,42.0,214,0,0,0,0,0,0,9.300000000000011,0,Medium,Medium,High,No
5387,5387,5388,L52567,L,302.8,312.2,1433,50.0,216,0,0,0,0,0,0,9.399999999999977,0,High,Medium,High,No
5388,5388,5389,M20248,M,302.8,312.3,1432,49.0,218,0,0,0,0,0,0,9.5,0,High,Medium,High,No
5389,5389,5390,L52569,L,302.8,312.3,1366,49.1,221,0,0,0,0,0,0,9.5,0,High,Medium,High,No
5390,5390,5391,H34804,H,302.8,312.3,1483,47.2,223,0,0,0,0,0,0,9.5,0,High,Medium,High,No
5391,5391,5392,L52571,L,302.7,312.2,1572,34.4,228,0,0,0,0,0,0,9.5,0,Medium,Medium,High,No
5392,5392,5393,L52572,L,302.8,312.2,1481,40.2,230,0,0,0,0,0,0,9.399999999999977,0,Medium,Medium,High,No
5393,5393,5394,L52573,L,302.8,312.3,1473,42.6,232,0,0,0,0,0,0,9.5,0,Medium,Medium,High,No
5394,5394,5395,M20254,M,302.8,312.3,1262,70.5,234,1,0,0,1,1,0,9.5,2,High,Medium,High,No
5395,5395,5396,L52575,L,302.8,312.4,1529,36.8,237,0,0,0,0,0,0,9.599999999999966,0,Medium,Medium,High,No
5396,5396,5397,L52576,L,302.8,312.4,1523,39.7,239,0,0,0,0,0,0,9.599999999999966,0,Medium,Medium,High,No
5397,5397,5398,M20257,M,302.8,312.3,1416,42.7,241,0,0,0,0,0,0,9.5,0,Medium,Medium,High,No
5398,5398,5399,L52578,L,302.9,312.4,1923,23.9,244,0,0,0,0,0,0,9.5,0,Low,High,High,No
5399,5399,5400,H34813,H,302.8,312.4,1411,53.8,246,1,0,0,0,1,0,9.599999999999966,1,High,Medium,High,No
5400,5400,5401,L52580,L,302.7,312.4,1477,46.3,251,1,0,0,0,1,0,9.699999999999989,1,High,Medium,High,No
5401,5401,5402,M20261,M,302.6,312.3,1454,54.8,253,1,1,0,0,1,0,9.699999999999989,2,High,Medium,High,No
5402,5402,5403,L52582,L,302.7,312.3,1421,48.5,0,0,0,0,0,0,0,9.600000000000023,0,High,Medium,Low,No
5403,5403,5404,L52583,L,302.7,312.3,1858,25.4,2,0,0,0,0,0,0,9.600000000000023,0,High,High,Low,No
5404,5404,5405,H34818,H,302.8,312.5,1422,46.1,4,0,0,0,0,0,0,9.699999999999989,0,High,Medium,Low,No
5405,5405,5406,L52585,L,302.7,312.4,1444,48.7,9,0,0,0,0,0,0,9.699999999999989,0,High,Medium,Low,No
5406,5406,5407,L52586,L,302.7,312.4,1360,47.8,11,0,0,0,0,0,0,9.699999999999989,0,High,Medium,Low,No
5407,5407,5408,L52587,L,302.7,312.4,1954,24.8,13,0,0,0,0,0,0,9.699999999999989,0,Low,High,Low,No
5408,5408,5409,L52588,L,302.6,312.4,1628,33.0,15,0,0,0,0,0,0,9.799999999999955,0,Medium,Medium,Low,No
5409,5409,5410,L52589,L,302.7,312.4,1433,44.2,17,0,0,0,0,0,0,9.699999999999989,0,Medium,Medium,Low,No
5410,5410,5411,M20270,M,302.7,312.5,1417,51.5,19,0,0,0,0,0,0,9.800000000000011,0,High,Medium,Low,No
5411,5411,5412,L52591,L,302.8,312.6,1462,39.4,22,0,0,0,0,0,0,9.800000000000011,0,Medium,Medium,Low,No
5412,5412,5413,L52592,L,302.9,312.6,1328,59.9,24,0,0,0,0,0,0,9.700000000000045,0,High,Medium,Low,No
5413,5413,5414,H34827,H,302.7,312.5,1527,36.4,26,0,0,0,0,0,0,9.800000000000011,0,Medium,Medium,Low,No
5414,5414,5415,L52594,L,302.6,312.3,1534,34.3,31,0,0,0,0,0,0,9.699999999999989,0,Medium,Medium,Low,No
5415,5415,5416,M20275,M,302.6,312.4,1410,50.3,33,0,0,0,0,0,0,9.799999999999955,0,High,Medium,Low,No
5416,5416,5417,L52596,L,302.6,312.3,1660,30.3,36,0,0,0,0,0,0,9.699999999999989,0,Medium,High,Low,No
5417,5417,5418,L52597,L,302.6,312.4,1386,45.8,38,0,0,0,0,0,0,9.799999999999955,0,High,Medium,Low,No
5418,5418,5419,L52598,L,302.6,312.4,1398,41.6,40,0,0,0,0,0,0,9.799999999999955,0,Medium,Medium,Low,No
5419,5419,5420,L52599,L,302.6,312.3,1321,53.4,42,0,0,0,0,0,0,9.699999999999989,0,High,Medium,Low,No
5420,5420,5421,L52600,L,302.6,312.3,1512,34.2,44,0,0,0,0,0,0,9.699999999999989,0,Medium,Medium,Low,No
5421,5421,5422,M20281,M,302.6,312.3,1566,36.6,46,0,0,0,0,0,0,9.699999999999989,0,Medium,Medium,Low,No
5422,5422,5423,M20282,M,302.7,312.4,1422,44.5,49,0,0,0,0,0,0,9.699999999999989,0,Medium,Medium,Low,No
5423,5423,5424,L52603,L,302.6,312.3,1647,31.8,52,0,0,0,0,0,0,9.699999999999989,0,Medium,Medium,Low,No
5424,5424,5425,L52604,L,302.6,312.2,1377,45.5,54,0,0,0,0,0,0,9.599999999999966,0,High,Medium,Low,No
5425,5425,5426,L52605,L,302.5,312.2,1775,27.9,56,0,0,0,0,0,0,9.699999999999989,0,Medium,High,Low,No
5426,5426,5427,L52606,L,302.6,312.3,1554,42.0,58,0,0,0,0,0,0,9.699999999999989,0,Medium,Medium,Low,No
5427,5427,5428,L52607,L,302.7,312.4,1423,51.9,60,0,0,0,0,0,0,9.699999999999989,0,High,Medium,Low,No
5428,5428,5429,L52608,L,302.7,312.4,1453,47.3,62,0,0,0,0,0,0,9.699999999999989,0,High,Medium,Low,No
5429,5429,5430,L52609,L,302.8,312.4,1590,34.4,64,0,0,0,0,0,0,9.599999999999966,0,Medium,Medium,Low,No
5430,5430,5431,L52610,L,302.8,312.5,1694,28.4,66,0,0,0,0,0,0,9.699999999999989,0,Medium,High,Low,No
5431,5431,5432,L52611,L,302.8,312.5,1462,43.4,68,0,0,0,0,0,0,9.699999999999989,0,Medium,Medium,Low,No
5432,5432,5433,L52612,L,302.8,312.4,1392,46.2,70,0,0,0,0,0,0,9.599999999999966,0,High,Medium,Low,No
5433,5433,5434,L52613,L,302.9,312.5,1550,45.5,72,0,0,0,0,0,0,9.600000000000023,0,High,Medium,Low,No
5434,5434,5435,L52614,L,302.9,312.5,1629,30.4,74,0,0,0,0,0,0,9.600000000000023,0,Medium,Medium,Low,No
5435,5435,5436,M20295,M,303.0,312.5,1524,42.1,76,0,0,0,0,0,0,9.5,0,Medium,Medium,Low,No
5436,5436,5437,M20296,M,302.9,312.5,1679,30.9,79,0,0,0,0,0,0,9.600000000000023,0,Medium,High,Low,No
5437,5437,5438,M20297,M,302.9,312.6,1394,46.4,82,0,0,0,0,0,0,9.700000000000045,0,High,Medium,Medium,No
5438,5438,5439,L52618,L,302.9,312.5,1683,32.1,85,0,0,0,0,0,0,9.600000000000023,0,Medium,High,Medium,No
5439,5439,5440,L52619,L,303.0,312.5,1626,30.5,87,0,0,0,0,0,0,9.5,0,Medium,Medium,Medium,No
5440,5440,5441,H34854,H,303.0,312.5,1698,30.0,89,0,0,0,0,0,0,9.5,0,Medium,High,Medium,No
5441,5441,5442,M20301,M,303.0,312.6,1392,42.9,94,0,0,0,0,0,0,9.600000000000023,0,Medium,Medium,Medium,No
5442,5442,5443,L52622,L,303.1,312.7,1353,51.8,97,0,0,0,0,0,0,9.599999999999966,0,High,Medium,Medium,No
5443,5443,5444,M20303,M,303.0,312.7,1426,46.8,99,0,0,0,0,0,0,9.699999999999989,0,High,Medium,Medium,No
5444,5444,5445,L52624,L,303.0,312.7,2024,19.9,102,0,0,0,0,0,0,9.699999999999989,0,Low,High,Medium,No
5445,5445,5446,M20305,M,303.0,312.8,1648,32.1,104,0,0,0,0,0,0,9.800000000000011,0,Medium,Medium,Medium,No
5446,5446,5447,L52626,L,303.1,312.9,1511,40.1,107,0,0,0,0,0,0,9.799999999999955,0,Medium,Medium,Medium,No
5447,5447,5448,L52627,L,303.1,312.8,1465,44.1,109,0,0,0,0,0,0,9.699999999999989,0,Medium,Medium,Medium,No
5448,5448,5449,L52628,L,303.0,312.7,1551,41.8,111,0,0,0,0,0,0,9.699999999999989,0,Medium,Medium,Medium,No
5449,5449,5450,L52629,L,303.1,312.8,2329,15.1,113,0,0,0,0,0,0,9.699999999999989,0,Low,High,Medium,No
5450,5450,5451,H34864,H,303.1,312.8,1435,41.9,115,0,0,0,0,0,0,9.699999999999989,0,Medium,Medium,Medium,No
5451,5451,5452,L52631,L,303.0,312.7,1361,48.8,120,0,0,0,0,0,0,9.699999999999989,0,High,Medium,Medium,No
5452,5452,5453,M20312,M,303.0,312.7,1553,35.8,122,0,0,0,0,0,0,9.699999999999989,0,Medium,Medium,Medium,No
5453,5453,5454,L52633,L,303.0,312.6,1451,42.1,125,0,0,0,0,0,0,9.600000000000023,0,Medium,Medium,Medium,No
5454,5454,5455,L52634,L,303.0,312.5,1461,40.2,127,0,0,0,0,0,0,9.5,0,Medium,Medium,Medium,No
5455,5455,5456,M20315,M,303.1,312.6,1895,23.5,129,0,0,0,0,0,0,9.5,0,Low,High,Medium,No
5456,5456,5457,M20316,M,303.1,312.6,1567,32.9,132,0,0,0,0,0,0,9.5,0,Medium,Medium,High,No
5457,5457,5458,M20317,M,303.0,312.5,1602,33.7,135,0,0,0,0,0,0,9.5,0,Medium,Medium,High,No
5458,5458,5459,L52638,L,303.1,312.6,1514,42.1,138,0,0,0,0,0,0,9.5,0,Medium,Medium,High,No
5459,5459,5460,L52639,L,303.1,312.5,1453,49.1,140,0,0,0,0,0,0,9.399999999999977,0,High,Medium,High,No
5460,5460,5461,M20320,M,303.0,312.4,1526,36.1,142,0,0,0,0,0,0,9.399999999999977,0,Medium,Medium,High,No
5461,5461,5462,M20321,M,302.9,312.3,1339,52.1,145,0,0,0,0,0,0,9.400000000000034,0,High,Medium,High,No
5462,5462,5463,L52642,L,302.9,312.3,1889,22.8,148,0,0,0,0,0,0,9.400000000000034,0,Low,High,High,No
5463,5463,5464,L52643,L,302.9,312.4,1561,34.8,150,0,0,0,0,0,0,9.5,0,Medium,Medium,High,No
5464,5464,5465,M20324,M,302.9,312.4,1659,33.1,152,0,0,0,0,0,0,9.5,0,Medium,High,High,No
5465,5465,5466,L52645,L,302.9,312.4,1424,49.5,155,0,0,0,0,0,0,9.5,0,High,Medium,High,No
5466,5466,5467,M20326,M,302.9,312.3,1426,44.7,157,0,0,0,0,0,0,9.400000000000034,0,Medium,Medium,High,No
5467,5467,5468,L52647,L,302.9,312.4,1383,51.4,160,0,0,0,0,0,0,9.5,0,High,Medium,High,No
5468,5468,5469,L52648,L,302.8,312.3,1764,29.9,162,0,0,0,0,0,0,9.5,0,Medium,High,High,No
5469,5469,5470,M20329,M,302.7,312.2,1439,42.5,164,0,0,0,0,0,0,9.5,0,Medium,Medium,High,No
5470,5470,5471,M20330,M,302.7,312.2,1585,35.5,167,0,0,0,0,0,0,9.5,0,Medium,Medium,High,No
5471,5471,5472,L52651,L,302.7,312.3,1346,61.2,170,0,0,0,0,0,1,9.600000000000023,1,High,Medium,High,No
5472,5472,5473,L52652,L,302.8,312.3,1386,57.8,172,0,0,0,0,0,0,9.5,0,High,Medium,High,No
5473,5473,5474,L52653,L,302.7,312.2,1369,51.8,174,0,0,0,0,0,0,9.5,0,High,Medium,High,No
5474,5474,5475,M20334,M,302.7,312.1,1378,46.9,176,0,0,0,0,0,0,9.400000000000034,0,High,Medium,High,No
5475,5475,5476,L52655,L,302.7,312.2,1336,46.8,179,0,0,0,0,0,0,9.5,0,High,Medium,High,No
5476,5476,5477,M20336,M,302.6,312.1,1445,42.0,181,0,0,0,0,0,0,9.5,0,Medium,Medium,High,No
5477,5477,5478,L52657,L,302.7,312.1,1763,26.5,184,0,0,0,0,0,0,9.400000000000034,0,Medium,High,High,No
5478,5478,5479,L52658,L,302.7,312.2,1611,34.1,186,0,0,0,0,0,0,9.5,0,Medium,Medium,High,No
5479,5479,5480,M20339,M,302.7,312.1,1564,32.1,188,0,0,0,0,0,0,9.400000000000034,0,Medium,Medium,High,No
5480,5480,5481,H34894,H,302.7,312.1,1478,36.0,191,0,0,0,0,0,0,9.400000000000034,0,Medium,Medium,High,No
5481,5481,5482,L52661,L,302.6,312.0,1781,28.5,196,0,0,0,0,0,0,9.399999999999977,0,Medium,High,High,No
5482,5482,5483,L52662,L,302.6,312.1,1782,26.8,198,0,0,0,0,0,0,9.5,0,Medium,High,High,No
5483,5483,5484,M20343,M,302.6,312.1,2000,21.9,200,0,0,0,0,0,0,9.5,0,Low,High,High,No
5484,5484,5485,M20344,M,302.5,312.0,1826,25.3,203,0,0,0,0,0,0,9.5,0,High,High,High,No
5485,5485,5486,L52665,L,302.6,312.1,1344,51.0,206,0,0,0,0,0,0,9.5,0,High,Medium,High,No
5486,5486,5487,L52666,L,302.6,312.2,1520,43.0,208,0,0,0,0,0,0,9.599999999999966,0,Medium,Medium,High,No
5487,5487,5488,M20347,M,302.6,312.1,1611,39.9,210,0,0,0,0,0,0,9.5,0,Medium,Medium,High,No
5488,5488,5489,L52668,L,302.7,312.2,1450,52.1,213,1,0,0,0,1,0,9.5,1,High,Medium,High,No
5489,5489,5490,L52669,L,302.6,312.1,1499,35.0,215,0,0,0,0,0,1,9.5,1,Medium,Medium,High,No
5490,5490,5491,L52670,L,302.6,312.1,1288,68.5,0,1,0,0,1,0,0,9.5,1,High,Medium,Low,No
5491,5491,5492,M20351,M,302.7,312.2,1350,58.6,2,0,0,0,0,0,0,9.5,0,High,Medium,Low,No
5492,5492,5493,M20352,M,302.9,312.4,1334,50.9,5,0,0,0,0,0,0,9.5,0,High,Medium,Low,No
5493,5493,5494,L52673,L,302.8,312.4,1376,57.1,8,0,0,0,0,0,0,9.599999999999966,0,High,Medium,Low,No
5494,5494,5495,L52674,L,302.8,312.4,1368,49.5,10,0,0,0,0,0,0,9.599999999999966,0,High,Medium,Low,No
5495,5495,5496,H34909,H,302.9,312.5,1357,55.0,12,0,0,0,0,0,1,9.600000000000023,1,High,Medium,Low,No
5496,5496,5497,M20356,M,302.9,312.5,1924,24.0,17,0,0,0,0,0,0,9.600000000000023,0,Low,High,Low,No
5497,5497,5498,M20357,M,302.9,312.5,1551,40.0,20,0,0,0,0,0,0,9.600000000000023,0,Medium,Medium,Low,No
5498,5498,5499,M20358,M,302.9,312.5,1903,21.2,23,0,0,0,0,0,0,9.600000000000023,0,Low,High,Low,No
5499,5499,5500,H34913,H,302.9,312.3,1417,48.7,26,0,0,0,0,0,0,9.400000000000034,0,High,Medium,Low,No
5500,5500,5501,L52680,L,302.7,312.1,1601,35.2,31,0,0,0,0,0,0,9.400000000000034,0,Medium,Medium,Low,No
5501,5501,5502,L52681,L,302.7,312.1,1543,37.5,33,0,0,0,0,0,0,9.400000000000034,0,Medium,Medium,Low,No
5502,5502,5503,L52682,L,302.6,312.1,1439,52.3,35,0,0,0,0,0,0,9.5,0,High,Medium,Low,No
5503,5503,5504,H34917,H,302.6,312.0,1657,29.3,37,0,0,0,0,0,0,9.399999999999977,0,Medium,High,Low,No
5504,5504,5505,L52684,L,302.8,312.2,1458,51.0,42,0,0,0,0,0,0,9.399999999999977,0,High,Medium,Low,No
5505,5505,5506,L52685,L,302.8,312.2,1746,27.4,44,0,0,0,0,0,0,9.399999999999977,0,Medium,High,Low,No
5506,5506,5507,L52686,L,302.9,312.2,1677,30.5,46,0,0,0,0,0,0,9.300000000000011,0,Medium,High,Low,No
5507,5507,5508,L52687,L,302.8,312.1,1520,39.9,48,0,0,0,0,0,0,9.300000000000011,0,Medium,Medium,Low,No
5508,5508,5509,L52688,L,302.9,312.2,1367,55.1,50,0,0,0,0,0,0,9.300000000000011,0,High,Medium,Low,No
5509,5509,5510,L52689,L,302.8,312.2,1509,36.5,52,0,0,0,0,0,1,9.399999999999977,1,Medium,Medium,Low,No
5510,5510,5511,L52690,L,302.8,312.1,1418,51.4,54,0,0,0,0,0,0,9.300000000000011,0,High,Medium,Low,No
5511,5511,5512,L52691,L,302.8,312.1,1958,20.3,56,0,0,0,0,0,0,9.300000000000011,0,Low,High,Low,No
5512,5512,5513,L52692,L,302.8,312.2,1682,30.9,58,0,0,0,0,0,0,9.399999999999977,0,Medium,High,Low,No
5513,5513,5514,M20373,M,302.8,312.2,1452,50.3,60,0,0,0,0,0,0,9.399999999999977,0,High,Medium,Low,No
5514,5514,5515,L52694,L,302.7,312.0,1828,24.0,63,0,0,0,0,0,0,9.300000000000011,0,Low,High,Low,No
5515,5515,5516,H34929,H,302.7,312.0,1484,41.5,65,0,0,0,0,0,0,9.300000000000011,0,Medium,Medium,Low,No
5516,5516,5517,L52696,L,302.6,312.0,1674,32.2,70,0,0,0,0,0,0,9.399999999999977,0,Medium,High,Low,No
5517,5517,5518,L52697,L,302.6,311.9,1448,49.5,72,0,0,0,0,0,0,9.299999999999955,0,High,Medium,Low,No
5518,5518,5519,M20378,M,302.5,311.8,2023,19.1,74,0,0,0,0,0,0,9.300000000000011,0,Low,High,Low,No
5519,5519,5520,L52699,L,302.5,311.9,1452,47.4,77,0,0,0,0,0,0,9.399999999999977,0,High,Medium,Low,No
5520,5520,5521,M20380,M,302.6,312.0,1496,45.0,79,0,0,0,0,0,0,9.399999999999977,0,Medium,Medium,Low,No
5521,5521,5522,L52701,L,302.6,311.9,1397,46.9,82,0,0,0,0,0,0,9.299999999999955,0,High,Medium,Medium,No
5522,5522,5523,L52702,L,302.6,311.9,1453,39.1,84,0,0,0,0,0,0,9.299999999999955,0,Medium,Medium,Medium,No
5523,5523,5524,M20383,M,302.5,311.9,1524,34.8,86,0,0,0,0,0,0,9.399999999999977,0,Medium,Medium,Medium,No
5524,5524,5525,L52704,L,302.6,311.9,1633,30.9,89,0,0,0,0,0,0,9.299999999999955,0,Medium,Medium,Medium,No
5525,5525,5526,M20385,M,302.6,312.0,1363,45.7,91,0,0,0,0,0,0,9.399999999999977,0,High,Medium,Medium,No
5526,5526,5527,L52706,L,302.5,311.9,1520,44.9,94,0,0,0,0,0,0,9.399999999999977,0,Medium,Medium,Medium,No
5527,5527,5528,M20387,M,302.5,311.9,1532,38.8,96,0,0,0,0,0,0,9.399999999999977,0,Medium,Medium,Medium,No
5528,5528,5529,L52708,L,302.4,311.8,1384,50.9,99,0,0,0,0,0,0,9.400000000000034,0,High,Medium,Medium,No
5529,5529,5530,M20389,M,302.4,311.8,1539,39.9,101,0,0,0,0,0,0,9.400000000000034,0,Medium,Medium,Medium,No
5530,5530,5531,M20390,M,302.3,311.8,1355,50.1,104,0,0,0,0,0,0,9.5,0,High,Medium,Medium,No
5531,5531,5532,M20391,M,302.3,311.7,1504,37.3,107,0,0,0,0,0,0,9.399999999999977,0,Medium,Medium,Medium,No
5532,5532,5533,L52712,L,302.4,311.8,1476,46.6,110,0,0,0,0,0,0,9.400000000000034,0,High,Medium,Medium,No
5533,5533,5534,L52713,L,302.4,311.7,1721,26.9,112,0,0,0,0,0,0,9.300000000000011,0,Medium,High,Medium,No
5534,5534,5535,M20394,M,302.3,311.7,1494,37.1,114,0,0,0,0,0,0,9.399999999999977,0,Medium,Medium,Medium,No
5535,5535,5536,L52715,L,302.3,311.7,1465,43.5,117,0,0,0,0,0,0,9.399999999999977,0,Medium,Medium,Medium,No
5536,5536,5537,M20396,M,302.3,311.8,1363,54.0,119,1,0,0,0,0,0,9.5,0,High,Medium,Medium,No
5537,5537,5538,L52717,L,302.4,311.8,1648,30.0,122,0,0,0,0,0,0,9.400000000000034,0,Medium,Medium,Medium,No
5538,5538,5539,M20398,M,302.3,311.8,1879,23.0,124,0,0,0,0,0,0,9.5,0,Low,High,Medium,No
5539,5539,5540,H34953,H,302.3,311.7,1482,39.0,127,0,0,0,0,0,0,9.399999999999977,0,Medium,Medium,Medium,No
5540,5540,5541,L52720,L,302.4,311.8,1493,38.4,132,0,0,0,0,0,0,9.400000000000034,0,Medium,Medium,High,No
5541,5541,5542,L52721,L,302.4,311.8,1433,42.2,134,0,0,0,0,0,0,9.400000000000034,0,Medium,Medium,High,No
5542,5542,5543,L52722,L,302.3,311.7,1400,41.6,136,0,0,0,0,0,0,9.399999999999977,0,Medium,Medium,High,No
5543,5543,5544,L52723,L,302.4,311.8,1255,59.0,138,0,0,0,0,0,0,9.400000000000034,0,High,Medium,High,No
5544,5544,5545,L52724,L,302.2,311.7,1471,45.6,140,0,0,0,0,0,0,9.5,0,High,Medium,High,No
5545,5545,5546,H34959,H,302.2,311.6,1357,44.2,142,0,0,0,0,0,0,9.400000000000034,0,Medium,Medium,High,No
5546,5546,5547,L52726,L,302.3,311.7,1453,41.2,147,0,0,0,0,0,0,9.399999999999977,0,Medium,Medium,High,No
5547,5547,5548,M20407,M,302.3,311.7,1540,28.9,149,0,0,0,0,0,0,9.399999999999977,0,Medium,Medium,High,No
5548,5548,5549,L52728,L,302.3,311.8,1605,35.2,152,0,0,0,0,0,0,9.5,0,Medium,Medium,High,No
5549,5549,5550,H34963,H,302.3,311.9,1374,52.4,154,0,0,0,0,0,0,9.599999999999966,0,High,Medium,High,No
5550,5550,5551,M20410,M,302.3,311.9,1508,42.3,159,0,0,0,0,0,0,9.599999999999966,0,Medium,Medium,High,No
5551,5551,5552,H34965,H,302.4,311.9,1366,47.3,162,0,0,0,0,0,0,9.5,0,High,Medium,High,No
5552,5552,5553,H34966,H,302.5,312.0,1579,35.7,167,0,0,0,0,0,0,9.5,0,Medium,Medium,High,No
5553,5553,5554,L52733,L,302.5,311.9,1306,59.7,172,0,0,0,0,0,1,9.399999999999977,1,High,Medium,High,No
5554,5554,5555,M20414,M,302.5,312.0,1521,40.2,174,0,0,0,0,0,0,9.5,0,Medium,Medium,High,No
5555,5555,5556,L52735,L,302.5,312.0,1411,44.2,177,0,0,0,0,0,0,9.5,0,Medium,Medium,High,No
5556,5556,5557,H34970,H,302.5,312.0,1357,42.0,179,0,0,0,0,0,0,9.5,0,Medium,Medium,High,No
5557,5557,5558,M20417,M,302.5,312.0,1436,43.5,184,0,0,0,0,0,0,9.5,0,Medium,Medium,High,No
5558,5558,5559,L52738,L,302.5,311.9,1553,40.1,187,0,0,0,0,0,0,9.399999999999977,0,Medium,Medium,High,No
5559,5559,5560,M20419,M,302.5,312.0,1451,43.2,189,0,0,0,0,0,0,9.5,0,Medium,Medium,High,No
5560,5560,5561,L52740,L,302.4,311.9,1541,37.9,192,0,0,0,0,0,0,9.5,0,Medium,Medium,High,No
5561,5561,5562,M20421,M,302.3,311.7,1341,46.3,194,0,0,0,0,0,0,9.399999999999977,0,High,Medium,High,No
5562,5562,5563,L52742,L,302.3,311.7,1648,32.1,197,0,0,0,0,0,0,9.399999999999977,0,Medium,Medium,High,No
5563,5563,5564,M20423,M,302.3,311.7,1640,31.5,199,0,0,0,0,0,0,9.399999999999977,0,Medium,Medium,High,No
5564,5564,5565,L52744,L,302.4,311.8,1416,46.1,202,0,0,0,0,0,0,9.400000000000034,0,High,Medium,High,No
5565,5565,5566,L52745,L,302.4,311.9,1671,29.9,204,0,0,0,0,0,0,9.5,0,Medium,High,High,No
5566,5566,5567,L52746,L,302.4,312.0,1457,45.5,206,0,0,0,0,0,0,9.600000000000023,0,High,Medium,High,No
5567,5567,5568,M20427,M,302.5,312.0,1445,54.8,0,0,0,0,0,0,0,9.5,0,High,Medium,Low,No
5568,5568,5569,L52748,L,302.5,312.1,1534,38.6,3,0,0,0,0,0,0,9.600000000000023,0,Medium,Medium,Low,No
5569,5569,5570,L52749,L,302.4,312.0,1508,36.9,5,0,0,0,0,0,0,9.600000000000023,0,Medium,Medium,Low,No
5570,5570,5571,M20430,M,302.4,312.1,1492,47.7,7,0,0,0,0,0,0,9.700000000000045,0,High,Medium,Low,No
5571,5571,5572,L52751,L,302.4,312.0,1562,37.9,10,0,0,0,0,0,0,9.600000000000023,0,Medium,Medium,Low,No
5572,5572,5573,L52752,L,302.4,312.0,1545,36.4,12,0,0,0,0,0,0,9.600000000000023,0,Medium,Medium,Low,No
5573,5573,5574,L52753,L,302.5,312.2,1738,25.3,14,0,0,0,0,0,0,9.699999999999989,0,High,High,Low,No
5574,5574,5575,L52754,L,302.4,312.0,1305,49.1,16,0,0,0,0,0,0,9.600000000000023,0,High,Medium,Low,No
5575,5575,5576,H34989,H,302.4,312.0,1477,39.7,18,0,0,0,0,0,0,9.600000000000023,0,Medium,Medium,Low,No
5576,5576,5577,H34990,H,302.4,312.0,1457,43.4,23,0,0,0,0,0,0,9.600000000000023,0,Medium,Medium,Low,No
5577,5577,5578,L52757,L,302.4,312.1,1455,40.4,28,0,0,0,0,0,0,9.700000000000045,0,Medium,Medium,Low,No
5578,5578,5579,L52758,L,302.5,312.2,1574,38.7,30,0,0,0,0,0,0,9.699999999999989,0,Medium,Medium,Low,No
5579,5579,5580,L52759,L,302.6,312.2,1695,27.1,32,0,0,0,0,0,0,9.599999999999966,0,Medium,High,Low,No
5580,5580,5581,M20440,M,302.6,312.2,1458,38.8,34,0,0,0,0,0,0,9.599999999999966,0,Medium,Medium,Low,No
5581,5581,5582,M20441,M,302.5,312.1,1454,47.6,37,0,0,0,0,0,0,9.600000000000023,0,High,Medium,Low,No
5582,5582,5583,L52762,L,302.5,312.0,2052,18.9,40,0,0,0,0,0,0,9.5,0,Low,High,Low,No
5583,5583,5584,L52763,L,302.5,312.0,1673,29.9,42,0,0,0,0,0,0,9.5,0,Medium,High,Low,No
5584,5584,5585,L52764,L,302.4,311.9,1578,29.9,44,0,0,0,0,0,0,9.5,0,Medium,Medium,Low,No
5585,5585,5586,M20445,M,302.5,312.0,1642,29.1,46,0,0,0,0,0,0,9.5,0,Medium,Medium,Low,No
5586,5586,5587,M20446,M,302.4,311.8,1557,31.5,49,0,0,0,0,0,0,9.400000000000034,0,Medium,Medium,Low,No
5587,5587,5588,L52767,L,302.5,311.9,1481,42.9,52,0,0,0,0,0,0,9.399999999999977,0,Medium,Medium,Low,No
5588,5588,5589,M20448,M,302.5,311.8,1566,37.6,54,0,0,0,0,0,0,9.300000000000011,0,Medium,Medium,Low,No
5589,5589,5590,M20449,M,302.5,311.9,1298,57.5,57,0,0,0,0,0,0,9.399999999999977,0,High,Medium,Low,No
5590,5590,5591,M20450,M,302.5,311.9,1340,59.4,60,0,0,0,0,0,0,9.399999999999977,0,High,Medium,Low,No
5591,5591,5592,L52771,L,302.5,312.0,1574,33.8,63,0,0,0,0,0,0,9.5,0,Medium,Medium,Low,No
5592,5592,5593,L52772,L,302.5,311.9,1437,46.7,65,0,0,0,0,0,0,9.399999999999977,0,High,Medium,Low,No
5593,5593,5594,L52773,L,302.6,311.9,1354,48.0,67,0,0,0,0,0,0,9.299999999999955,0,High,Medium,Low,No
5594,5594,5595,L52774,L,302.6,311.9,1598,35.5,69,0,0,0,0,0,0,9.299999999999955,0,Medium,Medium,Low,No
5595,5595,5596,M20455,M,302.7,312.0,1944,21.4,71,0,0,0,0,0,0,9.300000000000011,0,Low,High,Low,No
5596,5596,5597,M20456,M,302.7,312.0,1538,36.7,74,0,0,0,0,0,0,9.300000000000011,0,Medium,Medium,Low,No
5597,5597,5598,L52777,L,302.7,312.0,1501,37.0,77,0,0,0,0,0,0,9.300000000000011,0,Medium,Medium,Low,No
5598,5598,5599,L52778,L,302.8,312.1,1441,52.1,79,0,0,0,0,0,0,9.300000000000011,0,High,Medium,Low,No
5599,5599,5600,M20459,M,302.7,312.0,1652,31.0,81,0,0,0,0,0,0,9.300000000000011,0,Medium,High,Medium,No
5600,5600,5601,L52780,L,302.8,312.1,1487,36.6,84,0,0,0,0,0,0,9.300000000000011,0,Medium,Medium,Medium,No
5601,5601,5602,L52781,L,302.9,312.2,1605,33.9,86,0,0,0,0,0,0,9.300000000000011,0,Medium,Medium,Medium,No
5602,5602,5603,L52782,L,302.9,312.1,1334,54.7,88,0,0,0,0,0,0,9.200000000000045,0,High,Medium,Medium,No
5603,5603,5604,L52783,L,302.9,312.2,1340,57.8,90,0,0,0,0,0,0,9.300000000000011,0,High,Medium,Medium,No
5604,5604,5605,L52784,L,302.9,312.2,1513,37.8,92,0,0,0,0,0,0,9.300000000000011,0,Medium,Medium,Medium,No
5605,5605,5606,L52785,L,302.9,312.2,1510,41.4,94,0,0,0,0,0,0,9.300000000000011,0,Medium,Medium,Medium,No
5606,5606,5607,L52786,L,302.9,312.2,1729,23.6,96,0,0,0,0,0,0,9.300000000000011,0,Low,High,Medium,No
5607,5607,5608,M20467,M,302.9,312.2,1745,25.5,98,0,0,0,0,0,0,9.300000000000011,0,High,High,Medium,No
5608,5608,5609,M20468,M,303.1,312.3,1623,31.6,101,0,0,0,0,0,0,9.199999999999989,0,Medium,Medium,Medium,No
5609,5609,5610,M20469,M,303.1,312.4,1378,50.1,104,0,0,0,0,0,0,9.299999999999955,0,High,Medium,Medium,No
5610,5610,5611,L52790,L,303.1,312.4,1407,41.2,107,0,0,0,0,0,0,9.299999999999955,0,Medium,Medium,Medium,No
5611,5611,5612,M20471,M,303.0,312.3,1674,29.5,109,0,0,0,0,0,0,9.300000000000011,0,Medium,High,Medium,No
5612,5612,5613,L52792,L,303.0,312.3,1486,42.4,112,0,0,0,0,0,0,9.300000000000011,0,Medium,Medium,Medium,No
5613,5613,5614,M20473,M,303.0,312.3,1483,38.8,114,0,0,0,0,0,0,9.300000000000011,0,Medium,Medium,Medium,No
5614,5614,5615,H35028,H,303.0,312.2,1624,28.8,117,0,0,0,0,0,0,9.199999999999989,0,Medium,Medium,Medium,No
5615,5615,5616,M20475,M,303.0,312.2,1257,71.3,122,1,0,0,1,0,0,9.199999999999989,1,High,Medium,Medium,No
5616,5616,5617,L52796,L,303.0,312.3,1480,41.4,125,0,0,0,0,0,0,9.300000000000011,0,Medium,Medium,Medium,No
5617,5617,5618,L52797,L,303.1,312.4,1404,61.5,127,1,0,0,1,0,0,9.299999999999955,1,High,Medium,Medium,No
5618,5618,5619,M20478,M,303.0,312.4,1645,29.6,129,0,0,0,0,0,0,9.399999999999977,0,Medium,Medium,Medium,No
5619,5619,5620,L52799,L,303.0,312.3,1932,21.9,132,0,0,0,0,0,0,9.300000000000011,0,Low,High,High,No
5620,5620,5621,L52800,L,303.0,312.3,1533,38.5,134,0,0,0,0,0,0,9.300000000000011,0,Medium,Medium,High,No
5621,5621,5622,M20481,M,302.9,312.2,1292,54.4,136,0,0,0,0,0,0,9.300000000000011,0,High,Medium,High,No
5622,5622,5623,L52802,L,302.9,312.2,1571,40.6,139,0,0,0,0,0,0,9.300000000000011,0,Medium,Medium,High,No
5623,5623,5624,L52803,L,302.9,312.3,1578,36.3,141,0,0,0,0,0,0,9.400000000000034,0,Medium,Medium,High,No
5624,5624,5625,M20484,M,302.8,312.2,1469,36.9,143,0,0,0,0,0,0,9.399999999999977,0,Medium,Medium,High,No
5625,5625,5626,L52805,L,302.7,312.1,1728,24.4,146,0,0,0,0,0,0,9.400000000000034,0,Low,High,High,No
5626,5626,5627,H35040,H,302.7,312.1,1603,32.5,148,0,0,0,0,0,0,9.400000000000034,0,Medium,Medium,High,No
5627,5627,5628,L52807,L,302.7,312.1,1597,39.8,153,0,0,0,0,0,0,9.400000000000034,0,Medium,Medium,High,No
5628,5628,5629,L52808,L,302.7,312.1,1688,32.0,155,0,0,0,0,0,0,9.400000000000034,0,Medium,High,High,No
5629,5629,5630,L52809,L,302.7,312.2,1405,51.4,157,0,0,0,0,0,0,9.5,0,High,Medium,High,No
5630,5630,5631,M20490,M,302.8,312.2,1615,32.9,159,0,0,0,0,0,0,9.399999999999977,0,Medium,Medium,High,No
5631,5631,5632,L52811,L,302.8,312.2,1515,36.8,162,0,0,0,0,0,0,9.399999999999977,0,Medium,Medium,High,No
5632,5632,5633,L52812,L,302.7,312.2,1376,52.8,164,0,0,0,0,0,0,9.5,0,High,Medium,High,No
5633,5633,5634,L52813,L,302.7,312.2,1447,47.5,166,0,0,0,0,0,0,9.5,0,High,Medium,High,No
5634,5634,5635,M20494,M,302.6,312.2,1353,56.5,168,0,0,0,0,0,0,9.599999999999966,0,High,Medium,High,No
5635,5635,5636,L52815,L,302.6,312.1,1502,47.3,171,0,0,0,0,0,0,9.5,0,High,Medium,High,No
5636,5636,5637,L52816,L,302.6,312.0,1447,45.5,173,0,0,0,0,0,0,9.399999999999977,0,High,Medium,High,No
5637,5637,5638,M20497,M,302.5,312.0,1487,46.1,175,0,0,0,0,0,0,9.5,0,High,Medium,High,No
5638,5638,5639,L52818,L,302.6,312.1,1519,38.1,178,0,0,0,0,0,0,9.5,0,Medium,Medium,High,No
5639,5639,5640,L52819,L,302.6,312.1,1668,28.7,180,0,0,0,0,0,1,9.5,1,Medium,High,High,No
5640,5640,5641,L52820,L,302.6,312.1,1420,51.6,182,0,0,0,0,0,0,9.5,0,High,Medium,High,No
5641,5641,5642,L52821,L,302.6,312.1,1473,37.3,184,0,0,0,0,0,0,9.5,0,Medium,Medium,High,No
5642,5642,5643,L52822,L,302.5,312.0,1495,38.8,186,0,0,0,0,0,0,9.5,0,Medium,Medium,High,No
5643,5643,5644,L52823,L,302.5,312.0,1574,42.0,188,0,0,0,0,0,0,9.5,0,Medium,Medium,High,No
5644,5644,5645,L52824,L,302.5,312.0,1383,51.3,190,0,0,0,0,0,0,9.5,0,High,Medium,High,No
5645,5645,5646,M20505,M,302.5,312.0,1591,29.4,192,0,0,0,0,0,0,9.5,0,Medium,Medium,High,No
5646,5646,5647,M20506,M,302.4,311.8,1644,37.2,195,0,0,0,0,0,0,9.400000000000034,0,Medium,Medium,High,No
5647,5647,5648,H35061,H,302.5,311.8,2370,14.7,198,0,0,0,0,0,0,9.300000000000011,0,Low,High,High,No
5648,5648,5649,L52828,L,302.5,311.9,1401,44.9,203,0,0,0,0,0,0,9.399999999999977,0,Medium,Medium,High,No
5649,5649,5650,M20509,M,302.5,311.9,1414,51.6,205,0,0,0,0,0,0,9.399999999999977,0,High,Medium,High,No
5650,5650,5651,L52830,L,302.5,312.0,1456,46.3,208,0,0,0,0,0,0,9.5,0,High,Medium,High,No
5651,5651,5652,M20511,M,302.5,312.0,1447,45.7,210,0,0,0,0,0,0,9.5,0,High,Medium,High,No
5652,5652,5653,L52832,L,302.4,311.8,1727,26.5,213,0,0,0,0,0,0,9.400000000000034,0,Medium,High,High,No
5653,5653,5654,L52833,L,302.4,311.7,1495,36.8,215,0,0,0,0,0,0,9.300000000000011,0,Medium,Medium,High,No
5654,5654,5655,L52834,L,302.3,311.6,1544,34.3,0,0,0,0,0,0,0,9.300000000000011,0,Medium,Medium,Low,No
5655,5655,5656,L52835,L,302.3,311.5,1387,47.3,2,0,0,0,0,0,0,9.199999999999989,0,High,Medium,Low,No
5656,5656,5657,M20516,M,302.3,311.5,1316,47.2,4,0,0,0,0,0,0,9.199999999999989,0,High,Medium,Low,No
5657,5657,5658,L52837,L,302.3,311.5,1794,26.1,7,0,0,0,0,0,0,9.199999999999989,0,Medium,High,Low,No
5658,5658,5659,M20518,M,302.2,311.4,1372,55.1,9,0,0,0,0,0,0,9.199999999999989,0,High,Medium,Low,No
5659,5659,5660,M20519,M,302.3,311.5,1674,30.0,12,0,0,0,0,0,0,9.199999999999989,0,Medium,High,Low,No
5660,5660,5661,L52840,L,302.2,311.4,1477,41.7,15,0,0,0,0,0,0,9.199999999999989,0,Medium,Medium,Low,No
5661,5661,5662,L52841,L,302.2,311.4,1397,53.0,17,0,0,0,0,0,0,9.199999999999989,0,High,Medium,Low,No
5662,5662,5663,L52842,L,302.2,311.5,1616,34.0,19,0,0,0,0,0,0,9.300000000000011,0,Medium,Medium,Low,No
5663,5663,5664,M20523,M,302.3,311.5,1530,42.3,21,0,0,0,0,0,0,9.199999999999989,0,Medium,Medium,Low,No
5664,5664,5665,M20524,M,302.2,311.4,1539,35.1,24,0,0,0,0,0,0,9.199999999999989,0,Medium,Medium,Low,No
5665,5665,5666,L52845,L,302.3,311.4,1845,21.9,27,0,0,0,0,0,0,9.099999999999966,0,Low,High,Low,No
5666,5666,5667,L52846,L,302.2,311.4,1430,43.1,29,0,0,0,0,0,0,9.199999999999989,0,Medium,Medium,Low,No
5667,5667,5668,L52847,L,302.2,311.4,2080,19.2,31,0,0,0,0,0,0,9.199999999999989,0,Low,High,Low,No
5668,5668,5669,M20528,M,302.2,311.4,1432,45.3,33,0,0,0,0,0,0,9.199999999999989,0,High,Medium,Low,No
5669,5669,5670,M20529,M,302.2,311.5,1479,39.5,36,0,0,0,0,0,0,9.300000000000011,0,Medium,Medium,Low,No
5670,5670,5671,L52850,L,302.2,311.5,1424,45.2,39,0,0,0,0,0,0,9.300000000000011,0,High,Medium,Low,No
5671,5671,5672,H35085,H,302.2,311.6,1534,37.2,41,0,0,0,0,0,0,9.400000000000034,0,Medium,Medium,Low,No
5672,5672,5673,H35086,H,302.1,311.6,1701,26.2,46,0,0,0,0,0,0,9.5,0,Medium,High,Low,No
5673,5673,5674,L52853,L,302.2,311.6,1462,50.0,51,0,0,0,0,0,0,9.400000000000034,0,High,Medium,Low,No
5674,5674,5675,M20534,M,302.2,311.7,1393,42.5,53,0,0,0,0,0,0,9.5,0,Medium,Medium,Low,No
5675,5675,5676,M20535,M,302.3,311.7,1453,42.5,56,0,0,0,0,0,0,9.399999999999977,0,Medium,Medium,Low,No
5676,5676,5677,L52856,L,302.3,311.8,1565,37.8,59,0,0,0,0,0,0,9.5,0,Medium,Medium,Low,No
5677,5677,5678,L52857,L,302.3,311.8,1281,51.7,61,0,0,0,0,0,0,9.5,0,High,Medium,Low,No
5678,5678,5679,M20538,M,302.2,311.7,1584,36.2,63,0,0,0,0,0,0,9.5,0,Medium,Medium,Low,No
5679,5679,5680,M20539,M,302.2,311.7,1466,49.0,66,0,0,0,0,0,0,9.5,0,High,Medium,Low,No
5680,5680,5681,M20540,M,302.2,311.6,1386,50.5,69,0,0,0,0,0,0,9.400000000000034,0,High,Medium,Low,No
5681,5681,5682,L52861,L,302.2,311.6,1383,44.3,72,0,0,0,0,0,0,9.400000000000034,0,Medium,Medium,Low,No
5682,5682,5683,H35096,H,302.3,311.6,1441,53.9,74,0,0,0,0,0,0,9.300000000000011,0,High,Medium,Low,No
5683,5683,5684,M20543,M,302.2,311.6,1592,37.7,79,0,0,0,0,0,0,9.400000000000034,0,Medium,Medium,Low,No
5684,5684,5685,H35098,H,302.2,311.6,1594,36.8,82,0,0,0,0,0,0,9.400000000000034,0,Medium,Medium,Medium,No
5685,5685,5686,L52865,L,302.2,311.5,1482,45.6,87,0,0,0,0,0,0,9.300000000000011,0,High,Medium,Medium,No
5686,5686,5687,L52866,L,302.2,311.6,1658,31.4,89,0,0,0,0,0,0,9.400000000000034,0,Medium,High,Medium,No
5687,5687,5688,L52867,L,302.3,311.7,2170,18.2,91,0,0,0,0,0,0,9.399999999999977,0,Low,High,Medium,No
5688,5688,5689,M20548,M,302.3,311.7,1423,44.6,93,0,0,0,0,0,0,9.399999999999977,0,Medium,Medium,Medium,No
5689,5689,5690,L52869,L,302.4,311.8,1543,31.1,96,0,0,0,0,0,0,9.400000000000034,0,Medium,Medium,Medium,No
5690,5690,5691,L52870,L,302.3,311.8,1435,44.8,98,0,0,0,0,0,0,9.5,0,Medium,Medium,Medium,No
5691,5691,5692,L52871,L,302.4,311.8,1320,56.4,100,0,0,0,0,0,0,9.400000000000034,0,High,Medium,Medium,No
5692,5692,5693,M20552,M,302.4,311.9,1313,55.7,102,0,0,0,0,0,0,9.5,0,High,Medium,Medium,No
5693,5693,5694,M20553,M,302.4,311.8,1453,42.1,105,0,0,0,0,0,0,9.400000000000034,0,Medium,Medium,Medium,No
5694,5694,5695,L52874,L,302.4,311.8,1508,45.7,108,0,0,0,0,0,0,9.400000000000034,0,High,Medium,Medium,No
5695,5695,5696,L52875,L,302.4,311.8,1451,42.0,110,0,0,0,0,0,0,9.400000000000034,0,Medium,Medium,Medium,No
5696,5696,5697,H35110,H,302.5,311.9,1595,34.6,112,0,0,0,0,0,0,9.399999999999977,0,Medium,Medium,Medium,No
5697,5697,5698,L52877,L,302.5,311.9,1354,49.4,117,0,0,0,0,0,0,9.399999999999977,0,High,Medium,Medium,No
5698,5698,5699,L52878,L,302.5,311.9,1265,59.8,119,0,0,0,0,0,0,9.399999999999977,0,High,Medium,Medium,No
5699,5699,5700,L52879,L,302.4,311.9,1867,25.9,121,0,0,0,0,0,0,9.5,0,High,High,Medium,No
5700,5700,5701,L52880,L,302.5,311.9,1497,41.6,123,0,0,0,0,0,0,9.399999999999977,0,Medium,Medium,Medium,No
5701,5701,5702,M20561,M,302.5,311.9,1347,54.3,125,0,0,0,0,0,0,9.399999999999977,0,High,Medium,Medium,No
5702,5702,5703,L52882,L,302.3,311.7,1544,43.2,128,0,0,0,0,0,0,9.399999999999977,0,Medium,Medium,Medium,No
5703,5703,5704,H35117,H,302.3,311.7,1456,45.4,130,0,0,0,0,0,0,9.399999999999977,0,High,Medium,Medium,No
5704,5704,5705,L52884,L,302.5,311.8,1335,52.7,135,0,0,0,0,0,0,9.300000000000011,0,High,Medium,High,No
5705,5705,5706,L52885,L,302.4,311.9,1452,43.1,137,0,0,0,0,0,0,9.5,0,Medium,Medium,High,No
5706,5706,5707,L52886,L,302.4,311.9,1290,70.0,139,1,0,0,1,0,0,9.5,1,High,Medium,High,No
5707,5707,5708,L52887,L,302.4,311.8,1448,43.4,141,0,0,0,0,0,0,9.400000000000034,0,Medium,Medium,High,No
5708,5708,5709,L52888,L,302.3,311.7,1611,38.6,143,0,0,0,0,0,0,9.399999999999977,0,Medium,Medium,High,No
5709,5709,5710,L52889,L,302.2,311.7,1556,38.6,145,0,0,0,0,0,0,9.5,0,Medium,Medium,High,No
5710,5710,5711,H35124,H,302.2,311.7,1413,46.5,147,0,0,0,0,0,0,9.5,0,High,Medium,High,No
5711,5711,5712,L52891,L,302.2,311.6,1545,35.9,152,0,0,0,0,0,0,9.400000000000034,0,Medium,Medium,High,No
5712,5712,5713,L52892,L,302.2,311.7,1330,54.6,154,0,0,0,0,0,0,9.5,0,High,Medium,High,No
5713,5713,5714,L52893,L,302.2,311.9,1596,38.0,156,0,0,0,0,0,0,9.699999999999989,0,Medium,Medium,High,No
5714,5714,5715,L52894,L,302.2,311.8,1618,36.0,158,0,0,0,0,0,0,9.600000000000023,0,Medium,Medium,High,No
5715,5715,5716,H35129,H,302.2,311.9,1597,35.8,160,0,0,0,0,0,0,9.699999999999989,0,Medium,Medium,High,No
5716,5716,5717,L52896,L,302.3,312.0,1354,52.2,165,0,0,0,0,0,0,9.699999999999989,0,High,Medium,High,No
5717,5717,5718,L52897,L,302.3,312.0,1746,28.1,167,0,0,0,0,0,0,9.699999999999989,0,Medium,High,High,No
5718,5718,5719,L52898,L,302.4,312.0,1621,32.5,169,0,0,0,0,0,0,9.600000000000023,0,Medium,Medium,High,No
5719,5719,5720,L52899,L,302.3,312.0,1398,43.3,171,0,0,0,0,0,0,9.699999999999989,0,Medium,Medium,High,No
5720,5720,5721,L52900,L,302.3,311.9,1434,51.9,173,0,0,0,0,0,0,9.599999999999966,0,High,Medium,High,No
5721,5721,5722,M20581,M,302.3,311.8,1443,43.4,175,0,0,0,0,0,0,9.5,0,Medium,Medium,High,No
5722,5722,5723,L52902,L,302.2,311.7,1488,44.6,178,0,0,0,0,0,0,9.5,0,Medium,Medium,High,No
5723,5723,5724,M20583,M,302.3,311.8,1475,48.0,180,0,0,0,0,0,0,9.5,0,High,Medium,High,No
5724,5724,5725,L52904,L,302.3,311.8,1433,50.3,183,0,0,0,0,0,0,9.5,0,High,Medium,High,No
5725,5725,5726,M20585,M,302.3,311.8,1557,34.1,185,0,0,0,0,0,0,9.5,0,Medium,Medium,High,No
5726,5726,5727,M20586,M,302.4,311.9,1398,50.1,188,0,0,0,0,0,0,9.5,0,High,Medium,High,No
5727,5727,5728,M20587,M,302.3,311.8,1559,34.4,191,0,0,0,0,0,0,9.5,0,Medium,Medium,High,No
5728,5728,5729,M20588,M,302.4,311.9,1422,46.4,194,0,0,0,0,0,0,9.5,0,High,Medium,High,No
5729,5729,5730,M20589,M,302.3,311.8,1463,35.7,197,0,0,0,0,0,0,9.5,0,Medium,Medium,High,No
5730,5730,5731,L52910,L,302.3,311.7,1793,25.3,200,0,0,0,0,0,0,9.399999999999977,0,High,High,High,No
5731,5731,5732,L52911,L,302.2,311.6,1872,20.4,202,0,0,0,0,0,0,9.400000000000034,0,Low,High,High,No
5732,5732,5733,L52912,L,302.2,311.7,1412,44.5,204,0,0,0,0,0,0,9.5,0,Medium,Medium,High,No
5733,5733,5734,L52913,L,302.3,311.8,1487,43.2,206,0,0,0,0,0,0,9.5,0,Medium,Medium,High,No
5734,5734,5735,L52914,L,302.3,311.8,1369,56.2,208,1,0,0,0,1,0,9.5,1,High,Medium,High,No
5735,5735,5736,L52915,L,302.4,311.8,1673,30.1,210,0,0,0,0,0,0,9.400000000000034,0,Medium,High,High,No
5736,5736,5737,M20596,M,302.4,311.9,1439,36.6,212,0,0,0,0,0,0,9.5,0,Medium,Medium,High,No
5737,5737,5738,L52917,L,302.3,311.8,1574,42.8,215,0,0,0,0,0,0,9.5,0,Medium,Medium,High,No
5738,5738,5739,L52918,L,302.3,311.7,1281,48.8,0,0,0,0,0,0,0,9.399999999999977,0,High,Medium,Low,No
5739,5739,5740,M20599,M,302.2,311.7,1653,31.4,2,0,0,0,0,0,0,9.5,0,Medium,High,Low,No
5740,5740,5741,M20600,M,302.3,311.7,1535,38.3,5,0,0,0,0,0,0,9.399999999999977,0,Medium,Medium,Low,No
5741,5741,5742,M20601,M,302.3,311.7,1483,40.5,8,0,0,0,0,0,0,9.399999999999977,0,Medium,Medium,Low,No
5742,5742,5743,L52922,L,302.3,311.7,1414,47.0,11,0,0,0,0,0,0,9.399999999999977,0,High,Medium,Low,No
5743,5743,5744,M20603,M,302.2,311.6,1379,42.9,13,0,0,0,0,0,0,9.400000000000034,0,Medium,Medium,Low,No
5744,5744,5745,H35158,H,302.2,311.5,1482,42.6,16,0,0,0,0,0,0,9.300000000000011,0,Medium,Medium,Low,No
5745,5745,5746,L52925,L,302.1,311.5,1987,20.1,21,0,0,0,0,0,0,9.399999999999977,0,Low,High,Low,No
5746,5746,5747,M20606,M,302.1,311.5,1635,31.6,23,0,0,0,0,0,0,9.399999999999977,0,Medium,Medium,Low,No
5747,5747,5748,L52927,L,302.1,311.5,1533,39.4,26,0,0,0,0,0,0,9.399999999999977,0,Medium,Medium,Low,No
5748,5748,5749,M20608,M,302.2,311.7,1576,34.0,28,0,0,0,0,0,0,9.5,0,Medium,Medium,Low,No
5749,5749,5750,H35163,H,302.2,311.8,1330,62.4,31,0,0,0,0,0,0,9.600000000000023,0,High,Medium,Low,No
5750,5750,5751,L52930,L,302.2,311.8,1981,21.8,36,0,0,0,0,0,0,9.600000000000023,0,Low,High,Low,No
5751,5751,5752,H35165,H,302.3,311.8,1475,42.8,38,0,0,0,0,0,0,9.5,0,Medium,Medium,Low,No
5752,5752,5753,H35166,H,302.3,311.8,1804,25.0,43,0,0,0,0,0,0,9.5,0,Low,High,Low,No
5753,5753,5754,L52933,L,302.2,311.6,1416,54.1,48,0,0,0,0,0,0,9.400000000000034,0,High,Medium,Low,No
5754,5754,5755,L52934,L,302.1,311.5,1727,27.7,50,0,0,0,0,0,0,9.399999999999977,0,Medium,High,Low,No
5755,5755,5756,L52935,L,302.1,311.4,1391,49.2,52,0,0,0,0,0,0,9.299999999999955,0,High,Medium,Low,No
5756,5756,5757,M20616,M,302.0,311.5,1366,52.3,54,0,0,0,0,0,0,9.5,0,High,Medium,Low,No
5757,5757,5758,L52937,L,301.9,311.3,1366,55.6,57,0,0,0,0,0,0,9.400000000000034,0,High,Medium,Low,No
5758,5758,5759,L52938,L,301.9,311.3,1501,40.8,59,0,0,0,0,0,0,9.400000000000034,0,Medium,Medium,Low,No
5759,5759,5760,L52939,L,301.8,311.3,1551,35.8,61,0,0,0,0,0,0,9.5,0,Medium,Medium,Low,No
5760,5760,5761,M20620,M,301.9,311.3,1522,35.6,63,0,0,0,0,0,0,9.400000000000034,0,Medium,Medium,Low,No
5761,5761,5762,L52941,L,301.9,311.2,1369,49.8,66,0,0,0,0,0,0,9.300000000000011,0,High,Medium,Low,No
5762,5762,5763,L52942,L,301.8,311.2,1334,52.3,68,0,0,0,0,0,0,9.399999999999977,0,High,Medium,Low,No
5763,5763,5764,H35177,H,301.8,311.2,1451,39.4,70,0,0,0,0,0,0,9.399999999999977,0,Medium,Medium,Low,No
5764,5764,5765,L52944,L,301.7,311.2,1589,37.9,75,0,0,0,0,0,0,9.5,0,Medium,Medium,Low,No
5765,5765,5766,L52945,L,301.7,311.3,1708,30.5,77,0,0,0,0,0,0,9.600000000000023,0,Medium,High,Low,No
5766,5766,5767,M20626,M,301.7,311.2,1413,42.6,79,0,0,0,0,0,0,9.5,0,Medium,Medium,Low,No
5767,5767,5768,M20627,M,301.6,311.2,1415,46.5,82,0,0,0,0,0,0,9.599999999999966,0,High,Medium,Medium,No
5768,5768,5769,L52948,L,301.7,311.3,1421,45.9,85,0,0,0,0,0,0,9.600000000000023,0,High,Medium,Medium,No
5769,5769,5770,L52949,L,301.7,311.3,1348,51.0,87,0,0,0,0,0,0,9.600000000000023,0,High,Medium,Medium,No
5770,5770,5771,L52950,L,301.6,311.2,1408,42.9,89,0,0,0,0,0,0,9.599999999999966,0,Medium,Medium,Medium,No
5771,5771,5772,L52951,L,301.6,311.2,1525,43.7,91,0,0,0,0,0,0,9.599999999999966,0,Medium,Medium,Medium,No
5772,5772,5773,L52952,L,301.6,311.3,1706,29.9,93,0,0,0,0,0,0,9.699999999999989,0,Medium,High,Medium,No
5773,5773,5774,H35187,H,301.6,311.2,1395,46.8,95,0,0,0,0,0,0,9.599999999999966,0,High,Medium,Medium,No
5774,5774,5775,L52954,L,301.5,311.1,1602,34.3,100,0,0,0,0,0,0,9.600000000000023,0,Medium,Medium,Medium,No
5775,5775,5776,L52955,L,301.6,311.1,1907,21.5,102,0,0,0,0,0,0,9.5,0,Low,High,Medium,No
5776,5776,5777,L52956,L,301.6,311.1,1325,49.2,104,0,0,0,0,0,0,9.5,0,High,Medium,Medium,No
5777,5777,5778,L52957,L,301.6,311.1,1408,44.4,106,0,0,0,0,0,0,9.5,0,Medium,Medium,Medium,No
5778,5778,5779,M20638,M,301.7,311.1,1489,41.4,108,0,0,0,0,0,0,9.400000000000034,0,Medium,Medium,Medium,No
5779,5779,5780,L52959,L,301.6,311.1,1680,29.2,111,0,0,0,0,0,0,9.5,0,Medium,High,Medium,No
5780,5780,5781,L52960,L,301.7,311.2,1517,42.4,113,0,0,0,0,0,0,9.5,0,Medium,Medium,Medium,No
5781,5781,5782,M20641,M,301.7,311.1,1618,36.7,115,0,0,0,0,0,0,9.400000000000034,0,Medium,Medium,Medium,No
5782,5782,5783,L52962,L,301.7,311.1,1455,39.8,118,0,0,0,0,0,0,9.400000000000034,0,Medium,Medium,Medium,No
5783,5783,5784,H35197,H,301.8,311.1,1543,36.4,120,0,0,0,0,0,0,9.300000000000011,0,Medium,Medium,Medium,No
5784,5784,5785,M20644,M,301.8,311.1,1399,41.8,125,0,0,0,0,0,0,9.300000000000011,0,Medium,Medium,Medium,No
5785,5785,5786,L52965,L,301.7,311.1,1469,37.2,128,0,0,0,0,0,0,9.400000000000034,0,Medium,Medium,Medium,No
5786,5786,5787,L52966,L,301.7,311.2,1521,36.7,130,0,0,0,0,0,0,9.5,0,Medium,Medium,Medium,No
5787,5787,5788,L52967,L,301.7,311.3,1584,38.8,132,0,0,0,0,0,0,9.600000000000023,0,Medium,Medium,High,No
5788,5788,5789,L52968,L,301.8,311.5,1443,43.3,134,0,0,0,0,0,0,9.699999999999989,0,Medium,Medium,High,No
5789,5789,5790,M20649,M,301.8,311.5,1416,49.0,136,0,0,0,0,0,0,9.699999999999989,0,High,Medium,High,No
5790,5790,5791,M20650,M,301.7,311.2,1563,34.5,139,0,0,0,0,0,0,9.5,0,Medium,Medium,High,No
5791,5791,5792,M20651,M,301.8,311.3,1542,40.1,142,0,0,0,0,0,0,9.5,0,Medium,Medium,High,No
5792,5792,5793,M20652,M,301.8,311.3,1624,31.6,145,0,0,0,0,0,0,9.5,0,Medium,Medium,High,No
5793,5793,5794,L52973,L,301.8,311.3,1471,44.2,148,0,0,0,0,0,0,9.5,0,Medium,Medium,High,No
5794,5794,5795,M20654,M,301.9,311.5,1492,40.8,150,0,0,0,0,0,0,9.600000000000023,0,Medium,Medium,High,No
5795,5795,5796,M20655,M,301.9,311.4,1465,39.9,153,0,0,0,0,0,0,9.5,0,Medium,Medium,High,No
5796,5796,5797,L52976,L,301.7,311.1,1399,55.1,156,0,0,0,0,0,0,9.400000000000034,0,High,Medium,High,No
5797,5797,5798,L52977,L,301.6,311.0,1431,42.6,158,0,0,0,0,0,0,9.399999999999977,0,Medium,Medium,High,No
5798,5798,5799,L52978,L,301.5,310.9,1600,39.0,160,0,0,0,0,0,0,9.399999999999977,0,Medium,Medium,High,No
5799,5799,5800,L52979,L,301.5,310.8,1593,34.5,162,0,0,0,0,0,0,9.300000000000011,0,Medium,Medium,High,No
5800,5800,5801,L52980,L,301.5,310.9,1469,44.7,164,0,0,0,0,0,0,9.399999999999977,0,Medium,Medium,High,No
5801,5801,5802,L52981,L,301.5,310.8,1413,44.6,166,0,0,0,0,0,0,9.300000000000011,0,Medium,Medium,High,No
5802,5802,5803,L52982,L,301.4,310.8,1490,38.0,168,0,0,0,0,0,0,9.400000000000034,0,Medium,Medium,High,No
5803,5803,5804,L52983,L,301.5,310.9,1671,31.1,170,0,0,0,0,0,0,9.399999999999977,0,Medium,High,High,No
5804,5804,5805,L52984,L,301.5,310.9,1365,46.5,172,0,0,0,0,0,0,9.399999999999977,0,High,Medium,High,No
5805,5805,5806,M20665,M,301.4,310.9,1557,39.3,174,0,0,0,0,0,0,9.5,0,Medium,Medium,High,No
5806,5806,5807,L52986,L,301.4,310.9,1440,45.4,177,0,0,0,0,0,0,9.5,0,High,Medium,High,No
5807,5807,5808,M20667,M,301.4,310.9,1489,38.9,179,0,0,0,0,0,0,9.5,0,Medium,Medium,High,No
5808,5808,5809,L52988,L,301.4,311.0,1733,25.7,182,0,0,0,0,0,0,9.600000000000023,0,High,High,High,No
5809,5809,5810,H35223,H,301.3,311.0,1580,36.6,184,0,0,0,0,0,0,9.699999999999989,0,Medium,Medium,High,No
5810,5810,5811,L52990,L,301.3,311.0,1856,21.9,189,0,0,0,0,0,0,9.699999999999989,0,Low,High,High,No
5811,5811,5812,L52991,L,301.3,311.1,1454,40.3,191,0,0,0,0,0,0,9.800000000000011,0,Medium,Medium,High,No
5812,5812,5813,L52992,L,301.4,311.1,1495,36.3,193,0,0,0,0,0,0,9.700000000000045,0,Medium,Medium,High,No
5813,5813,5814,L52993,L,301.2,311.0,1761,29.1,195,0,0,0,0,0,0,9.800000000000011,0,Medium,High,High,No
5814,5814,5815,M20674,M,301.3,311.0,1402,47.5,197,0,0,0,0,0,0,9.699999999999989,0,High,Medium,High,No
5815,5815,5816,L52995,L,301.2,311.0,1670,33.0,200,0,0,0,0,0,0,9.800000000000011,0,Medium,High,High,No
5816,5816,5817,L52996,L,301.3,311.0,1582,35.6,202,0,0,0,0,0,0,9.699999999999989,0,Medium,Medium,High,No
5817,5817,5818,L52997,L,301.3,311.0,1542,35.1,204,0,0,0,0,0,0,9.699999999999989,0,Medium,Medium,High,No
5818,5818,5819,L52998,L,301.3,311.0,1539,36.9,206,0,0,0,0,0,0,9.699999999999989,0,Medium,Medium,High,No
5819,5819,5820,L52999,L,301.3,311.0,1418,41.9,208,0,0,0,0,0,0,9.699999999999989,0,Medium,Medium,High,No
5820,5820,5821,L53000,L,301.3,311.1,1723,27.6,210,0,0,0,0,0,0,9.800000000000011,0,Medium,High,High,No
5821,5821,5822,L53001,L,301.3,311.1,1303,49.2,212,0,0,0,0,0,0,9.800000000000011,0,High,Medium,High,No
5822,5822,5823,M20682,M,301.3,311.0,1463,50.2,214,0,0,0,0,0,0,9.699999999999989,0,High,Medium,High,No
5823,5823,5824,L53003,L,301.2,311.0,1544,39.3,217,0,0,0,0,0,0,9.800000000000011,0,Medium,Medium,High,No
5824,5824,5825,L53004,L,301.2,311.0,1596,37.2,219,0,0,0,0,0,0,9.800000000000011,0,Medium,Medium,High,No
5825,5825,5826,L53005,L,301.3,311.1,1413,42.0,221,0,0,0,0,0,0,9.800000000000011,0,Medium,Medium,High,No
5826,5826,5827,M20686,M,301.3,311.1,1492,41.2,223,0,0,0,0,0,0,9.800000000000011,0,Medium,Medium,High,No
5827,5827,5828,L53007,L,301.3,311.1,1624,40.9,0,0,0,0,0,0,0,9.800000000000011,0,Medium,Medium,Low,No
5828,5828,5829,L53008,L,301.3,311.1,1504,39.1,2,0,0,0,0,0,0,9.800000000000011,0,Medium,Medium,Low,No
5829,5829,5830,M20689,M,301.2,311.1,1574,34.3,4,0,0,0,0,0,0,9.900000000000034,0,Medium,Medium,Low,No
5830,5830,5831,M20690,M,301.3,311.2,1438,42.4,7,0,0,0,0,0,0,9.899999999999977,0,Medium,Medium,Low,No
5831,5831,5832,L53011,L,301.3,311.3,1474,50.7,10,0,0,0,0,0,0,10.0,0,High,Medium,Low,No
5832,5832,5833,L53012,L,301.3,311.2,1675,32.1,12,0,0,0,0,0,0,9.899999999999977,0,Medium,High,Low,No
5833,5833,5834,L53013,L,301.3,311.2,1457,44.5,14,0,0,0,0,0,0,9.899999999999977,0,Medium,Medium,Low,No
5834,5834,5835,L53014,L,301.3,311.3,1434,49.8,16,0,0,0,0,0,0,10.0,0,High,Medium,Low,No
5835,5835,5836,L53015,L,301.3,311.2,1668,30.1,18,0,0,0,0,0,0,9.899999999999977,0,Medium,High,Low,No
5836,5836,5837,L53016,L,301.2,311.1,1550,39.7,20,0,0,0,0,0,0,9.900000000000034,0,Medium,Medium,Low,No
5837,5837,5838,M20697,M,301.3,311.1,1834,25.4,22,0,0,0,0,0,0,9.800000000000011,0,High,High,Low,No
5838,5838,5839,M20698,M,301.4,311.2,1476,36.5,25,0,0,0,0,0,0,9.800000000000011,0,Medium,Medium,Low,No
5839,5839,5840,M20699,M,301.4,311.2,1541,36.3,28,0,0,0,0,0,0,9.800000000000011,0,Medium,Medium,Low,No
5840,5840,5841,M20700,M,301.3,311.1,1581,30.9,31,0,0,0,0,0,0,9.800000000000011,0,Medium,Medium,Low,No
5841,5841,5842,M20701,M,301.3,311.1,1678,30.7,34,0,0,0,0,0,0,9.800000000000011,0,Medium,High,Low,No
5842,5842,5843,L53022,L,301.4,311.2,1355,50.6,37,0,0,0,0,0,0,9.800000000000011,0,High,Medium,Low,No
5843,5843,5844,L53023,L,301.5,311.2,1700,28.8,39,0,0,0,0,0,0,9.699999999999989,0,Medium,High,Low,No
5844,5844,5845,L53024,L,301.4,311.1,1462,37.1,41,0,0,0,0,0,0,9.700000000000045,0,Medium,Medium,Low,No
5845,5845,5846,M20705,M,301.4,311.2,1727,26.5,43,0,0,0,0,0,0,9.800000000000011,0,Medium,High,Low,No
5846,5846,5847,L53026,L,301.4,311.3,1674,33.3,46,0,0,0,0,0,0,9.900000000000034,0,Medium,High,Low,No
5847,5847,5848,L53027,L,301.4,311.3,1397,42.3,48,0,0,0,0,0,0,9.900000000000034,0,Medium,Medium,Low,No
5848,5848,5849,L53028,L,301.4,311.3,2323,15.9,50,0,0,0,0,0,0,9.900000000000034,0,Low,High,Low,No
5849,5849,5850,M20709,M,301.4,311.2,1434,47.6,52,0,0,0,0,0,0,9.800000000000011,0,High,Medium,Low,No
5850,5850,5851,L53030,L,301.3,311.1,1560,35.3,55,0,0,0,0,0,0,9.800000000000011,0,Medium,Medium,Low,No
5851,5851,5852,L53031,L,301.2,311.0,1573,32.8,57,0,0,0,0,0,0,9.800000000000011,0,Medium,Medium,Low,No
5852,5852,5853,H35266,H,301.2,310.9,1798,22.3,59,0,0,0,0,0,0,9.699999999999989,0,Low,High,Low,No
5853,5853,5854,L53033,L,301.2,311.0,1567,35.1,64,0,0,0,0,0,0,9.800000000000011,0,Medium,Medium,Low,No
5854,5854,5855,L53034,L,301.2,310.9,1416,53.3,66,0,0,0,0,0,0,9.699999999999989,0,High,Medium,Low,No
5855,5855,5856,M20715,M,301.2,310.9,1424,45.2,68,0,0,0,0,0,0,9.699999999999989,0,High,Medium,Low,No
5856,5856,5857,H35270,H,301.2,310.9,1598,35.9,71,0,0,0,0,0,0,9.699999999999989,0,Medium,Medium,Low,No
5857,5857,5858,L53037,L,301.3,310.9,1760,23.9,76,0,0,0,0,0,0,9.599999999999966,0,Low,High,Low,No
5858,5858,5859,L53038,L,301.3,311.0,1348,44.5,78,0,0,0,0,0,0,9.699999999999989,0,Medium,Medium,Low,No
5859,5859,5860,L53039,L,301.3,311.0,1542,33.6,80,0,0,0,0,0,0,9.699999999999989,0,Medium,Medium,Low,No
5860,5860,5861,L53040,L,301.3,310.9,1566,33.1,82,0,0,0,0,0,0,9.599999999999966,0,Medium,Medium,Medium,No
5861,5861,5862,L53041,L,301.3,311.0,1554,47.7,84,0,0,0,0,0,0,9.699999999999989,0,High,Medium,Medium,No
5862,5862,5863,L53042,L,301.4,311.0,1470,40.6,86,0,0,0,0,0,0,9.600000000000023,0,Medium,Medium,Medium,No
5863,5863,5864,M20723,M,301.4,311.1,1758,25.4,88,0,0,0,0,0,0,9.700000000000045,0,High,High,Medium,No
5864,5864,5865,M20724,M,301.4,311.0,1486,36.5,91,0,0,0,0,0,0,9.600000000000023,0,Medium,Medium,Medium,No
5865,5865,5866,M20725,M,301.5,311.1,1402,40.0,94,0,0,0,0,0,0,9.600000000000023,0,Medium,Medium,Medium,No
5866,5866,5867,L53046,L,301.5,311.1,1459,45.1,97,0,0,0,0,0,0,9.600000000000023,0,High,Medium,Medium,No
5867,5867,5868,L53047,L,301.5,311.0,1494,45.3,99,0,0,0,0,0,0,9.5,0,High,Medium,Medium,No
5868,5868,5869,L53048,L,301.5,311.1,1731,27.9,101,0,0,0,0,0,0,9.600000000000023,0,Medium,High,Medium,No
5869,5869,5870,L53049,L,301.5,311.1,2076,18.7,103,0,0,0,0,0,0,9.600000000000023,0,Low,High,Medium,No
5870,5870,5871,L53050,L,301.5,311.1,2055,16.8,105,0,0,0,0,0,0,9.600000000000023,0,Low,High,Medium,No
5871,5871,5872,L53051,L,301.5,311.1,1469,49.5,107,0,0,0,0,0,0,9.600000000000023,0,High,Medium,Medium,No
5872,5872,5873,M20732,M,301.5,311.0,1504,42.6,109,0,0,0,0,0,0,9.5,0,Medium,Medium,Medium,No
5873,5873,5874,M20733,M,301.5,311.1,1396,43.5,112,0,0,0,0,0,0,9.600000000000023,0,Medium,Medium,Medium,No
5874,5874,5875,M20734,M,301.5,311.1,1660,33.8,115,0,0,0,0,0,0,9.600000000000023,0,Medium,High,Medium,No
5875,5875,5876,M20735,M,301.5,311.0,1577,39.7,118,0,0,0,0,0,0,9.5,0,Medium,Medium,Medium,No
5876,5876,5877,L53056,L,301.5,311.1,1426,52.1,121,0,0,0,0,0,0,9.600000000000023,0,High,Medium,Medium,No
5877,5877,5878,L53057,L,301.5,311.1,1458,41.4,123,0,0,0,0,0,0,9.600000000000023,0,Medium,Medium,Medium,No
5878,5878,5879,L53058,L,301.4,311.0,1533,45.8,125,0,0,0,0,0,0,9.600000000000023,0,High,Medium,Medium,No
5879,5879,5880,L53059,L,301.4,311.0,1701,28.4,127,0,0,0,0,0,0,9.600000000000023,0,Medium,High,Medium,No
5880,5880,5881,L53060,L,301.5,311.1,1434,49.6,129,0,0,0,0,0,0,9.600000000000023,0,High,Medium,Medium,No
5881,5881,5882,L53061,L,301.4,311.1,1952,22.7,131,0,0,0,0,0,0,9.700000000000045,0,Low,High,High,No
5882,5882,5883,L53062,L,301.4,311.1,1469,36.9,133,0,0,0,0,0,0,9.700000000000045,0,Medium,Medium,High,No
5883,5883,5884,L53063,L,301.4,311.1,1800,26.0,135,0,0,0,0,0,0,9.700000000000045,0,Medium,High,High,No
5884,5884,5885,M20744,M,301.3,311.1,1438,43.0,137,0,0,0,0,0,0,9.800000000000011,0,Medium,Medium,High,No
5885,5885,5886,L53065,L,301.3,311.1,1647,28.2,140,0,0,0,0,0,0,9.800000000000011,0,Medium,Medium,High,No
5886,5886,5887,L53066,L,301.4,311.1,1494,41.9,142,0,0,0,0,0,0,9.700000000000045,0,Medium,Medium,High,No
5887,5887,5888,H35301,H,301.4,311.1,1445,41.4,144,0,0,0,0,0,0,9.700000000000045,0,Medium,Medium,High,No
5888,5888,5889,M20748,M,301.5,311.1,1507,38.6,149,0,0,0,0,0,0,9.600000000000023,0,Medium,Medium,High,No
5889,5889,5890,M20749,M,301.4,311.0,1234,55.8,152,0,0,0,0,0,0,9.600000000000023,0,High,Low,High,No
5890,5890,5891,L53070,L,301.4,311.0,1634,32.6,155,0,0,0,0,0,0,9.600000000000023,0,Medium,Medium,High,No
5891,5891,5892,L53071,L,301.4,311.0,1334,53.3,157,0,0,0,0,0,0,9.600000000000023,0,High,Medium,High,No
5892,5892,5893,L53072,L,301.4,311.1,1472,44.5,159,0,0,0,0,0,0,9.700000000000045,0,Medium,Medium,High,No
5893,5893,5894,M20753,M,301.3,311.0,1410,52.7,161,0,0,0,0,0,0,9.699999999999989,0,High,Medium,High,No
5894,5894,5895,L53074,L,301.2,310.9,1597,37.9,164,0,0,0,0,0,0,9.699999999999989,0,Medium,Medium,High,No
5895,5895,5896,M20755,M,301.2,310.9,1460,46.7,166,0,0,0,0,0,0,9.699999999999989,0,High,Medium,High,No
5896,5896,5897,L53076,L,301.1,310.8,1274,55.7,169,0,0,0,0,0,0,9.699999999999989,0,High,Medium,High,No
5897,5897,5898,M20757,M,301.0,310.7,1517,40.2,171,0,0,0,0,0,0,9.699999999999989,0,Medium,Medium,High,No
5898,5898,5899,L53078,L,301.0,310.7,1300,57.2,174,0,0,0,0,0,0,9.699999999999989,0,High,Medium,High,No
5899,5899,5900,H35313,H,300.9,310.6,1686,27.7,176,0,0,0,0,0,0,9.700000000000045,0,Medium,High,High,No
5900,5900,5901,M20760,M,300.9,310.7,1485,41.0,181,0,0,0,0,0,0,9.800000000000011,0,Medium,Medium,High,No
5901,5901,5902,L53081,L,301.0,310.7,1464,45.8,184,0,0,0,0,0,0,9.699999999999989,0,High,Medium,High,No
5902,5902,5903,L53082,L,300.9,310.6,1598,35.4,186,0,0,0,0,0,0,9.700000000000045,0,Medium,Medium,High,No
5903,5903,5904,L53083,L,300.9,310.5,1894,21.9,188,0,0,0,0,0,0,9.600000000000023,0,Low,High,High,No
5904,5904,5905,M20764,M,300.8,310.5,1330,59.0,190,0,0,0,0,0,0,9.699999999999989,0,High,Medium,High,No
5905,5905,5906,H35319,H,300.8,310.5,1582,31.1,193,0,0,0,0,0,0,9.699999999999989,0,Medium,Medium,High,No
5906,5906,5907,L53086,L,300.7,310.3,1533,35.6,198,0,0,0,0,0,0,9.600000000000023,0,Medium,Medium,High,No
5907,5907,5908,H35321,H,300.8,310.4,1419,46.4,200,0,0,0,0,0,0,9.599999999999966,0,High,Medium,High,No
5908,5908,5909,M20768,M,300.8,310.3,1526,36.3,205,0,0,0,0,0,0,9.5,0,Medium,Medium,High,No
5909,5909,5910,H35323,H,300.7,310.2,1364,65.3,208,1,1,0,1,1,0,9.5,3,High,Medium,High,No
5910,5910,5911,M20770,M,300.8,310.3,1458,43.4,0,0,0,0,0,0,0,9.5,0,Medium,Medium,Low,No
5911,5911,5912,M20771,M,300.8,310.4,1288,64.0,3,0,0,0,0,0,0,9.599999999999966,0,High,Medium,Low,No
5912,5912,5913,M20772,M,300.7,310.3,1659,29.8,6,0,0,0,0,0,0,9.600000000000023,0,Medium,High,Low,No
5913,5913,5914,H35327,H,300.7,310.2,1479,52.3,9,0,0,0,0,0,0,9.5,0,High,Medium,Low,No
5914,5914,5915,L53094,L,300.7,310.3,1592,36.0,14,0,0,0,0,0,0,9.600000000000023,0,Medium,Medium,Low,No
5915,5915,5916,M20775,M,300.6,310.2,1532,38.7,16,0,0,0,0,0,0,9.599999999999966,0,Medium,Medium,Low,No
5916,5916,5917,L53096,L,300.6,310.2,1555,41.9,19,0,0,0,0,0,0,9.599999999999966,0,Medium,Medium,Low,No
5917,5917,5918,L53097,L,300.6,310.2,1341,52.6,21,0,0,0,0,0,0,9.599999999999966,0,High,Medium,Low,No
5918,5918,5919,L53098,L,300.6,310.1,1541,42.0,23,0,0,0,0,0,0,9.5,0,Medium,Medium,Low,No
5919,5919,5920,L53099,L,300.6,310.3,1414,50.6,25,0,0,0,0,0,0,9.699999999999989,0,High,Medium,Low,No
5920,5920,5921,L53100,L,300.5,310.2,1764,25.9,27,0,0,0,0,0,0,9.699999999999989,0,High,High,Low,No
5921,5921,5922,L53101,L,300.5,310.3,1336,57.1,29,0,0,0,0,0,0,9.800000000000011,0,High,Medium,Low,No
5922,5922,5923,L53102,L,300.5,310.3,1435,43.3,31,0,0,0,0,0,0,9.800000000000011,0,Medium,Medium,Low,No
5923,5923,5924,M20783,M,300.4,310.3,1537,35.0,33,0,0,0,0,0,0,9.900000000000034,0,Medium,Medium,Low,No
5924,5924,5925,L53104,L,300.3,310.2,1369,48.8,36,0,0,0,0,0,0,9.899999999999977,0,High,Medium,Low,No
5925,5925,5926,M20785,M,300.2,310.1,1619,31.3,38,0,0,0,0,0,0,9.900000000000034,0,Medium,Medium,Low,No
5926,5926,5927,L53106,L,300.2,310.1,1440,51.1,41,0,0,0,0,0,0,9.900000000000034,0,High,Medium,Low,No
5927,5927,5928,L53107,L,300.2,310.1,1649,30.5,43,0,0,0,0,0,0,9.900000000000034,0,Medium,Medium,Low,No
5928,5928,5929,M20788,M,300.2,310.1,1550,38.7,45,0,0,0,0,0,0,9.900000000000034,0,Medium,Medium,Low,No
5929,5929,5930,L53109,L,300.3,310.2,1471,45.2,48,0,0,0,0,0,0,9.899999999999977,0,High,Medium,Low,No
5930,5930,5931,L53110,L,300.3,310.3,1483,51.6,50,0,0,0,0,0,0,10.0,0,High,Medium,Low,No
5931,5931,5932,L53111,L,300.3,310.4,1336,54.4,52,0,0,0,0,0,0,10.099999999999966,0,High,Medium,Low,No
5932,5932,5933,L53112,L,300.5,310.5,1515,36.6,54,0,0,0,0,0,0,10.0,0,Medium,Medium,Low,No
5933,5933,5934,L53113,L,300.5,310.5,1373,47.4,56,0,0,0,0,0,0,10.0,0,High,Medium,Low,No
5934,5934,5935,H35348,H,300.6,310.5,1454,51.2,58,0,0,0,0,0,0,9.899999999999977,0,High,Medium,Low,No
5935,5935,5936,L53115,L,300.5,310.5,1646,34.5,63,0,0,0,0,0,0,10.0,0,Medium,Medium,Low,No
5936,5936,5937,M20796,M,300.5,310.4,1548,37.3,65,0,0,0,0,0,0,9.899999999999977,0,Medium,Medium,Low,No
5937,5937,5938,M20797,M,300.6,310.5,1462,41.3,68,0,0,0,0,0,0,9.899999999999977,0,Medium,Medium,Low,No
5938,5938,5939,L53118,L,300.5,310.4,1702,33.1,71,0,0,0,0,0,0,9.899999999999977,0,Medium,High,Low,No
5939,5939,5940,L53119,L,300.5,310.5,1409,60.9,73,0,0,0,0,0,0,10.0,0,High,Medium,Low,No
5940,5940,5941,M20800,M,300.6,310.6,1427,52.8,75,0,0,0,0,0,0,10.0,0,High,Medium,Low,No
5941,5941,5942,L53121,L,300.6,310.7,1438,48.5,78,1,0,0,0,0,0,10.099999999999966,0,High,Medium,Low,No
5942,5942,5943,L53122,L,300.7,310.7,1450,43.4,80,0,0,0,0,0,0,10.0,0,Medium,Medium,Low,No
5943,5943,5944,L53123,L,300.7,310.7,1541,41.3,82,0,0,0,0,0,0,10.0,0,Medium,Medium,Medium,No
5944,5944,5945,M20804,M,300.7,310.6,1484,38.0,84,0,0,0,0,0,0,9.900000000000034,0,Medium,Medium,Medium,No
5945,5945,5946,M20805,M,300.8,310.8,1415,44.5,87,0,0,0,0,0,0,10.0,0,Medium,Medium,Medium,No
5946,5946,5947,L53126,L,300.7,310.8,1496,46.4,90,0,0,0,0,0,0,10.100000000000023,0,High,Medium,Medium,No
5947,5947,5948,M20807,M,300.7,310.8,1465,45.2,92,0,0,0,0,0,0,10.100000000000023,0,High,Medium,Medium,No
5948,5948,5949,L53128,L,300.7,310.8,2113,18.5,95,0,0,0,0,0,0,10.100000000000023,0,Low,High,Medium,No
5949,5949,5950,M20809,M,300.7,310.8,1506,44.0,97,0,0,0,0,0,0,10.100000000000023,0,Medium,Medium,Medium,No
5950,5950,5951,L53130,L,300.7,310.8,1689,28.9,100,0,0,0,0,0,0,10.100000000000023,0,Medium,High,Medium,No
5951,5951,5952,L53131,L,300.7,310.9,1650,29.4,102,0,0,0,0,0,0,10.199999999999989,0,Medium,Medium,Medium,No
5952,5952,5953,L53132,L,300.7,310.8,1563,33.8,104,0,0,0,0,0,0,10.100000000000023,0,Medium,Medium,Medium,No
5953,5953,5954,M20813,M,300.7,310.9,1486,38.9,106,0,0,0,0,0,0,10.199999999999989,0,Medium,Medium,Medium,No
5954,5954,5955,L53134,L,300.8,310.9,1732,25.7,109,0,0,0,0,0,0,10.099999999999966,0,High,High,Medium,No
5955,5955,5956,L53135,L,300.7,310.8,1653,31.6,111,0,0,0,0,0,0,10.100000000000023,0,Medium,High,Medium,No
5956,5956,5957,L53136,L,300.7,310.9,1535,37.1,113,0,0,0,0,0,0,10.199999999999989,0,Medium,Medium,Medium,No
5957,5957,5958,L53137,L,300.7,310.9,1637,37.2,115,0,0,0,0,0,0,10.199999999999989,0,Medium,Medium,Medium,No
5958,5958,5959,L53138,L,300.6,310.8,1533,38.5,117,0,0,0,0,0,0,10.199999999999989,0,Medium,Medium,Medium,No
5959,5959,5960,L53139,L,300.6,310.8,1378,51.2,119,0,0,0,0,0,0,10.199999999999989,0,High,Medium,Medium,No
5960,5960,5961,L53140,L,300.5,310.7,1606,33.5,121,0,0,0,0,0,0,10.199999999999989,0,Medium,Medium,Medium,No
5961,5961,5962,L53141,L,300.3,310.7,1539,32.3,123,0,0,0,0,0,0,10.399999999999977,0,Medium,Medium,Medium,No
5962,5962,5963,L53142,L,300.5,310.8,1728,26.3,125,0,0,0,0,0,0,10.300000000000011,0,Medium,High,Medium,No
5963,5963,5964,H35377,H,300.4,310.7,1656,36.3,127,0,0,0,0,0,0,10.300000000000011,0,Medium,High,Medium,No
5964,5964,5965,H35378,H,300.5,310.8,1631,30.5,132,0,0,0,0,0,0,10.300000000000011,0,Medium,Medium,High,No
5965,5965,5966,H35379,H,300.5,310.9,1447,46.5,137,0,0,0,0,0,0,10.399999999999977,0,High,Medium,High,No
5966,5966,5967,L53146,L,300.4,310.8,1396,49.3,142,0,0,0,0,0,0,10.400000000000034,0,High,Medium,High,No
5967,5967,5968,L53147,L,300.4,310.8,1390,52.5,144,0,0,0,0,0,0,10.400000000000034,0,High,Medium,High,No
5968,5968,5969,L53148,L,300.4,310.8,1348,56.0,146,0,0,0,0,0,0,10.400000000000034,0,High,Medium,High,No
5969,5969,5970,M20829,M,300.4,310.8,1491,35.9,148,0,0,0,0,0,0,10.400000000000034,0,Medium,Medium,High,No
5970,5970,5971,L53150,L,300.4,310.8,1520,37.6,151,0,0,0,0,0,0,10.400000000000034,0,Medium,Medium,High,No
5971,5971,5972,L53151,L,300.5,310.8,1509,33.0,153,0,0,0,0,0,0,10.300000000000011,0,Medium,Medium,High,No
5972,5972,5973,L53152,L,300.5,310.8,1445,46.6,155,0,0,0,0,0,0,10.300000000000011,0,High,Medium,High,No
5973,5973,5974,L53153,L,300.5,310.8,1354,51.8,157,0,0,0,0,0,0,10.300000000000011,0,High,Medium,High,No
5974,5974,5975,L53154,L,300.5,310.7,1488,39.4,159,0,0,0,0,0,0,10.199999999999989,0,Medium,Medium,High,No
5975,5975,5976,H35389,H,300.5,310.7,1654,28.6,161,0,0,0,0,0,0,10.199999999999989,0,Medium,High,High,No
5976,5976,5977,H35390,H,300.5,310.6,1378,51.5,166,0,0,0,0,0,0,10.100000000000023,0,High,Medium,High,No
5977,5977,5978,L53157,L,300.6,310.7,1750,30.6,171,0,0,0,0,0,0,10.099999999999966,0,Medium,High,High,No
5978,5978,5979,L53158,L,300.5,310.6,1448,46.3,173,0,0,0,0,0,0,10.100000000000023,0,High,Medium,High,No
5979,5979,5980,H35393,H,300.6,310.7,1501,45.3,175,0,0,0,0,0,0,10.099999999999966,0,High,Medium,High,No
5980,5980,5981,M20840,M,300.6,310.7,1654,32.0,180,0,0,0,0,0,0,10.099999999999966,0,Medium,High,High,No
5981,5981,5982,M20841,M,300.7,310.7,1347,46.5,183,0,0,0,0,0,0,10.0,0,High,Medium,High,No
5982,5982,5983,L53162,L,300.7,310.8,1486,37.1,186,0,0,0,0,0,0,10.100000000000023,0,Medium,Medium,High,No
5983,5983,5984,H35397,H,300.8,310.8,1466,45.2,188,0,0,0,0,0,0,10.0,0,High,Medium,High,No
5984,5984,5985,H35398,H,300.7,310.8,1346,52.0,193,0,0,0,0,0,0,10.100000000000023,0,High,Medium,High,No
5985,5985,5986,L53165,L,300.7,310.7,1314,42.4,198,0,0,0,0,0,0,10.0,0,Medium,Medium,High,No
5986,5986,5987,L53166,L,300.6,310.7,1440,52.5,200,0,0,0,0,0,0,10.099999999999966,0,High,Medium,High,No
5987,5987,5988,L53167,L,300.7,310.8,1608,39.5,202,0,0,0,0,0,0,10.100000000000023,0,Medium,Medium,High,No
5988,5988,5989,H35402,H,300.7,310.8,1296,58.2,204,0,0,0,0,0,0,10.100000000000023,0,High,Medium,High,No
5989,5989,5990,L53169,L,300.7,310.7,1507,46.1,209,0,0,0,0,0,0,10.0,0,High,Medium,High,No
5990,5990,5991,M20850,M,300.7,310.7,1343,51.6,211,0,0,0,0,0,0,10.0,0,High,Medium,High,No
5991,5991,5992,L53171,L,300.7,310.7,1416,40.4,214,0,0,0,0,0,0,10.0,0,Medium,Medium,High,No
5992,5992,5993,L53172,L,300.7,310.6,1288,47.2,216,0,0,0,0,0,0,9.900000000000034,0,High,Medium,High,No
5993,5993,5994,M20853,M,300.7,310.6,1407,42.4,218,0,0,0,0,0,0,9.900000000000034,0,Medium,Medium,High,No
5994,5994,5995,L53174,L,300.6,310.4,1608,39.2,221,0,0,0,0,0,0,9.799999999999955,0,Medium,Medium,High,No
5995,5995,5996,L53175,L,300.6,310.3,1920,22.3,223,0,0,0,0,0,0,9.699999999999989,0,Low,High,High,No
5996,5996,5997,M20856,M,300.5,310.2,1386,48.2,225,0,0,0,0,0,0,9.699999999999989,0,High,Medium,High,No
5997,5997,5998,M20857,M,300.5,310.2,1571,34.6,228,0,0,0,0,0,0,9.699999999999989,0,Medium,Medium,High,No
5998,5998,5999,M20858,M,300.4,310.2,1613,36.9,231,0,0,0,0,0,0,9.800000000000011,0,Medium,Medium,High,No
5999,5999,6000,M20859,M,300.4,310.2,1671,30.5,234,1,1,0,0,0,0,9.800000000000011,1,Medium,High,High,No
6000,6000,6001,H35414,H,300.4,310.2,1431,43.2,0,0,0,0,0,0,0,9.800000000000011,0,Medium,Medium,Low,No
6001,6001,6002,M20861,M,300.4,310.2,1380,47.3,5,0,0,0,0,0,0,9.800000000000011,0,High,Medium,Low,No
6002,6002,6003,L53182,L,300.5,310.3,1683,31.5,8,0,0,0,0,0,0,9.800000000000011,0,Medium,High,Low,No
6003,6003,6004,L53183,L,300.4,310.2,1529,36.2,10,0,0,0,0,0,0,9.800000000000011,0,Medium,Medium,Low,No
6004,6004,6005,L53184,L,300.5,310.4,1761,26.5,12,0,0,0,0,0,0,9.899999999999977,0,Medium,High,Low,No
6005,6005,6006,L53185,L,300.6,310.5,1570,38.3,14,0,0,0,0,0,0,9.899999999999977,0,Medium,Medium,Low,No
6006,6006,6007,M20866,M,300.6,310.5,2156,18.0,16,0,0,0,0,0,0,9.899999999999977,0,Low,High,Low,No
6007,6007,6008,M20867,M,300.7,310.6,1349,54.5,19,0,0,0,0,0,0,9.900000000000034,0,High,Medium,Low,No
6008,6008,6009,L53188,L,300.7,310.7,1431,39.3,22,0,0,0,0,0,0,10.0,0,Medium,Medium,Low,No
6009,6009,6010,L53189,L,300.6,310.6,1931,22.0,24,0,0,0,0,0,0,10.0,0,Low,High,Low,No
6010,6010,6011,H35424,H,300.7,310.7,1428,43.4,26,0,0,0,0,0,0,10.0,0,Medium,Medium,Low,No
6011,6011,6012,L53191,L,300.8,310.8,1564,36.2,31,0,0,0,0,0,0,10.0,0,Medium,Medium,Low,No
6012,6012,6013,H35426,H,300.8,310.9,1425,44.0,33,0,0,0,0,0,0,10.099999999999966,0,Medium,Medium,Low,No
6013,6013,6014,L53193,L,300.7,310.8,1597,30.5,38,0,0,0,0,0,0,10.100000000000023,0,Medium,Medium,Low,No
6014,6014,6015,H35428,H,300.8,310.8,1618,32.8,40,0,0,0,0,0,0,10.0,0,Medium,Medium,Low,No
6015,6015,6016,M20875,M,300.8,310.8,1520,38.0,45,0,0,0,0,0,0,10.0,0,Medium,Medium,Low,No
6016,6016,6017,L53196,L,300.7,310.7,1425,45.3,48,0,0,0,0,0,0,10.0,0,High,Medium,Low,No
6017,6017,6018,L53197,L,300.8,310.9,1398,38.2,50,0,0,0,0,0,0,10.099999999999966,0,Medium,Medium,Low,No
6018,6018,6019,M20878,M,300.8,310.9,1557,31.6,52,0,0,0,0,0,0,10.099999999999966,0,Medium,Medium,Low,No
6019,6019,6020,L53199,L,300.7,310.8,1519,43.9,55,0,0,0,0,0,0,10.100000000000023,0,Medium,Medium,Low,No
6020,6020,6021,L53200,L,300.7,310.8,1619,34.9,57,0,0,0,0,0,0,10.100000000000023,0,Medium,Medium,Low,No
6021,6021,6022,L53201,L,300.7,310.8,1814,21.4,59,0,0,0,0,0,0,10.100000000000023,0,Low,High,Low,No
6022,6022,6023,L53202,L,300.7,310.9,1521,39.4,61,0,0,0,0,0,0,10.199999999999989,0,Medium,Medium,Low,No
6023,6023,6024,M20883,M,300.7,310.9,1369,51.2,63,0,0,0,0,0,0,10.199999999999989,0,High,Medium,Low,No
6024,6024,6025,L53204,L,300.7,310.9,1356,65.3,66,1,0,0,1,0,0,10.199999999999989,1,High,Medium,Low,No
6025,6025,6026,L53205,L,300.7,311.0,1336,53.3,68,0,0,0,0,0,0,10.300000000000011,0,High,Medium,Low,No
6026,6026,6027,L53206,L,300.7,311.0,1403,48.3,70,0,0,0,0,0,0,10.300000000000011,0,High,Medium,Low,No
6027,6027,6028,M20887,M,300.7,311.0,1413,44.3,72,0,0,0,0,0,0,10.300000000000011,0,Medium,Medium,Low,No
6028,6028,6029,L53208,L,300.6,310.9,1472,47.6,75,0,0,0,0,0,0,10.299999999999955,0,High,Medium,Low,No
6029,6029,6030,M20889,M,300.7,310.8,1452,47.9,77,0,0,0,0,0,0,10.100000000000023,0,High,Medium,Low,No
6030,6030,6031,L53210,L,300.6,310.7,1397,53.7,80,0,0,0,0,0,0,10.099999999999966,0,High,Medium,Low,No
6031,6031,6032,L53211,L,300.6,310.7,1455,40.6,82,0,0,0,0,0,0,10.099999999999966,0,Medium,Medium,Medium,No
6032,6032,6033,L53212,L,300.7,310.8,1754,27.7,84,0,0,0,0,0,0,10.100000000000023,0,Medium,High,Medium,No
6033,6033,6034,L53213,L,300.6,310.9,1471,37.9,86,0,0,0,0,0,0,10.299999999999955,0,Medium,Medium,Medium,No
6034,6034,6035,M20894,M,300.6,310.8,1389,48.1,88,0,0,0,0,0,0,10.199999999999989,0,High,Medium,Medium,No
6035,6035,6036,M20895,M,300.6,310.9,1702,30.3,91,0,0,0,0,0,0,10.299999999999955,0,Medium,High,Medium,No
6036,6036,6037,M20896,M,300.6,311.0,1401,54.6,94,0,0,0,0,0,0,10.399999999999977,0,High,Medium,Medium,No
6037,6037,6038,L53217,L,300.7,311.1,1426,46.2,97,0,0,0,0,0,0,10.400000000000034,0,High,Medium,Medium,No
6038,6038,6039,L53218,L,300.7,311.0,1496,38.3,99,0,0,0,0,0,0,10.300000000000011,0,Medium,Medium,Medium,No
6039,6039,6040,L53219,L,300.6,310.9,1433,42.6,101,0,0,0,0,0,0,10.299999999999955,0,Medium,Medium,Medium,No
6040,6040,6041,M20900,M,300.7,311.1,1438,46.6,103,0,0,0,0,0,0,10.400000000000034,0,High,Medium,Medium,No
6041,6041,6042,M20901,M,300.7,311.0,1418,49.3,106,0,0,0,0,0,0,10.300000000000011,0,High,Medium,Medium,No
6042,6042,6043,M20902,M,300.8,311.0,1580,36.6,109,0,0,0,0,0,0,10.199999999999989,0,Medium,Medium,Medium,No
6043,6043,6044,M20903,M,300.7,310.9,1468,41.8,112,0,0,0,0,0,0,10.199999999999989,0,Medium,Medium,Medium,No
6044,6044,6045,M20904,M,300.8,310.9,1522,41.7,115,0,0,0,0,0,0,10.099999999999966,0,Medium,Medium,Medium,No
6045,6045,6046,L53225,L,300.8,310.9,1311,55.8,118,0,0,0,0,0,0,10.099999999999966,0,High,Medium,Medium,No
6046,6046,6047,L53226,L,300.9,311.0,1316,56.5,120,0,0,0,0,0,0,10.100000000000023,0,High,Medium,Medium,No
6047,6047,6048,H35461,H,300.9,311.0,1853,23.6,122,0,0,0,0,0,0,10.100000000000023,0,Low,High,Medium,No
6048,6048,6049,M20908,M,300.9,311.0,1556,38.8,127,0,0,0,0,0,0,10.100000000000023,0,Medium,Medium,Medium,No
6049,6049,6050,M20909,M,300.9,311.0,1567,34.3,130,0,0,0,0,0,0,10.100000000000023,0,Medium,Medium,Medium,No
6050,6050,6051,M20910,M,300.9,311.1,1546,37.7,133,0,0,0,0,0,0,10.200000000000045,0,Medium,Medium,High,No
6051,6051,6052,L53231,L,300.9,311.0,1382,51.2,136,0,0,0,0,0,0,10.100000000000023,0,High,Medium,High,No
6052,6052,6053,L53232,L,300.9,311.0,2003,20.2,138,0,0,0,0,0,0,10.100000000000023,0,Low,High,High,No
6053,6053,6054,L53233,L,300.8,310.9,1748,29.9,140,0,0,0,0,0,0,10.099999999999966,0,Medium,High,High,No
6054,6054,6055,H35468,H,300.7,310.8,1518,40.1,142,0,0,0,0,0,0,10.100000000000023,0,Medium,Medium,High,No
6055,6055,6056,L53235,L,300.7,310.8,1475,42.0,147,0,0,0,0,0,0,10.100000000000023,0,Medium,Medium,High,No
6056,6056,6057,L53236,L,300.8,310.8,1634,29.2,149,0,0,0,0,0,0,10.0,0,Medium,Medium,High,No
6057,6057,6058,L53237,L,300.8,310.8,1689,32.9,151,0,0,0,0,0,0,10.0,0,Medium,High,High,No
6058,6058,6059,M20918,M,300.9,310.9,1636,35.3,153,0,0,0,0,0,0,10.0,0,Medium,Medium,High,No
6059,6059,6060,L53239,L,300.9,311.0,2235,15.8,156,0,0,0,0,0,0,10.100000000000023,0,Low,High,High,No
6060,6060,6061,L53240,L,301.0,311.1,1615,35.6,158,0,0,0,0,0,0,10.100000000000023,0,Medium,Medium,High,No
6061,6061,6062,H35475,H,301.1,311.1,1618,29.5,160,0,0,0,0,0,0,10.0,0,Medium,Medium,High,No
6062,6062,6063,M20922,M,301.1,311.2,1407,53.0,165,0,0,0,0,0,0,10.099999999999966,0,High,Medium,High,No
6063,6063,6064,L53243,L,301.1,311.1,1450,43.3,168,0,0,0,0,0,0,10.0,0,Medium,Medium,High,No
6064,6064,6065,L53244,L,301.1,311.1,1889,23.8,170,0,0,0,0,0,0,10.0,0,Low,High,High,No
6065,6065,6066,L53245,L,301.0,310.9,1568,38.2,172,0,0,0,0,0,0,9.899999999999977,0,Medium,Medium,High,No
6066,6066,6067,L53246,L,301.0,311.0,1804,25.8,174,0,0,0,0,0,0,10.0,0,High,High,High,No
6067,6067,6068,L53247,L,301.0,311.0,1582,37.5,176,0,0,0,0,0,0,10.0,0,Medium,Medium,High,No
6068,6068,6069,M20928,M,301.0,310.9,2047,17.9,178,0,0,0,0,0,0,9.899999999999977,0,Low,High,High,No
6069,6069,6070,L53249,L,300.9,310.9,1601,34.0,181,0,0,0,0,0,0,10.0,0,Medium,Medium,High,No
6070,6070,6071,L53250,L,300.9,310.9,1615,32.0,183,0,0,0,0,0,0,10.0,0,Medium,Medium,High,No
6071,6071,6072,M20931,M,300.9,310.8,1452,43.6,185,0,0,0,0,0,0,9.900000000000034,0,Medium,Medium,High,No
6072,6072,6073,M20932,M,300.9,310.8,1695,30.2,188,0,0,0,0,0,0,9.900000000000034,0,Medium,High,High,No
6073,6073,6074,M20933,M,300.9,310.8,1790,26.2,191,0,0,0,0,0,0,9.900000000000034,0,Medium,High,High,No
6074,6074,6075,M20934,M,301.0,310.8,1533,39.3,194,0,0,0,0,0,0,9.800000000000011,0,Medium,Medium,High,No
6075,6075,6076,L53255,L,301.0,310.9,1813,28.5,197,0,0,0,0,0,0,9.899999999999977,0,Medium,High,High,No
6076,6076,6077,L53256,L,301.0,310.9,1492,36.7,199,0,0,0,0,0,0,9.899999999999977,0,Medium,Medium,High,No
6077,6077,6078,L53257,L,300.9,310.7,1479,43.3,201,0,0,0,0,0,0,9.800000000000011,0,Medium,Medium,High,No
6078,6078,6079,L53258,L,300.8,310.7,1339,59.1,203,1,0,0,0,1,0,9.899999999999977,1,High,Medium,High,No
6079,6079,6080,M20939,M,300.8,310.7,1371,44.7,205,0,0,0,0,0,0,9.899999999999977,0,Medium,Medium,High,No
6080,6080,6081,L53260,L,300.9,310.7,1468,36.2,208,0,0,0,0,0,0,9.800000000000011,0,Medium,Medium,High,No
6081,6081,6082,L53261,L,300.9,310.7,1517,41.7,210,0,0,0,0,0,0,9.800000000000011,0,Medium,Medium,High,No
6082,6082,6083,L53262,L,300.9,310.7,1352,46.4,212,0,0,0,0,0,0,9.800000000000011,0,High,Medium,High,No
6083,6083,6084,L53263,L,300.9,310.7,1389,50.0,214,0,0,0,0,0,0,9.800000000000011,0,High,Medium,High,No
6084,6084,6085,M20944,M,300.8,310.6,1505,36.2,0,0,0,0,0,0,0,9.800000000000011,0,Medium,Medium,Low,No
6085,6085,6086,L53265,L,300.9,310.6,1538,36.7,3,0,0,0,0,0,0,9.700000000000045,0,Medium,Medium,Low,No
6086,6086,6087,L53266,L,300.9,310.8,1482,37.0,5,0,0,0,0,0,0,9.900000000000034,0,Medium,Medium,Low,No
6087,6087,6088,M20947,M,300.9,310.8,1599,33.0,7,0,0,0,0,0,0,9.900000000000034,0,Medium,Medium,Low,No
6088,6088,6089,L53268,L,300.9,310.8,1476,39.0,10,0,0,0,0,0,0,9.900000000000034,0,Medium,Medium,Low,No
6089,6089,6090,L53269,L,300.9,310.7,1509,37.5,12,0,0,0,0,0,0,9.800000000000011,0,Medium,Medium,Low,No
6090,6090,6091,L53270,L,300.9,310.8,1708,29.1,14,0,0,0,0,0,0,9.900000000000034,0,Medium,High,Low,No
6091,6091,6092,L53271,L,300.9,310.7,1412,57.5,16,0,0,0,0,0,1,9.800000000000011,1,High,Medium,Low,No
6092,6092,6093,L53272,L,300.9,310.7,1658,28.5,18,0,0,0,0,0,0,9.800000000000011,0,Medium,High,Low,No
6093,6093,6094,L53273,L,301.0,310.8,1375,57.2,20,0,0,0,0,0,0,9.800000000000011,0,High,Medium,Low,No
6094,6094,6095,M20954,M,300.9,310.8,1402,48.1,22,0,0,0,0,0,0,9.900000000000034,0,High,Medium,Low,No
6095,6095,6096,M20955,M,300.9,310.7,1452,47.3,25,0,0,0,0,0,0,9.800000000000011,0,High,Medium,Low,No
6096,6096,6097,M20956,M,300.8,310.7,1483,40.8,28,0,0,0,0,0,0,9.899999999999977,0,Medium,Medium,Low,No
6097,6097,6098,H35511,H,300.9,310.8,1477,38.4,31,0,0,0,0,0,0,9.900000000000034,0,Medium,Medium,Low,No
6098,6098,6099,M20958,M,300.8,310.7,1924,22.4,36,0,0,0,0,0,0,9.899999999999977,0,Low,High,Low,No
6099,6099,6100,H35513,H,300.9,310.7,1609,28.7,39,0,0,0,0,0,0,9.800000000000011,0,Medium,Medium,Low,No
6100,6100,6101,M20960,M,300.8,310.7,1886,21.1,44,0,0,0,0,0,0,9.899999999999977,0,Low,High,Low,No
6101,6101,6102,L53281,L,300.7,310.6,1616,29.6,47,0,0,0,0,0,0,9.900000000000034,0,Medium,Medium,Low,No
6102,6102,6103,L53282,L,300.7,310.7,1442,43.2,49,0,0,0,0,0,0,10.0,0,Medium,Medium,Low,No
6103,6103,6104,L53283,L,300.8,310.8,1407,45.1,51,0,0,0,0,0,0,10.0,0,High,Medium,Low,No
6104,6104,6105,M20964,M,300.8,310.8,1461,41.3,53,0,0,0,0,0,0,10.0,0,Medium,Medium,Low,No
6105,6105,6106,M20965,M,300.8,310.9,1522,46.2,56,0,0,0,0,0,0,10.099999999999966,0,High,Medium,Low,No
6106,6106,6107,L53286,L,300.9,311.0,1432,48.1,59,0,0,0,0,0,0,10.100000000000023,0,High,Medium,Low,No
6107,6107,6108,L53287,L,300.9,311.0,1438,49.0,61,0,0,0,0,0,0,10.100000000000023,0,High,Medium,Low,No
6108,6108,6109,M20968,M,300.8,310.9,1678,28.1,63,0,0,0,0,0,0,10.099999999999966,0,Medium,High,Low,No
6109,6109,6110,M20969,M,300.8,310.9,1514,38.7,66,0,0,0,0,0,0,10.099999999999966,0,Medium,Medium,Low,No
6110,6110,6111,L53290,L,300.7,310.8,1534,41.3,69,0,0,0,0,0,0,10.100000000000023,0,Medium,Medium,Low,No
6111,6111,6112,M20971,M,300.7,310.8,1486,41.2,71,0,0,0,0,0,0,10.100000000000023,0,Medium,Medium,Low,No
6112,6112,6113,L53292,L,300.7,310.8,1925,22.0,74,0,0,0,0,0,0,10.100000000000023,0,Low,High,Low,No
6113,6113,6114,M20973,M,300.7,310.8,1724,30.0,76,0,0,0,0,0,0,10.100000000000023,0,Medium,High,Low,No
6114,6114,6115,M20974,M,300.8,310.8,1549,35.5,79,0,0,0,0,0,0,10.0,0,Medium,Medium,Low,No
6115,6115,6116,L53295,L,300.8,310.9,1457,47.7,82,0,0,0,0,0,0,10.099999999999966,0,High,Medium,Medium,No
6116,6116,6117,L53296,L,300.8,310.9,1453,43.9,84,0,0,0,0,0,0,10.099999999999966,0,Medium,Medium,Medium,No
6117,6117,6118,L53297,L,300.8,311.0,1578,44.4,86,0,0,0,0,0,0,10.199999999999989,0,Medium,Medium,Medium,No
6118,6118,6119,M20978,M,300.9,311.1,1325,61.4,88,0,0,0,0,0,0,10.200000000000045,0,High,Medium,Medium,No
6119,6119,6120,L53299,L,300.9,311.1,1471,39.3,91,0,0,0,0,0,0,10.200000000000045,0,Medium,Medium,Medium,No
6120,6120,6121,M20980,M,300.9,311.2,1472,40.0,93,0,0,0,0,0,0,10.300000000000011,0,Medium,Medium,Medium,No
6121,6121,6122,L53301,L,300.9,311.1,1457,37.4,96,0,0,0,0,0,0,10.200000000000045,0,Medium,Medium,Medium,No
6122,6122,6123,L53302,L,301.0,311.0,1402,55.3,98,0,0,0,0,0,0,10.0,0,High,Medium,Medium,No
6123,6123,6124,L53303,L,300.9,310.9,1477,41.5,100,0,0,0,0,0,0,10.0,0,Medium,Medium,Medium,No
6124,6124,6125,M20984,M,300.9,310.9,1727,30.1,102,0,0,0,0,0,0,10.0,0,Medium,High,Medium,No
6125,6125,6126,L53305,L,300.9,310.9,1995,20.2,105,0,0,0,0,0,0,10.0,0,Low,High,Medium,No
6126,6126,6127,L53306,L,300.9,310.9,1370,52.5,107,0,0,0,0,0,0,10.0,0,High,Medium,Medium,No
6127,6127,6128,L53307,L,300.9,310.9,1228,66.4,109,0,0,0,0,0,0,10.0,0,High,Low,Medium,No
6128,6128,6129,L53308,L,300.9,311.0,1499,38.0,111,0,0,0,0,0,0,10.100000000000023,0,Medium,Medium,Medium,No
6129,6129,6130,M20989,M,301.0,311.0,1508,46.9,113,0,0,0,0,0,0,10.0,0,High,Medium,Medium,No
6130,6130,6131,L53310,L,301.0,310.9,1473,44.2,116,0,0,0,0,0,0,9.899999999999977,0,Medium,Medium,Medium,No
6131,6131,6132,H35545,H,301.0,311.0,1640,37.6,118,0,0,0,0,0,0,10.0,0,Medium,Medium,Medium,No
6132,6132,6133,L53312,L,301.1,311.1,1429,42.5,123,0,0,0,0,0,0,10.0,0,Medium,Medium,Medium,No
6133,6133,6134,L53313,L,301.1,311.1,1470,40.9,125,0,0,0,0,0,0,10.0,0,Medium,Medium,Medium,No
6134,6134,6135,L53314,L,301.0,311.0,1581,37.0,127,0,0,0,0,0,0,10.0,0,Medium,Medium,Medium,No
6135,6135,6136,L53315,L,301.0,310.9,1740,28.9,129,0,0,0,0,0,0,9.899999999999977,0,Medium,High,Medium,No
6136,6136,6137,H35550,H,300.9,310.8,1390,40.6,131,0,0,0,0,0,0,9.900000000000034,0,Medium,Medium,High,No
6137,6137,6138,M20997,M,300.9,310.8,1988,19.7,136,0,0,0,0,0,0,9.900000000000034,0,Low,High,High,No
6138,6138,6139,M20998,M,300.8,310.7,1452,43.0,139,0,0,0,0,0,0,9.899999999999977,0,Medium,Medium,High,No
6139,6139,6140,L53319,L,300.8,310.7,1586,33.4,142,0,0,0,0,0,0,9.899999999999977,0,Medium,Medium,High,No
6140,6140,6141,L53320,L,300.8,310.7,1589,34.3,144,0,0,0,0,0,0,9.899999999999977,0,Medium,Medium,High,No
6141,6141,6142,L53321,L,300.8,310.8,1486,45.7,146,0,0,0,0,0,0,10.0,0,High,Medium,High,No
6142,6142,6143,L53322,L,300.9,310.9,1755,27.9,148,0,0,0,0,0,0,10.0,0,Medium,High,High,No
6143,6143,6144,M21003,M,301.0,310.9,1575,34.6,150,0,0,0,0,0,0,9.899999999999977,0,Medium,Medium,High,No
6144,6144,6145,M21004,M,301.1,311.1,1615,37.7,153,0,0,0,0,0,0,10.0,0,Medium,Medium,High,No
6145,6145,6146,M21005,M,301.1,311.1,1436,41.8,156,0,0,0,0,0,0,10.0,0,Medium,Medium,High,No
6146,6146,6147,M21006,M,301.1,311.1,1470,40.6,159,0,0,0,0,0,0,10.0,0,Medium,Medium,High,No
6147,6147,6148,M21007,M,301.1,311.1,2089,19.8,162,0,0,0,0,0,0,10.0,0,Low,High,High,No
6148,6148,6149,L53328,L,301.1,311.2,1564,37.0,165,0,0,0,0,0,0,10.099999999999966,0,Medium,Medium,High,No
6149,6149,6150,M21009,M,301.0,311.1,1420,47.4,167,0,0,0,0,0,0,10.100000000000023,0,High,Medium,High,No
6150,6150,6151,L53330,L,301.1,311.1,1711,29.1,170,0,0,0,0,0,0,10.0,0,Medium,High,High,No
6151,6151,6152,L53331,L,301.1,311.2,1555,35.3,172,0,0,0,0,0,0,10.099999999999966,0,Medium,Medium,High,No
6152,6152,6153,M21012,M,301.1,311.1,1592,35.7,174,0,0,0,0,0,0,10.0,0,Medium,Medium,High,No
6153,6153,6154,L53333,L,301.0,311.1,1236,64.4,177,1,0,0,0,1,0,10.100000000000023,1,High,Low,High,No
6154,6154,6155,M21014,M,301.0,310.9,1765,24.2,179,0,0,0,0,0,0,9.899999999999977,0,Low,High,High,No
6155,6155,6156,L53335,L,301.0,311.0,1634,31.2,182,0,0,0,0,0,0,10.0,0,Medium,Medium,High,No
6156,6156,6157,L53336,L,301.1,311.1,1508,41.5,184,0,0,0,0,0,0,10.0,0,Medium,Medium,High,No
6157,6157,6158,L53337,L,301.1,311.2,1774,29.6,186,0,0,0,0,0,0,10.099999999999966,0,Medium,High,High,No
6158,6158,6159,L53338,L,301.1,311.0,1677,29.1,188,0,0,0,0,0,0,9.899999999999977,0,Medium,High,High,No
6159,6159,6160,L53339,L,301.0,311.0,1399,58.0,190,1,0,0,0,1,0,10.0,1,High,Medium,High,No
6160,6160,6161,L53340,L,301.0,310.9,1570,34.0,192,0,0,0,0,0,0,9.899999999999977,0,Medium,Medium,High,No
6161,6161,6162,L53341,L,301.0,310.9,1479,44.3,194,0,0,0,0,0,0,9.899999999999977,0,Medium,Medium,High,No
6162,6162,6163,L53342,L,301.0,310.8,1558,34.9,196,0,0,0,0,0,0,9.800000000000011,0,Medium,Medium,High,No
6163,6163,6164,L53343,L,300.8,310.7,1358,48.1,198,0,0,0,0,0,0,9.899999999999977,0,High,Medium,High,No
6164,6164,6165,H35578,H,300.9,310.7,1656,30.7,200,0,0,0,0,0,0,9.800000000000011,0,Medium,High,High,No
6165,6165,6166,L53345,L,300.9,310.7,1523,35.8,205,0,0,0,0,0,0,9.800000000000011,0,Medium,Medium,High,No
6166,6166,6167,H35580,H,300.9,310.7,1403,40.6,207,0,0,0,0,0,0,9.800000000000011,0,Medium,Medium,High,No
6167,6167,6168,M21027,M,300.9,310.7,1362,51.6,212,0,0,0,0,0,0,9.800000000000011,0,High,Medium,High,No
6168,6168,6169,M21028,M,300.7,310.6,1778,27.1,215,0,0,0,0,0,0,9.900000000000034,0,Medium,High,High,No
6169,6169,6170,L53349,L,300.7,310.5,1448,38.2,218,0,0,0,0,0,0,9.800000000000011,0,Medium,Medium,High,No
6170,6170,6171,H35584,H,300.8,310.5,1559,40.1,220,0,0,0,0,0,0,9.699999999999989,0,Medium,Medium,High,No
6171,6171,6172,L53351,L,300.8,310.6,1416,42.2,225,0,0,0,0,0,0,9.800000000000011,0,Medium,Medium,High,No
6172,6172,6173,L53352,L,300.8,310.6,1577,37.9,227,1,1,0,0,0,0,9.800000000000011,1,Medium,Medium,High,No
6173,6173,6174,L53353,L,300.8,310.7,1633,27.8,0,0,0,0,0,0,0,9.899999999999977,0,Medium,Medium,Low,No
6174,6174,6175,L53354,L,300.9,310.7,1573,31.2,2,0,0,0,0,0,0,9.800000000000011,0,Medium,Medium,Low,No
6175,6175,6176,L53355,L,300.9,310.8,1517,44.3,4,0,0,0,0,0,0,9.900000000000034,0,Medium,Medium,Low,No
6176,6176,6177,L53356,L,301.0,310.9,1515,37.3,6,0,0,0,0,0,0,9.899999999999977,0,Medium,Medium,Low,No
6177,6177,6178,L53357,L,301.0,310.8,1527,45.3,8,0,0,0,0,0,0,9.800000000000011,0,High,Medium,Low,No
6178,6178,6179,L53358,L,301.1,310.9,1282,67.9,10,1,0,0,1,0,0,9.799999999999955,1,High,Medium,Low,No
6179,6179,6180,M21039,M,301.1,310.9,1396,45.1,12,0,0,0,0,0,0,9.799999999999955,0,High,Medium,Low,No
6180,6180,6181,L53360,L,301.0,310.9,1492,44.6,15,0,0,0,0,0,0,9.899999999999977,0,Medium,Medium,Low,No
6181,6181,6182,L53361,L,301.0,310.8,1975,19.7,17,0,0,0,0,0,0,9.800000000000011,0,Low,High,Low,No
6182,6182,6183,L53362,L,301.0,310.8,1475,35.3,19,0,0,0,0,0,0,9.800000000000011,0,Medium,Medium,Low,No
6183,6183,6184,H35597,H,301.0,310.9,1495,37.3,21,0,0,0,0,0,0,9.899999999999977,0,Medium,Medium,Low,No
6184,6184,6185,L53364,L,301.0,311.0,1553,35.8,26,0,0,0,0,0,0,10.0,0,Medium,Medium,Low,No
6185,6185,6186,L53365,L,301.1,311.0,1918,21.7,28,0,0,0,0,0,0,9.899999999999977,0,Low,High,Low,No
6186,6186,6187,M21046,M,301.1,311.0,1413,46.6,30,0,0,0,0,0,0,9.899999999999977,0,High,Medium,Low,No
6187,6187,6188,L53367,L,301.0,311.0,1437,56.0,33,0,0,0,0,0,0,10.0,0,High,Medium,Low,No
6188,6188,6189,L53368,L,301.0,310.9,1450,45.9,35,0,0,0,0,0,0,9.899999999999977,0,High,Medium,Low,No
6189,6189,6190,M21049,M,301.0,310.9,1910,21.9,37,0,0,0,0,0,0,9.899999999999977,0,Low,High,Low,No
6190,6190,6191,L53370,L,300.9,310.9,1749,26.4,40,0,0,0,0,0,0,10.0,0,Medium,High,Low,No
6191,6191,6192,H35605,H,301.0,310.9,1916,22.0,42,0,0,0,0,0,0,9.899999999999977,0,Low,High,Low,No
6192,6192,6193,L53372,L,301.0,310.9,1428,45.3,47,0,0,0,0,0,0,9.899999999999977,0,High,Medium,Low,No
6193,6193,6194,L53373,L,301.0,310.9,1578,38.4,49,0,0,0,0,0,0,9.899999999999977,0,Medium,Medium,Low,No
6194,6194,6195,L53374,L,300.9,310.8,1571,39.9,51,0,0,0,0,0,0,9.900000000000034,0,Medium,Medium,Low,No
6195,6195,6196,L53375,L,300.9,310.8,1729,30.2,53,0,0,0,0,0,0,9.900000000000034,0,Medium,High,Low,No
6196,6196,6197,L53376,L,300.9,310.8,1701,30.4,55,0,0,0,0,0,0,9.900000000000034,0,Medium,High,Low,No
6197,6197,6198,L53377,L,300.9,310.8,1493,45.8,57,0,0,0,0,0,0,9.900000000000034,0,High,Medium,Low,No
6198,6198,6199,M21058,M,301.0,310.9,1554,32.7,59,0,0,0,0,0,0,9.899999999999977,0,Medium,Medium,Low,No
6199,6199,6200,L53379,L,300.9,310.9,1497,43.2,62,0,0,0,0,0,0,10.0,0,Medium,Medium,Low,No
6200,6200,6201,L53380,L,301.0,310.9,1679,29.8,64,0,0,0,0,0,0,9.899999999999977,0,Medium,High,Low,No
6201,6201,6202,M21061,M,301.0,310.9,1510,44.5,66,0,0,0,0,0,0,9.899999999999977,0,Medium,Medium,Low,No
6202,6202,6203,L53382,L,301.0,310.9,1296,54.9,69,0,0,0,0,0,0,9.899999999999977,0,High,Medium,Low,No
6203,6203,6204,L53383,L,301.0,310.9,1404,41.8,71,0,0,0,0,0,0,9.899999999999977,0,Medium,Medium,Low,No
6204,6204,6205,M21064,M,300.9,310.8,1519,34.9,73,0,0,0,0,0,0,9.900000000000034,0,Medium,Medium,Low,No
6205,6205,6206,M21065,M,300.9,310.7,1696,27.3,76,0,0,0,0,0,0,9.800000000000011,0,Medium,High,Low,No
6206,6206,6207,M21066,M,300.8,310.6,1669,28.4,79,0,0,0,0,0,0,9.800000000000011,0,Medium,High,Low,No
6207,6207,6208,L53387,L,300.7,310.6,1447,40.7,82,0,0,0,0,0,0,9.900000000000034,0,Medium,Medium,Medium,No
6208,6208,6209,M21068,M,300.7,310.6,1418,46.3,84,0,0,0,0,0,0,9.900000000000034,0,High,Medium,Medium,No
6209,6209,6210,L53389,L,300.7,310.6,1407,40.5,87,0,0,0,0,0,0,9.900000000000034,0,Medium,Medium,Medium,No
6210,6210,6211,L53390,L,300.8,310.5,1434,44.5,89,0,0,0,0,0,0,9.699999999999989,0,Medium,Medium,Medium,No
6211,6211,6212,L53391,L,300.8,310.6,1360,48.8,91,0,0,0,0,0,0,9.800000000000011,0,High,Medium,Medium,No
6212,6212,6213,L53392,L,300.8,310.6,1402,53.7,93,0,0,0,0,0,0,9.800000000000011,0,High,Medium,Medium,No
6213,6213,6214,L53393,L,300.9,310.6,1552,34.9,95,0,0,0,0,0,0,9.700000000000045,0,Medium,Medium,Medium,No
6214,6214,6215,L53394,L,300.9,310.7,1392,44.2,97,0,0,0,0,0,0,9.800000000000011,0,Medium,Medium,Medium,No
6215,6215,6216,L53395,L,301.1,310.8,1521,41.0,99,0,0,0,0,0,0,9.699999999999989,0,Medium,Medium,Medium,No
6216,6216,6217,L53396,L,301.1,310.8,1724,27.5,101,0,0,0,0,0,0,9.699999999999989,0,Medium,High,Medium,No
6217,6217,6218,M21077,M,301.0,310.7,1455,46.1,103,0,0,0,0,0,0,9.699999999999989,0,High,Medium,Medium,No
6218,6218,6219,H35632,H,301.0,310.6,1366,50.6,106,0,0,0,0,0,0,9.600000000000023,0,High,Medium,Medium,No
6219,6219,6220,H35633,H,301.1,310.6,1407,43.9,111,0,0,0,0,0,0,9.5,0,Medium,Medium,Medium,No
6220,6220,6221,L53400,L,301.1,310.8,1470,49.3,116,0,0,0,0,0,0,9.699999999999989,0,High,Medium,Medium,No
6221,6221,6222,M21081,M,301.2,310.9,1359,50.8,118,0,0,0,0,0,0,9.699999999999989,0,High,Medium,Medium,No
6222,6222,6223,H35636,H,301.1,310.8,1792,25.8,121,0,0,0,0,0,0,9.699999999999989,0,High,High,Medium,No
6223,6223,6224,M21083,M,301.1,310.9,1552,37.9,126,0,0,0,0,0,0,9.799999999999955,0,Medium,Medium,Medium,No
6224,6224,6225,L53404,L,301.2,311.0,1612,32.9,129,0,0,0,0,0,0,9.800000000000011,0,Medium,Medium,Medium,No
6225,6225,6226,M21085,M,301.2,311.0,1424,41.4,131,0,0,0,0,0,0,9.800000000000011,0,Medium,Medium,High,No
6226,6226,6227,H35640,H,301.3,311.0,1341,59.3,134,0,0,0,0,0,0,9.699999999999989,0,High,Medium,High,No
6227,6227,6228,L53407,L,301.2,310.8,1479,38.2,139,0,0,0,0,0,0,9.600000000000023,0,Medium,Medium,High,No
6228,6228,6229,L53408,L,301.2,310.9,1413,50.1,141,0,0,0,0,0,0,9.699999999999989,0,High,Medium,High,No
6229,6229,6230,L53409,L,301.3,310.9,2165,17.4,143,0,0,0,0,0,0,9.599999999999966,0,Low,High,High,No
6230,6230,6231,M21090,M,301.3,311.0,1641,33.0,145,0,0,0,0,0,0,9.699999999999989,0,Medium,Medium,High,No
6231,6231,6232,M21091,M,301.3,311.0,1495,40.8,148,0,0,0,0,0,0,9.699999999999989,0,Medium,Medium,High,No
6232,6232,6233,L53412,L,301.3,311.0,1576,30.4,151,0,0,0,0,0,0,9.699999999999989,0,Medium,Medium,High,No
6233,6233,6234,L53413,L,301.2,310.9,1467,37.1,153,0,0,0,0,0,0,9.699999999999989,0,Medium,Medium,High,No
6234,6234,6235,L53414,L,301.2,310.8,1479,41.2,155,0,0,0,0,0,0,9.600000000000023,0,Medium,Medium,High,No
6235,6235,6236,L53415,L,301.3,310.9,1596,33.9,157,0,0,0,0,0,0,9.599999999999966,0,Medium,Medium,High,No
6236,6236,6237,M21096,M,301.3,310.9,1512,36.9,159,0,0,0,0,0,0,9.599999999999966,0,Medium,Medium,High,No
6237,6237,6238,L53417,L,301.4,310.9,1414,38.8,162,0,0,0,0,0,0,9.5,0,Medium,Medium,High,No
6238,6238,6239,L53418,L,301.3,310.8,1390,57.4,164,0,0,0,0,0,0,9.5,0,High,Medium,High,No
6239,6239,6240,L53419,L,301.2,310.7,1644,31.6,166,0,0,0,0,0,0,9.5,0,Medium,Medium,High,No
6240,6240,6241,M21100,M,301.2,310.7,1394,42.8,168,0,0,0,0,0,0,9.5,0,Medium,Medium,High,No
6241,6241,6242,L53421,L,301.1,310.5,1324,52.4,171,0,0,0,0,0,0,9.399999999999977,0,High,Medium,High,No
6242,6242,6243,L53422,L,301.0,310.4,1476,43.6,173,0,0,0,0,0,0,9.399999999999977,0,Medium,Medium,High,No
6243,6243,6244,L53423,L,301.0,310.4,2204,16.6,175,0,0,0,0,0,0,9.399999999999977,0,Low,High,High,No
6244,6244,6245,M21104,M,301.0,310.4,1665,30.9,177,0,0,0,0,0,0,9.399999999999977,0,Medium,High,High,No
6245,6245,6246,L53425,L,300.9,310.4,1445,41.7,180,0,0,0,0,0,0,9.5,0,Medium,Medium,High,No
6246,6246,6247,H35660,H,300.8,310.3,1457,46.8,182,0,0,0,0,0,0,9.5,0,High,Medium,High,No
6247,6247,6248,L53427,L,300.8,310.2,1492,46.3,187,0,0,0,0,0,0,9.399999999999977,0,High,Medium,High,No
6248,6248,6249,L53428,L,300.8,310.1,1405,61.2,189,1,0,0,1,1,0,9.300000000000011,2,High,Medium,High,No
6249,6249,6250,L53429,L,300.7,310.1,1542,35.5,191,0,0,0,0,0,0,9.400000000000034,0,Medium,Medium,High,No
6250,6250,6251,L53430,L,300.8,310.2,1520,37.7,193,0,0,0,0,0,0,9.399999999999977,0,Medium,Medium,High,No
6251,6251,6252,M21111,M,300.8,310.2,1598,36.5,195,0,0,0,0,0,0,9.399999999999977,0,Medium,Medium,High,No
6252,6252,6253,L53432,L,300.8,310.3,1538,36.1,198,0,0,0,0,0,0,9.5,0,Medium,Medium,High,No
6253,6253,6254,L53433,L,300.9,310.4,1615,30.9,200,0,0,0,0,0,0,9.5,0,Medium,Medium,High,No
6254,6254,6255,L53434,L,301.0,310.5,1408,47.0,202,0,0,0,0,0,0,9.5,0,High,Medium,High,No
6255,6255,6256,L53435,L,301.0,310.5,1379,57.3,204,1,0,0,0,1,0,9.5,1,High,Medium,High,No
6256,6256,6257,L53436,L,301.0,310.6,1493,37.8,206,1,1,0,0,0,0,9.600000000000023,1,Medium,Medium,High,No
6257,6257,6258,L53437,L,301.1,310.7,1376,49.1,0,0,0,0,0,0,0,9.599999999999966,0,High,Medium,Low,No
6258,6258,6259,M21118,M,301.1,310.7,1583,40.7,2,0,0,0,0,0,0,9.599999999999966,0,Medium,Medium,Low,No
6259,6259,6260,M21119,M,301.2,310.8,1396,47.4,5,0,0,0,0,0,0,9.600000000000023,0,High,Medium,Low,No
6260,6260,6261,L53440,L,301.1,310.7,1436,45.3,8,0,0,0,0,0,0,9.599999999999966,0,High,Medium,Low,No
6261,6261,6262,L53441,L,301.1,310.6,1417,47.6,10,0,0,0,0,0,0,9.5,0,High,Medium,Low,No
6262,6262,6263,L53442,L,301.0,310.6,1641,33.4,12,0,0,0,0,0,0,9.600000000000023,0,Medium,Medium,Low,No
6263,6263,6264,M21123,M,301.0,310.6,1698,27.3,14,0,0,0,0,0,0,9.600000000000023,0,Medium,High,Low,No
6264,6264,6265,L53444,L,300.9,310.4,1541,39.1,17,0,0,0,0,0,0,9.5,0,Medium,Medium,Low,No
6265,6265,6266,L53445,L,300.8,310.3,1383,46.6,19,0,0,0,0,0,0,9.5,0,High,Medium,Low,No
6266,6266,6267,L53446,L,300.8,310.4,1368,46.8,21,0,0,0,0,0,0,9.599999999999966,0,High,Medium,Low,No
6267,6267,6268,L53447,L,300.8,310.4,1570,35.2,23,0,0,0,0,0,0,9.599999999999966,0,Medium,Medium,Low,No
6268,6268,6269,L53448,L,300.9,310.5,1616,33.5,25,0,0,0,0,0,0,9.600000000000023,0,Medium,Medium,Low,No
6269,6269,6270,M21129,M,300.9,310.5,1444,43.2,27,0,0,0,0,0,0,9.600000000000023,0,Medium,Medium,Low,No
6270,6270,6271,L53450,L,300.9,310.4,2021,18.8,30,0,0,0,0,0,0,9.5,0,Low,High,Low,No
6271,6271,6272,M21131,M,300.9,310.5,1702,29.3,32,0,0,0,0,0,0,9.600000000000023,0,Medium,High,Low,No
6272,6272,6273,M21132,M,301.1,310.6,1429,52.7,35,0,0,0,0,0,0,9.5,0,High,Medium,Low,No
6273,6273,6274,L53453,L,301.2,310.8,1711,28.9,38,0,0,0,0,0,0,9.600000000000023,0,Medium,High,Low,No
6274,6274,6275,M21134,M,301.2,310.7,1543,32.9,40,0,0,0,0,0,0,9.5,0,Medium,Medium,Low,No
6275,6275,6276,L53455,L,301.3,310.8,1628,32.2,43,0,0,0,0,0,0,9.5,0,Medium,Medium,Low,No
6276,6276,6277,L53456,L,301.2,310.8,1233,64.6,45,0,0,0,0,0,0,9.600000000000023,0,High,Low,Low,No
6277,6277,6278,L53457,L,301.2,310.8,1461,40.6,47,0,0,0,0,0,0,9.600000000000023,0,Medium,Medium,Low,No
6278,6278,6279,L53458,L,301.2,310.7,1568,38.3,49,0,0,0,0,0,0,9.5,0,Medium,Medium,Low,No
6279,6279,6280,L53459,L,301.3,310.8,1432,54.4,51,0,0,0,0,0,0,9.5,0,High,Medium,Low,No
6280,6280,6281,M21140,M,301.2,310.7,1527,41.1,53,0,0,0,0,0,0,9.5,0,Medium,Medium,Low,No
6281,6281,6282,M21141,M,301.3,310.8,1455,41.2,56,0,0,0,0,0,0,9.5,0,Medium,Medium,Low,No
6282,6282,6283,M21142,M,301.3,310.8,1418,45.4,59,0,0,0,0,0,0,9.5,0,High,Medium,Low,No
6283,6283,6284,L53463,L,301.3,310.8,1719,29.5,62,0,0,0,0,0,0,9.5,0,Medium,High,Low,No
6284,6284,6285,M21144,M,301.2,310.8,1734,31.3,64,0,0,0,0,0,0,9.600000000000023,0,Medium,High,Low,No
6285,6285,6286,M21145,M,301.2,310.7,1426,46.1,67,0,0,0,0,0,0,9.5,0,High,Medium,Low,No
6286,6286,6287,L53466,L,301.1,310.6,1611,35.2,70,0,0,0,0,0,0,9.5,0,Medium,Medium,Low,No
6287,6287,6288,M21147,M,301.1,310.6,1479,41.1,72,0,0,0,0,0,0,9.5,0,Medium,Medium,Low,No
6288,6288,6289,L53468,L,301.0,310.5,1317,50.9,75,0,0,0,0,0,0,9.5,0,High,Medium,Low,No
6289,6289,6290,L53469,L,301.0,310.5,1248,61.4,77,0,0,0,0,0,0,9.5,0,High,Low,Low,No
6290,6290,6291,L53470,L,301.0,310.5,1932,21.7,79,0,0,0,0,0,0,9.5,0,Low,High,Low,No
6291,6291,6292,M21151,M,301.1,310.5,1547,35.8,81,0,0,0,0,0,0,9.399999999999977,0,Medium,Medium,Medium,No
6292,6292,6293,L53472,L,301.0,310.4,1614,31.6,84,0,0,0,0,0,0,9.399999999999977,0,Medium,Medium,Medium,No
6293,6293,6294,H35707,H,301.0,310.4,1512,44.9,86,0,0,0,0,0,0,9.399999999999977,0,Medium,Medium,Medium,No
6294,6294,6295,L53474,L,301.1,310.5,1529,38.7,91,0,0,0,0,0,0,9.399999999999977,0,Medium,Medium,Medium,No
6295,6295,6296,H35709,H,301.1,310.6,1782,24.9,93,0,0,0,0,0,0,9.5,0,Low,High,Medium,No
6296,6296,6297,L53476,L,301.0,310.5,1429,39.4,98,0,0,0,0,0,0,9.5,0,Medium,Medium,Medium,No
6297,6297,6298,M21157,M,301.1,310.5,1309,60.7,100,0,0,0,0,0,0,9.399999999999977,0,High,Medium,Medium,No
6298,6298,6299,L53478,L,301.1,310.5,1428,44.1,103,0,0,0,0,0,0,9.399999999999977,0,Medium,Medium,Medium,No
6299,6299,6300,L53479,L,301.2,310.6,1385,49.2,105,0,0,0,0,0,0,9.400000000000034,0,High,Medium,Medium,No
6300,6300,6301,L53480,L,301.2,310.7,1517,39.4,107,0,0,0,0,0,0,9.5,0,Medium,Medium,Medium,No
6301,6301,6302,M21161,M,301.2,310.6,1576,39.6,109,0,0,0,0,0,0,9.400000000000034,0,Medium,Medium,Medium,No
6302,6302,6303,L53482,L,301.2,310.6,1437,51.2,112,0,0,0,0,0,0,9.400000000000034,0,High,Medium,Medium,No
6303,6303,6304,H35717,H,301.2,310.6,1457,50.5,114,0,0,0,0,0,0,9.400000000000034,0,High,Medium,Medium,No
6304,6304,6305,L53484,L,301.1,310.5,1532,37.5,119,0,0,0,0,0,0,9.399999999999977,0,Medium,Medium,Medium,No
6305,6305,6306,M21165,M,301.1,310.5,1603,32.6,121,0,0,0,0,0,0,9.399999999999977,0,Medium,Medium,Medium,No
6306,6306,6307,L53486,L,301.0,310.4,1563,34.4,124,0,0,0,0,0,0,9.399999999999977,0,Medium,Medium,Medium,No
6307,6307,6308,L53487,L,301.0,310.3,1617,34.5,126,0,0,0,0,0,0,9.300000000000011,0,Medium,Medium,Medium,No
6308,6308,6309,M21168,M,300.8,310.1,1686,26.9,128,0,0,0,0,0,0,9.300000000000011,0,Medium,High,Medium,No
6309,6309,6310,L53489,L,300.9,310.2,1382,50.4,131,0,0,0,0,0,0,9.300000000000011,0,High,Medium,High,No
6310,6310,6311,L53490,L,300.9,310.1,2090,17.8,133,0,0,0,0,0,0,9.200000000000045,0,Low,High,High,No
6311,6311,6312,L53491,L,300.9,310.3,1446,44.5,135,0,0,0,0,0,0,9.400000000000034,0,Medium,Medium,High,No
6312,6312,6313,M21172,M,300.9,310.2,1533,38.1,137,0,0,0,0,0,0,9.300000000000011,0,Medium,Medium,High,No
6313,6313,6314,L53493,L,300.9,310.3,1440,47.6,140,0,0,0,0,0,0,9.400000000000034,0,High,Medium,High,No
6314,6314,6315,M21174,M,301.0,310.4,1793,25.0,142,0,0,0,0,0,0,9.399999999999977,0,Low,High,High,No
6315,6315,6316,M21175,M,301.0,310.4,1517,46.1,145,0,0,0,0,0,0,9.399999999999977,0,High,Medium,High,No
6316,6316,6317,L53496,L,300.9,310.4,1544,36.0,148,0,0,0,0,0,0,9.5,0,Medium,Medium,High,No
6317,6317,6318,L53497,L,300.9,310.3,1321,48.8,150,0,0,0,0,0,0,9.400000000000034,0,High,Medium,High,No
6318,6318,6319,M21178,M,300.9,310.3,1416,50.9,152,0,0,0,0,0,0,9.400000000000034,0,High,Medium,High,No
6319,6319,6320,L53499,L,300.8,310.2,1514,40.0,155,0,0,0,0,0,0,9.399999999999977,0,Medium,Medium,High,No
6320,6320,6321,M21180,M,300.8,310.2,1304,52.5,157,0,0,0,0,0,0,9.399999999999977,0,High,Medium,High,No
6321,6321,6322,L53501,L,300.7,310.2,1286,64.9,160,0,0,0,0,0,0,9.5,0,High,Medium,High,No
6322,6322,6323,M21182,M,300.7,310.1,1483,40.2,162,0,0,0,0,0,0,9.400000000000034,0,Medium,Medium,High,No
6323,6323,6324,L53503,L,300.7,310.1,1351,46.9,165,0,0,0,0,0,0,9.400000000000034,0,High,Medium,High,No
6324,6324,6325,M21184,M,300.7,310.1,1367,52.6,167,0,0,0,0,0,0,9.400000000000034,0,High,Medium,High,No
6325,6325,6326,L53505,L,300.7,310.1,1721,32.3,170,0,0,0,0,0,0,9.400000000000034,0,Medium,High,High,No
6326,6326,6327,L53506,L,300.6,310.0,1455,40.4,172,0,0,0,0,0,0,9.399999999999977,0,Medium,Medium,High,No
6327,6327,6328,L53507,L,300.6,310.0,1425,49.5,174,0,0,0,0,0,0,9.399999999999977,0,High,Medium,High,No
6328,6328,6329,L53508,L,300.7,310.0,1672,29.7,176,0,0,0,0,0,0,9.300000000000011,0,Medium,High,High,No
6329,6329,6330,M21189,M,300.7,310.0,1641,34.6,178,0,0,0,0,0,0,9.300000000000011,0,Medium,Medium,High,No
6330,6330,6331,M21190,M,300.5,310.0,1580,37.0,181,0,0,0,0,0,0,9.5,0,Medium,Medium,High,No
6331,6331,6332,H35745,H,300.5,310.0,1495,47.4,184,0,0,0,0,0,0,9.5,0,High,Medium,High,No
6332,6332,6333,M21192,M,300.5,309.9,1994,19.8,189,0,0,0,0,0,0,9.399999999999977,0,Low,High,High,No
6333,6333,6334,M21193,M,300.4,309.9,1415,31.8,192,0,0,0,0,0,0,9.5,0,Medium,Medium,High,No
6334,6334,6335,M21194,M,300.4,309.8,1725,30.4,195,0,0,0,0,0,0,9.400000000000034,0,Medium,High,High,No
6335,6335,6336,M21195,M,300.4,309.8,1430,43.4,198,0,0,0,0,0,0,9.400000000000034,0,Medium,Medium,High,No
6336,6336,6337,L53516,L,300.4,309.8,1395,48.1,201,0,0,0,0,0,0,9.400000000000034,0,High,Medium,High,No
6337,6337,6338,M21197,M,300.4,309.8,1435,43.6,203,0,0,0,0,0,0,9.400000000000034,0,Medium,Medium,High,No
6338,6338,6339,L53518,L,300.4,309.9,1681,28.6,206,0,0,0,0,0,0,9.5,0,Medium,High,High,No
6339,6339,6340,L53519,L,300.5,310.0,1451,48.6,208,0,0,0,0,0,0,9.5,0,High,Medium,High,No
6340,6340,6341,H35754,H,300.5,309.9,1397,45.9,210,1,1,0,0,0,0,9.399999999999977,1,High,Medium,High,No
6341,6341,6342,M21201,M,300.4,309.8,1421,47.2,0,0,0,0,0,0,0,9.400000000000034,0,High,Medium,Low,No
6342,6342,6343,M21202,M,300.3,309.8,1444,42.0,3,0,0,0,0,0,0,9.5,0,Medium,Medium,Low,No
6343,6343,6344,L53523,L,300.2,309.8,1827,23.0,6,0,0,0,0,0,0,9.600000000000023,0,Low,High,Low,No
6344,6344,6345,H35758,H,300.2,309.8,1374,47.7,8,0,0,0,0,0,0,9.600000000000023,0,High,Medium,Low,No
6345,6345,6346,L53525,L,300.2,309.8,1650,29.6,13,0,0,0,0,0,0,9.600000000000023,0,Medium,Medium,Low,No
6346,6346,6347,L53526,L,300.2,309.7,1275,60.7,15,0,0,0,0,0,0,9.5,0,High,Medium,Low,No
6347,6347,6348,L53527,L,300.2,309.7,1421,44.6,17,0,0,0,0,0,0,9.5,0,Medium,Medium,Low,No
6348,6348,6349,L53528,L,300.2,309.8,1557,33.8,19,0,0,0,0,0,0,9.600000000000023,0,Medium,Medium,Low,No
6349,6349,6350,L53529,L,300.1,309.8,1506,35.2,21,0,0,0,0,0,0,9.699999999999989,0,Medium,Medium,Low,No
6350,6350,6351,L53530,L,300.1,309.7,1362,49.1,23,0,0,0,0,0,0,9.599999999999966,0,High,Medium,Low,No
6351,6351,6352,L53531,L,300.0,309.7,1542,47.1,25,0,0,0,0,0,0,9.699999999999989,0,High,Medium,Low,No
6352,6352,6353,L53532,L,300.0,309.6,1496,38.8,27,0,0,0,0,0,0,9.600000000000023,0,Medium,Medium,Low,No
6353,6353,6354,M21213,M,300.0,309.6,1491,42.0,29,0,0,0,0,0,0,9.600000000000023,0,Medium,Medium,Low,No
6354,6354,6355,L53534,L,300.1,309.6,1565,34.8,32,0,0,0,0,0,0,9.5,0,Medium,Medium,Low,No
6355,6355,6356,L53535,L,300.1,309.7,1481,37.9,34,0,0,0,0,0,0,9.599999999999966,0,Medium,Medium,Low,No
6356,6356,6357,M21216,M,300.1,309.7,1420,48.4,36,0,0,0,0,0,0,9.599999999999966,0,High,Medium,Low,No
6357,6357,6358,L53537,L,300.2,309.8,1398,54.8,39,0,0,0,0,0,0,9.600000000000023,0,High,Medium,Low,No
6358,6358,6359,M21218,M,300.2,309.8,1466,45.7,41,0,0,0,0,0,0,9.600000000000023,0,High,Medium,Low,No
6359,6359,6360,L53539,L,300.1,309.8,1430,56.7,44,0,0,0,0,0,0,9.699999999999989,0,High,Medium,Low,No
6360,6360,6361,L53540,L,300.1,309.7,1441,40.1,46,0,0,0,0,0,0,9.599999999999966,0,Medium,Medium,Low,No
6361,6361,6362,M21221,M,300.1,309.7,1348,57.3,48,0,0,0,0,0,0,9.599999999999966,0,High,Medium,Low,No
6362,6362,6363,L53542,L,300.0,309.6,1738,28.7,51,0,0,0,0,0,0,9.600000000000023,0,Medium,High,Low,No
6363,6363,6364,M21223,M,300.0,309.6,1618,36.2,53,0,0,0,0,0,0,9.600000000000023,0,Medium,Medium,Low,No
6364,6364,6365,M21224,M,299.9,309.6,1489,41.7,56,0,0,0,0,0,0,9.700000000000045,0,Medium,Medium,Low,No
6365,6365,6366,M21225,M,299.9,309.5,1412,57.9,59,0,0,0,0,0,0,9.600000000000023,0,High,Medium,Low,No
6366,6366,6367,M21226,M,299.9,309.5,2065,18.1,62,0,0,0,0,0,0,9.600000000000023,0,Low,High,Low,No
6367,6367,6368,L53547,L,300.0,309.6,1571,33.1,65,0,0,0,0,0,0,9.600000000000023,0,Medium,Medium,Low,No
6368,6368,6369,M21228,M,300.0,309.6,1423,48.7,67,0,0,0,0,0,0,9.600000000000023,0,High,Medium,Low,No
6369,6369,6370,H35783,H,300.0,309.5,1781,24.9,70,0,0,0,0,0,0,9.5,0,Low,High,Low,No
6370,6370,6371,L53550,L,300.1,309.6,1321,46.9,75,0,0,0,0,0,0,9.5,0,High,Medium,Low,No
6371,6371,6372,L53551,L,300.1,309.6,1546,36.7,77,0,0,0,0,0,0,9.5,0,Medium,Medium,Low,No
6372,6372,6373,M21232,M,300.0,309.5,1879,22.4,79,0,0,0,0,0,0,9.5,0,Low,High,Low,No
6373,6373,6374,H35787,H,300.0,309.5,1735,28.9,82,0,0,0,0,0,0,9.5,0,Medium,High,Medium,No
6374,6374,6375,L53554,L,300.0,309.5,1506,38.8,87,0,0,0,0,0,0,9.5,0,Medium,Medium,Medium,No
6375,6375,6376,H35789,H,300.0,309.6,1629,32.3,89,0,0,0,0,0,0,9.600000000000023,0,Medium,Medium,Medium,No
6376,6376,6377,L53556,L,300.0,309.6,1694,28.7,94,0,0,0,0,0,0,9.600000000000023,0,Medium,High,Medium,No
6377,6377,6378,L53557,L,300.1,309.6,1541,37.0,96,0,0,0,0,0,0,9.5,0,Medium,Medium,Medium,No
6378,6378,6379,L53558,L,300.0,309.6,1514,44.6,98,0,0,0,0,0,0,9.600000000000023,0,Medium,Medium,Medium,No
6379,6379,6380,L53559,L,300.1,309.7,1485,45.9,100,0,0,0,0,0,0,9.599999999999966,0,High,Medium,Medium,No
6380,6380,6381,L53560,L,300.2,309.8,1430,55.0,102,0,0,0,0,0,0,9.600000000000023,0,High,Medium,Medium,No
6381,6381,6382,L53561,L,300.2,309.7,1771,27.1,104,0,0,0,0,0,0,9.5,0,Medium,High,Medium,No
6382,6382,6383,L53562,L,300.2,309.8,1481,41.9,106,0,0,0,0,0,0,9.600000000000023,0,Medium,Medium,Medium,No
6383,6383,6384,H35797,H,300.2,309.7,1483,43.8,108,0,0,0,0,0,0,9.5,0,Medium,Medium,Medium,No
6384,6384,6385,H35798,H,300.1,309.6,1463,45.1,113,0,0,0,0,0,0,9.5,0,High,Medium,Medium,No
6385,6385,6386,L53565,L,300.1,309.7,1410,48.3,118,0,0,0,0,0,0,9.599999999999966,0,High,Medium,Medium,No
6386,6386,6387,L53566,L,300.2,309.7,1656,34.3,120,0,0,0,0,0,0,9.5,0,Medium,High,Medium,No
6387,6387,6388,M21247,M,300.2,309.8,1487,39.2,122,0,0,0,0,0,0,9.600000000000023,0,Medium,Medium,Medium,No
6388,6388,6389,H35802,H,300.3,309.9,1509,46.6,125,0,0,0,0,0,0,9.599999999999966,0,High,Medium,Medium,No
6389,6389,6390,H35803,H,300.3,309.9,1677,30.1,130,0,0,0,0,0,0,9.599999999999966,0,Medium,High,Medium,No
6390,6390,6391,L53570,L,300.3,309.8,1450,55.0,135,0,0,0,0,0,0,9.5,0,High,Medium,High,No
6391,6391,6392,M21251,M,300.2,309.7,1413,43.0,137,0,0,0,0,0,0,9.5,0,Medium,Medium,High,No
6392,6392,6393,L53572,L,300.1,309.7,1680,33.8,140,0,0,0,0,0,0,9.599999999999966,0,Medium,High,High,No
6393,6393,6394,L53573,L,300.2,309.7,1678,30.5,142,0,0,0,0,0,0,9.5,0,Medium,High,High,No
6394,6394,6395,M21254,M,300.2,309.7,1408,44.0,144,0,0,0,0,0,0,9.5,0,Medium,Medium,High,No
6395,6395,6396,M21255,M,300.1,309.6,1376,52.1,147,0,0,0,0,0,0,9.5,0,High,Medium,High,No
6396,6396,6397,L53576,L,300.0,309.6,1526,46.4,150,0,0,0,0,0,0,9.600000000000023,0,High,Medium,High,No
6397,6397,6398,M21257,M,300.0,309.6,1587,32.6,152,0,0,0,0,0,0,9.600000000000023,0,Medium,Medium,High,No
6398,6398,6399,L53578,L,300.1,309.7,1351,58.2,155,0,0,0,0,0,0,9.599999999999966,0,High,Medium,High,No
6399,6399,6400,M21259,M,300.1,309.6,1501,38.0,157,0,0,0,0,0,0,9.5,0,Medium,Medium,High,No
6400,6400,6401,L53580,L,300.1,309.7,1601,35.8,160,0,0,0,0,0,0,9.599999999999966,0,Medium,Medium,High,No
6401,6401,6402,M21261,M,300.0,309.6,1573,39.7,162,0,0,0,0,0,0,9.600000000000023,0,Medium,Medium,High,No
6402,6402,6403,M21262,M,300.1,309.6,1584,36.7,165,0,0,0,0,0,0,9.5,0,Medium,Medium,High,No
6403,6403,6404,L53583,L,300.1,309.6,1649,33.6,168,0,0,0,0,0,0,9.5,0,Medium,Medium,High,No
6404,6404,6405,M21264,M,300.2,309.7,1183,61.4,170,0,0,0,0,0,0,9.5,0,High,Low,High,No
6405,6405,6406,L53585,L,300.1,309.7,2151,17.5,173,0,0,0,0,0,0,9.599999999999966,0,Low,High,High,No
6406,6406,6407,L53586,L,300.2,309.8,1526,45.6,175,0,0,0,0,0,0,9.600000000000023,0,High,Medium,High,No
6407,6407,6408,M21267,M,300.3,309.9,1611,29.0,177,0,0,0,0,0,0,9.599999999999966,0,Medium,Medium,High,No
6408,6408,6409,L53588,L,300.3,309.9,1601,31.7,180,0,0,0,0,0,0,9.599999999999966,0,Medium,Medium,High,No
6409,6409,6410,L53589,L,300.3,310.0,1560,40.8,182,0,0,0,0,0,0,9.699999999999989,0,Medium,Medium,High,No
6410,6410,6411,L53590,L,300.4,310.1,1544,41.9,184,0,0,0,0,0,0,9.700000000000045,0,Medium,Medium,High,No
6411,6411,6412,M21271,M,300.4,310.0,1560,42.3,186,0,0,0,0,0,0,9.600000000000023,0,Medium,Medium,High,No
6412,6412,6413,L53592,L,300.4,310.0,1423,44.2,189,0,0,0,0,0,0,9.600000000000023,0,Medium,Medium,High,No
6413,6413,6414,L53593,L,300.4,310.1,1614,33.5,191,0,0,0,0,0,0,9.700000000000045,0,Medium,Medium,High,No
6414,6414,6415,M21274,M,300.4,310.1,1457,35.1,193,0,0,0,0,0,0,9.700000000000045,0,Medium,Medium,High,No
6415,6415,6416,L53595,L,300.4,310.1,1503,42.2,196,0,0,0,0,0,0,9.700000000000045,0,Medium,Medium,High,No
6416,6416,6417,H35830,H,300.4,310.1,1484,38.0,198,0,0,0,0,0,0,9.700000000000045,0,Medium,Medium,High,No
6417,6417,6418,L53597,L,300.3,309.9,1540,39.9,203,0,0,0,0,0,0,9.599999999999966,0,Medium,Medium,High,No
6418,6418,6419,H35832,H,300.3,309.9,1405,52.1,205,0,0,0,0,0,0,9.599999999999966,0,High,Medium,High,No
6419,6419,6420,H35833,H,300.3,309.9,1394,46.7,210,1,1,0,0,0,0,9.599999999999966,1,High,Medium,High,No
6420,6420,6421,L53600,L,300.3,309.9,1518,36.4,0,0,0,0,0,0,0,9.599999999999966,0,Medium,Medium,Low,No
6421,6421,6422,L53601,L,300.3,309.9,1527,41.4,2,0,0,0,0,0,0,9.599999999999966,0,Medium,Medium,Low,No
6422,6422,6423,L53602,L,300.3,309.9,1377,55.3,4,0,0,0,0,0,0,9.599999999999966,0,High,Medium,Low,No
6423,6423,6424,M21283,M,300.3,310.0,1537,37.5,6,0,0,0,0,0,0,9.699999999999989,0,Medium,Medium,Low,No
6424,6424,6425,M21284,M,300.3,310.0,1409,43.2,9,0,0,0,0,0,0,9.699999999999989,0,Medium,Medium,Low,No
6425,6425,6426,L53605,L,300.3,309.9,1393,56.1,12,0,0,0,0,0,0,9.599999999999966,0,High,Medium,Low,No
6426,6426,6427,L53606,L,300.2,309.7,1448,36.8,14,0,0,0,0,0,0,9.5,0,Medium,Medium,Low,No
6427,6427,6428,L53607,L,300.2,309.8,1418,49.3,16,0,0,0,0,0,0,9.600000000000023,0,High,Medium,Low,No
6428,6428,6429,M21288,M,300.2,309.8,1743,24.1,18,0,0,0,0,0,0,9.600000000000023,0,Low,High,Low,No
6429,6429,6430,M21289,M,300.2,309.8,1394,47.4,21,0,0,0,0,0,0,9.600000000000023,0,High,Medium,Low,No
6430,6430,6431,L53610,L,300.3,309.8,1523,39.2,24,0,0,0,0,0,0,9.5,0,Medium,Medium,Low,No
6431,6431,6432,L53611,L,300.2,309.8,1353,59.4,26,0,0,0,0,0,0,9.600000000000023,0,High,Medium,Low,No
6432,6432,6433,M21292,M,300.3,309.9,1447,46.5,28,0,0,0,0,0,0,9.599999999999966,0,High,Medium,Low,No
6433,6433,6434,L53613,L,300.3,309.9,1570,34.0,31,0,0,0,0,0,0,9.599999999999966,0,Medium,Medium,Low,No
6434,6434,6435,M21294,M,300.3,309.9,1494,38.5,33,0,0,0,0,0,0,9.599999999999966,0,Medium,Medium,Low,No
6435,6435,6436,L53615,L,300.3,309.9,1621,34.1,36,0,0,0,0,0,0,9.599999999999966,0,Medium,Medium,Low,No
6436,6436,6437,L53616,L,300.4,310.0,1769,26.1,38,0,0,0,0,0,0,9.600000000000023,0,Medium,High,Low,No
6437,6437,6438,L53617,L,300.4,310.0,1282,66.1,40,0,0,0,0,0,0,9.600000000000023,0,High,Medium,Low,No
6438,6438,6439,L53618,L,300.4,310.0,1581,30.3,42,0,0,0,0,0,0,9.600000000000023,0,Medium,Medium,Low,No
6439,6439,6440,L53619,L,300.6,310.1,1656,32.7,44,0,0,0,0,0,0,9.5,0,Medium,High,Low,No
6440,6440,6441,L53620,L,300.6,310.2,1648,31.7,46,0,0,0,0,0,0,9.599999999999966,0,Medium,Medium,Low,No
6441,6441,6442,L53621,L,300.7,310.2,1639,31.4,48,0,0,0,0,0,0,9.5,0,Medium,Medium,Low,No
6442,6442,6443,L53622,L,300.7,310.2,1348,54.8,50,0,0,0,0,0,0,9.5,0,High,Medium,Low,No
6443,6443,6444,L53623,L,300.8,310.3,1537,33.3,52,0,0,0,0,0,0,9.5,0,Medium,Medium,Low,No
6444,6444,6445,M21304,M,300.8,310.3,1270,61.0,54,0,0,0,0,0,0,9.5,0,High,Medium,Low,No
6445,6445,6446,L53625,L,300.7,310.3,1662,34.4,57,0,0,0,0,0,0,9.600000000000023,0,Medium,High,Low,No
6446,6446,6447,M21306,M,300.7,310.3,1471,40.2,59,0,0,0,0,0,0,9.600000000000023,0,Medium,Medium,Low,No
6447,6447,6448,L53627,L,300.6,310.1,1337,45.8,62,0,0,0,0,0,0,9.5,0,High,Medium,Low,No
6448,6448,6449,H35862,H,300.7,310.2,1877,24.8,64,0,0,0,0,0,0,9.5,0,Low,High,Low,No
6449,6449,6450,L53629,L,300.6,310.2,1519,44.6,69,0,0,0,0,0,0,9.599999999999966,0,Medium,Medium,Low,No
6450,6450,6451,L53630,L,300.6,310.2,1378,47.3,71,0,0,0,0,0,0,9.599999999999966,0,High,Medium,Low,No
6451,6451,6452,L53631,L,300.7,310.2,1696,27.5,73,0,0,0,0,0,0,9.5,0,Medium,High,Low,No
6452,6452,6453,L53632,L,300.7,310.1,1376,50.8,75,0,0,0,0,0,0,9.400000000000034,0,High,Medium,Low,No
6453,6453,6454,L53633,L,300.7,310.2,1807,24.2,77,0,0,0,0,0,0,9.5,0,Low,High,Low,No
6454,6454,6455,L53634,L,300.7,310.1,1598,32.8,79,0,0,0,0,0,0,9.400000000000034,0,Medium,Medium,Low,No
6455,6455,6456,L53635,L,300.7,310.1,1565,40.2,81,0,0,0,0,0,0,9.400000000000034,0,Medium,Medium,Medium,No
6456,6456,6457,L53636,L,300.7,310.2,1387,50.6,83,0,0,0,0,0,0,9.5,0,High,Medium,Medium,No
6457,6457,6458,L53637,L,300.7,310.0,1395,48.0,85,0,0,0,0,0,0,9.300000000000011,0,High,Medium,Medium,No
6458,6458,6459,M21318,M,300.6,310.0,1302,62.9,87,0,0,0,0,0,0,9.399999999999977,0,High,Medium,Medium,No
6459,6459,6460,M21319,M,300.6,310.0,1397,55.2,90,0,0,0,0,0,0,9.399999999999977,0,High,Medium,Medium,No
6460,6460,6461,L53640,L,300.6,310.0,1313,52.9,93,0,0,0,0,0,0,9.399999999999977,0,High,Medium,Medium,No
6461,6461,6462,L53641,L,300.6,310.0,1505,35.9,95,0,0,0,0,0,0,9.399999999999977,0,Medium,Medium,Medium,No
6462,6462,6463,H35876,H,300.6,310.0,1483,44.0,97,0,0,0,0,0,0,9.399999999999977,0,Medium,Medium,Medium,No
6463,6463,6464,H35877,H,300.5,310.0,1358,60.4,102,0,0,0,0,0,0,9.5,0,High,Medium,Medium,No
6464,6464,6465,M21324,M,300.5,309.9,1735,27.0,107,0,0,0,0,0,0,9.399999999999977,0,Medium,High,Medium,No
6465,6465,6466,M21325,M,300.5,309.8,1416,48.5,110,0,0,0,0,0,0,9.300000000000011,0,High,Medium,Medium,No
6466,6466,6467,L53646,L,300.4,309.7,1740,31.1,113,0,0,0,0,0,0,9.300000000000011,0,Medium,High,Medium,No
6467,6467,6468,L53647,L,300.4,309.7,1692,27.4,115,0,0,0,0,0,0,9.300000000000011,0,Medium,High,Medium,No
6468,6468,6469,L53648,L,300.5,309.8,1507,42.5,117,0,0,0,0,0,0,9.300000000000011,0,Medium,Medium,Medium,No
6469,6469,6470,M21329,M,300.4,309.6,1521,35.0,119,0,0,0,0,0,0,9.200000000000045,0,Medium,Medium,Medium,No
6470,6470,6471,L53650,L,300.4,309.6,1379,54.5,122,0,0,0,0,0,0,9.200000000000045,0,High,Medium,Medium,No
6471,6471,6472,L53651,L,300.4,309.6,1523,38.5,124,0,0,0,0,0,0,9.200000000000045,0,Medium,Medium,Medium,No
6472,6472,6473,H35886,H,300.4,309.6,1571,33.6,126,0,0,0,0,0,0,9.200000000000045,0,Medium,Medium,Medium,No
6473,6473,6474,H35887,H,300.4,309.5,1547,50.7,131,0,0,0,0,0,0,9.100000000000023,0,High,Medium,High,No
6474,6474,6475,M21334,M,300.5,309.7,1347,54.3,136,0,0,0,0,0,0,9.199999999999989,0,High,Medium,High,No
6475,6475,6476,L53655,L,300.5,309.7,1560,30.2,139,0,0,0,0,0,0,9.199999999999989,0,Medium,Medium,High,No
6476,6476,6477,L53656,L,300.5,309.7,1384,48.6,141,0,0,0,0,0,0,9.199999999999989,0,High,Medium,High,No
6477,6477,6478,L53657,L,300.5,309.7,1841,24.6,143,0,0,0,0,0,0,9.199999999999989,0,Low,High,High,No
6478,6478,6479,L53658,L,300.5,309.8,1663,29.1,145,1,0,0,0,0,0,9.300000000000011,0,Medium,High,High,No
6479,6479,6480,L53659,L,300.6,309.8,1418,42.7,147,0,0,0,0,0,0,9.199999999999989,0,Medium,Medium,High,No
6480,6480,6481,L53660,L,300.7,309.9,1775,26.6,149,0,0,0,0,0,0,9.199999999999989,0,Medium,High,High,No
6481,6481,6482,L53661,L,300.7,309.8,1406,48.4,151,0,0,0,0,0,0,9.100000000000023,0,High,Medium,High,No
6482,6482,6483,L53662,L,300.6,309.9,1480,43.7,153,0,0,0,0,0,0,9.299999999999955,0,Medium,Medium,High,No
6483,6483,6484,L53663,L,300.7,309.9,1412,45.3,155,0,0,0,0,0,0,9.199999999999989,0,High,Medium,High,No
6484,6484,6485,H35898,H,300.6,309.8,1913,22.5,157,0,0,0,0,0,0,9.199999999999989,0,Low,High,High,No
6485,6485,6486,L53665,L,300.6,309.8,1629,37.6,162,0,0,0,0,0,0,9.199999999999989,0,Medium,Medium,High,No
6486,6486,6487,L53666,L,300.5,309.8,1939,21.4,164,0,0,0,0,0,0,9.300000000000011,0,Low,High,High,No
6487,6487,6488,H35901,H,300.6,309.8,1541,36.2,166,0,0,0,0,0,0,9.199999999999989,0,Medium,Medium,High,No
6488,6488,6489,L53668,L,300.7,309.8,1330,54.4,171,0,0,0,0,0,0,9.100000000000023,0,High,Medium,High,No
6489,6489,6490,M21349,M,300.7,309.8,1490,38.8,173,0,0,0,0,0,0,9.100000000000023,0,Medium,Medium,High,No
6490,6490,6491,L53670,L,300.7,309.9,1383,44.5,176,0,0,0,0,0,0,9.199999999999989,0,Medium,Medium,High,No
6491,6491,6492,L53671,L,300.8,310.0,1468,52.7,178,0,0,0,0,0,0,9.199999999999989,0,High,Medium,High,No
6492,6492,6493,M21352,M,300.8,309.9,1444,46.0,180,0,0,0,0,0,0,9.099999999999966,0,High,Medium,High,No
6493,6493,6494,L53673,L,300.7,309.8,1363,53.1,183,0,0,0,0,0,0,9.100000000000023,0,High,Medium,High,No
6494,6494,6495,L53674,L,300.6,309.7,1617,33.2,185,0,0,0,0,0,0,9.099999999999966,0,Medium,Medium,High,No
6495,6495,6496,M21355,M,300.6,309.8,1694,31.1,187,0,0,0,0,0,0,9.199999999999989,0,Medium,High,High,No
6496,6496,6497,L53676,L,300.7,309.9,1815,27.0,190,0,0,0,0,0,0,9.199999999999989,0,Medium,High,High,No
6497,6497,6498,L53677,L,300.8,309.9,1312,65.3,192,1,0,0,0,1,0,9.099999999999966,1,High,Medium,High,No
6498,6498,6499,H35912,H,300.8,309.9,2041,19.2,194,0,0,0,0,0,0,9.099999999999966,0,Low,High,High,No
6499,6499,6500,L53679,L,300.9,310.0,1671,26.8,199,0,0,0,0,0,0,9.100000000000023,0,Medium,High,High,No
6500,6500,6501,M21360,M,300.9,310.0,1416,46.6,201,0,0,0,0,0,0,9.100000000000023,0,High,Medium,High,No
6501,6501,6502,M21361,M,300.9,310.0,1600,36.0,204,0,0,0,0,0,0,9.100000000000023,0,Medium,Medium,High,No
6502,6502,6503,L53682,L,300.9,310.0,2595,13.7,207,0,0,0,0,0,0,9.100000000000023,0,Low,High,High,No
6503,6503,6504,M21363,M,300.9,309.9,1465,42.9,209,0,0,0,0,0,0,9.0,0,Medium,Medium,High,No
6504,6504,6505,M21364,M,301.0,310.1,1681,27.4,212,0,0,0,0,0,0,9.100000000000023,0,Medium,High,High,No
6505,6505,6506,L53685,L,301.1,310.1,1457,39.6,215,0,0,0,0,0,0,9.0,0,Medium,Medium,High,No
6506,6506,6507,H35920,H,301.0,310.1,1454,44.1,217,0,0,0,0,0,0,9.100000000000023,0,Medium,Medium,High,No
6507,6507,6508,L53687,L,301.0,310.1,1558,32.6,0,0,0,0,0,0,0,9.100000000000023,0,Medium,Medium,Low,No
6508,6508,6509,H35922,H,301.0,310.1,1756,30.7,2,0,0,0,0,0,0,9.100000000000023,0,Medium,High,Low,No
6509,6509,6510,L53689,L,301.1,310.1,1564,36.8,7,0,0,0,0,0,0,9.0,0,Medium,Medium,Low,No
6510,6510,6511,L53690,L,301.1,310.2,1455,55.3,9,0,0,0,0,0,0,9.099999999999966,0,High,Medium,Low,No
6511,6511,6512,M21371,M,301.2,310.1,2280,15.7,11,0,0,0,0,0,0,8.900000000000034,0,Low,High,Low,No
6512,6512,6513,M21372,M,301.1,310.0,1433,48.1,14,0,0,0,0,0,0,8.899999999999977,0,High,Medium,Low,No
6513,6513,6514,L53693,L,301.1,310.0,1513,38.0,17,0,0,0,0,0,0,8.899999999999977,0,Medium,Medium,Low,No
6514,6514,6515,L53694,L,301.0,309.9,1507,41.8,19,0,0,0,0,0,0,8.899999999999977,0,Medium,Medium,Low,No
6515,6515,6516,L53695,L,301.0,310.0,1480,43.5,21,0,0,0,0,0,0,9.0,0,Medium,Medium,Low,No
6516,6516,6517,H35930,H,301.1,310.0,1470,40.1,23,0,0,0,0,0,0,8.899999999999977,0,Medium,Medium,Low,No
6517,6517,6518,L53697,L,301.1,310.1,1540,36.6,28,0,0,0,0,0,0,9.0,0,Medium,Medium,Low,No
6518,6518,6519,H35932,H,301.0,310.0,1212,67.9,30,0,0,0,0,0,0,9.0,0,High,Low,Low,No
6519,6519,6520,L53699,L,301.1,310.1,1417,46.9,35,0,0,0,0,0,0,9.0,0,High,Medium,Low,No
6520,6520,6521,M21380,M,301.2,310.1,1666,34.9,37,0,0,0,0,0,0,8.900000000000034,0,Medium,High,Low,No
6521,6521,6522,L53701,L,301.1,310.1,1666,27.2,40,0,0,0,0,0,0,9.0,0,Medium,High,Low,No
6522,6522,6523,L53702,L,301.1,310.1,1489,45.8,42,0,0,0,0,0,0,9.0,0,High,Medium,Low,No
6523,6523,6524,M21383,M,301.1,310.2,1850,27.7,44,0,0,0,0,0,0,9.099999999999966,0,Medium,High,Low,No
6524,6524,6525,L53704,L,301.1,310.4,1874,24.8,47,0,0,0,0,0,0,9.299999999999955,0,Low,High,Low,No
6525,6525,6526,L53705,L,301.1,310.4,1312,73.6,49,1,0,0,1,0,0,9.299999999999955,1,High,Medium,Low,No
6526,6526,6527,L53706,L,301.2,310.4,1515,38.4,51,0,0,0,0,0,0,9.199999999999989,0,Medium,Medium,Low,No
6527,6527,6528,L53707,L,301.2,310.4,1516,44.4,53,0,0,0,0,0,0,9.199999999999989,0,Medium,Medium,Low,No
6528,6528,6529,L53708,L,301.2,310.5,1546,40.0,55,0,0,0,0,0,0,9.300000000000011,0,Medium,Medium,Low,No
6529,6529,6530,L53709,L,301.3,310.6,1481,40.9,57,0,0,0,0,0,0,9.300000000000011,0,Medium,Medium,Low,No
6530,6530,6531,H35944,H,301.3,310.6,1605,32.5,59,0,0,0,0,0,0,9.300000000000011,0,Medium,Medium,Low,No
6531,6531,6532,H35945,H,301.2,310.7,1656,26.2,64,0,0,0,0,0,0,9.5,0,Medium,High,Low,No
6532,6532,6533,H35946,H,301.2,310.6,1352,52.0,69,0,0,0,0,0,0,9.400000000000034,0,High,Medium,Low,No
6533,6533,6534,L53713,L,301.3,310.7,1504,47.2,74,0,0,0,0,0,0,9.399999999999977,0,High,Medium,Low,No
6534,6534,6535,L53714,L,301.3,310.6,1436,44.2,76,0,0,0,0,0,0,9.300000000000011,0,Medium,Medium,Low,No
6535,6535,6536,H35949,H,301.2,310.5,1505,43.6,78,0,0,0,0,0,0,9.300000000000011,0,Medium,Medium,Low,No
6536,6536,6537,L53716,L,301.3,310.5,1406,47.1,83,0,0,0,0,0,0,9.199999999999989,0,High,Medium,Medium,No
6537,6537,6538,M21397,M,301.3,310.5,1481,39.7,85,0,0,0,0,0,0,9.199999999999989,0,Medium,Medium,Medium,No
6538,6538,6539,L53718,L,301.4,310.7,1487,44.6,88,0,0,0,0,0,0,9.300000000000011,0,Medium,Medium,Medium,No
6539,6539,6540,L53719,L,301.4,310.7,1436,54.1,90,0,0,0,0,0,0,9.300000000000011,0,High,Medium,Medium,No
6540,6540,6541,M21400,M,301.4,310.7,1368,63.7,92,1,0,0,1,0,0,9.300000000000011,1,High,Medium,Medium,No
6541,6541,6542,L53721,L,301.4,310.7,1509,38.3,95,0,0,0,0,0,0,9.300000000000011,0,Medium,Medium,Medium,No
6542,6542,6543,L53722,L,301.4,310.8,1543,36.9,97,0,0,0,0,0,0,9.400000000000034,0,Medium,Medium,Medium,No
6543,6543,6544,L53723,L,301.4,310.8,1698,29.6,99,0,0,0,0,0,0,9.400000000000034,0,Medium,High,Medium,No
6544,6544,6545,M21404,M,301.4,310.7,1470,46.5,101,0,0,0,0,0,0,9.300000000000011,0,High,Medium,Medium,No
6545,6545,6546,M21405,M,301.4,310.8,1738,30.3,104,0,0,0,0,0,0,9.400000000000034,0,Medium,High,Medium,No
6546,6546,6547,M21406,M,301.4,310.8,1530,39.9,107,0,0,0,0,0,0,9.400000000000034,0,Medium,Medium,Medium,No
6547,6547,6548,L53727,L,301.4,310.8,1740,29.2,110,0,0,0,0,0,0,9.400000000000034,0,Medium,High,Medium,No
6548,6548,6549,L53728,L,301.4,310.8,1770,24.1,112,0,0,0,0,0,0,9.400000000000034,0,Low,High,Medium,No
6549,6549,6550,H35963,H,301.3,310.6,1527,44.0,114,0,0,0,0,0,0,9.300000000000011,0,Medium,Medium,Medium,No
6550,6550,6551,L53730,L,301.3,310.7,1516,46.0,119,0,0,0,0,0,0,9.399999999999977,0,High,Medium,Medium,No
6551,6551,6552,L53731,L,301.4,310.7,1616,36.5,121,0,0,0,0,0,0,9.300000000000011,0,Medium,Medium,Medium,No
6552,6552,6553,L53732,L,301.4,310.7,1786,26.1,123,0,0,0,0,0,0,9.300000000000011,0,Medium,High,Medium,No
6553,6553,6554,L53733,L,301.4,310.8,1389,52.7,125,0,0,0,0,0,0,9.400000000000034,0,High,Medium,Medium,No
6554,6554,6555,M21414,M,301.4,310.7,1639,29.8,127,0,0,0,0,0,0,9.300000000000011,0,Medium,Medium,Medium,No
6555,6555,6556,H35969,H,301.5,310.7,1394,46.7,130,0,0,0,0,0,0,9.199999999999989,0,High,Medium,Medium,No
6556,6556,6557,L53736,L,301.5,310.7,1686,27.9,135,0,0,0,0,0,0,9.199999999999989,0,Medium,High,High,No
6557,6557,6558,M21417,M,301.5,310.6,1638,31.9,137,0,0,0,0,0,0,9.100000000000023,0,Medium,Medium,High,No
6558,6558,6559,M21418,M,301.5,310.6,1447,41.9,140,0,0,0,0,0,0,9.100000000000023,0,Medium,Medium,High,No
6559,6559,6560,H35973,H,301.5,310.6,1512,39.0,143,0,0,0,0,0,0,9.100000000000023,0,Medium,Medium,High,No
6560,6560,6561,L53740,L,301.6,310.8,1961,21.8,148,0,0,0,0,0,0,9.199999999999989,0,Low,High,High,No
6561,6561,6562,L53741,L,301.5,310.7,1596,35.4,150,0,0,0,0,0,0,9.199999999999989,0,Medium,Medium,High,No
6562,6562,6563,M21422,M,301.5,310.7,1871,21.3,152,0,0,0,0,0,0,9.199999999999989,0,Low,High,High,No
6563,6563,6564,L53743,L,301.5,310.7,1942,20.5,155,0,0,0,0,0,0,9.199999999999989,0,Low,High,High,No
6564,6564,6565,L53744,L,301.4,310.6,1557,38.2,157,0,0,0,0,0,0,9.200000000000045,0,Medium,Medium,High,No
6565,6565,6566,L53745,L,301.4,310.6,1550,36.8,159,0,0,0,0,0,0,9.200000000000045,0,Medium,Medium,High,No
6566,6566,6567,L53746,L,301.3,310.6,1966,22.6,161,0,0,0,0,0,0,9.300000000000011,0,Low,High,High,No
6567,6567,6568,M21427,M,301.3,310.6,1499,36.1,163,0,0,0,0,0,0,9.300000000000011,0,Medium,Medium,High,No
6568,6568,6569,L53748,L,301.3,310.6,1521,36.3,166,0,0,0,0,0,0,9.300000000000011,0,Medium,Medium,High,No
6569,6569,6570,M21429,M,301.4,310.7,1375,42.0,168,0,0,0,0,0,0,9.300000000000011,0,Medium,Medium,High,No
6570,6570,6571,L53750,L,301.4,310.6,1634,31.1,171,0,0,0,0,0,0,9.200000000000045,0,Medium,Medium,High,No
6571,6571,6572,M21431,M,301.3,310.6,1378,49.4,173,0,0,0,0,0,0,9.300000000000011,0,High,Medium,High,No
6572,6572,6573,L53752,L,301.4,310.7,1428,53.7,176,0,0,0,0,0,0,9.300000000000011,0,High,Medium,High,No
6573,6573,6574,M21433,M,301.4,310.6,1855,25.3,178,0,0,0,0,0,0,9.200000000000045,0,High,High,High,No
6574,6574,6575,L53754,L,301.4,310.6,1578,33.0,181,0,0,0,0,0,0,9.200000000000045,0,Medium,Medium,High,No
6575,6575,6576,M21435,M,301.4,310.5,1451,45.3,183,0,0,0,0,0,0,9.100000000000023,0,High,Medium,High,No
6576,6576,6577,L53756,L,301.5,310.5,1644,34.9,186,0,0,0,0,0,0,9.0,0,Medium,Medium,High,No
6577,6577,6578,L53757,L,301.4,310.4,1388,45.3,188,0,0,0,0,0,0,9.0,0,High,Medium,High,No
6578,6578,6579,L53758,L,301.4,310.4,1543,40.9,190,0,0,0,0,0,0,9.0,0,Medium,Medium,High,No
6579,6579,6580,L53759,L,301.3,310.4,1501,41.6,192,0,0,0,0,0,0,9.099999999999966,0,Medium,Medium,High,No
6580,6580,6581,L53760,L,301.3,310.4,1507,39.1,194,0,0,0,0,0,0,9.099999999999966,0,Medium,Medium,High,No
6581,6581,6582,L53761,L,301.4,310.4,1559,36.0,196,0,0,0,0,0,0,9.0,0,Medium,Medium,High,No
6582,6582,6583,L53762,L,301.5,310.5,1528,35.7,198,0,0,0,0,0,0,9.0,0,Medium,Medium,High,No
6583,6583,6584,M21443,M,301.5,310.5,1503,38.2,200,0,0,0,0,0,0,9.0,0,Medium,Medium,High,No
6584,6584,6585,L53764,L,301.5,310.5,1372,44.0,203,0,0,0,0,0,0,9.0,0,Medium,Medium,High,No
6585,6585,6586,M21445,M,301.5,310.5,1600,32.8,205,0,0,0,0,0,0,9.0,0,Medium,Medium,High,No
6586,6586,6587,L53766,L,301.5,310.6,1453,44.0,208,0,0,0,0,0,0,9.100000000000023,0,Medium,Medium,High,No
6587,6587,6588,M21447,M,301.6,310.7,1813,24.6,210,0,0,0,0,0,0,9.099999999999966,0,Low,High,High,No
6588,6588,6589,L53768,L,301.6,310.7,1457,40.4,213,0,0,0,0,0,0,9.099999999999966,0,Medium,Medium,High,No
6589,6589,6590,M21449,M,301.6,310.6,1553,38.9,0,0,0,0,0,0,0,9.0,0,Medium,Medium,Low,No
6590,6590,6591,L53770,L,301.7,310.7,1763,25.9,3,0,0,0,0,0,0,9.0,0,High,High,Low,No
6591,6591,6592,L53771,L,301.7,310.7,2023,20.9,5,0,0,0,0,0,0,9.0,0,Low,High,Low,No
6592,6592,6593,M21452,M,301.6,310.7,1457,47.8,7,0,0,0,0,0,0,9.099999999999966,0,High,Medium,Low,No
6593,6593,6594,L53773,L,301.6,310.7,1679,29.5,10,0,0,0,0,0,0,9.099999999999966,0,Medium,High,Low,No
6594,6594,6595,L53774,L,301.6,310.6,2103,19.7,12,0,0,0,0,0,0,9.0,0,Low,High,Low,No
6595,6595,6596,M21455,M,301.5,310.7,1460,38.6,14,0,0,0,0,0,0,9.199999999999989,0,Medium,Medium,Low,No
6596,6596,6597,M21456,M,301.5,310.7,1454,39.4,17,0,0,0,0,0,0,9.199999999999989,0,Medium,Medium,Low,No
6597,6597,6598,L53777,L,301.5,310.6,1481,46.8,20,0,0,0,0,0,0,9.100000000000023,0,High,Medium,Low,No
6598,6598,6599,L53778,L,301.5,310.7,1424,51.1,22,0,0,0,0,0,0,9.199999999999989,0,High,Medium,Low,No
6599,6599,6600,L53779,L,301.6,310.7,1494,39.5,24,0,0,0,0,0,0,9.099999999999966,0,Medium,Medium,Low,No
6600,6600,6601,M21460,M,301.5,310.6,1424,47.0,26,0,0,0,0,0,0,9.100000000000023,0,High,Medium,Low,No
6601,6601,6602,M21461,M,301.5,310.7,1347,47.9,29,0,0,0,0,0,0,9.199999999999989,0,High,Medium,Low,No
6602,6602,6603,L53782,L,301.5,310.6,1374,46.7,32,0,0,0,0,0,0,9.100000000000023,0,High,Medium,Low,No
6603,6603,6604,M21463,M,301.5,310.6,1403,47.4,34,0,0,0,0,0,0,9.100000000000023,0,High,Medium,Low,No
6604,6604,6605,M21464,M,301.5,310.6,1573,37.4,37,0,0,0,0,0,0,9.100000000000023,0,Medium,Medium,Low,No
6605,6605,6606,M21465,M,301.6,310.6,1691,30.1,40,0,0,0,0,0,0,9.0,0,Medium,High,Low,No
6606,6606,6607,H36020,H,301.5,310.5,1538,44.3,43,0,0,0,0,0,0,9.0,0,Medium,Medium,Low,No
6607,6607,6608,L53787,L,301.5,310.5,1556,39.1,48,0,0,0,0,0,0,9.0,0,Medium,Medium,Low,No
6608,6608,6609,M21468,M,301.5,310.4,1593,36.8,50,0,0,0,0,0,0,8.899999999999977,0,Medium,Medium,Low,No
6609,6609,6610,L53789,L,301.5,310.4,1474,39.9,53,0,0,0,0,0,0,8.899999999999977,0,Medium,Medium,Low,No
6610,6610,6611,L53790,L,301.5,310.4,1543,34.0,55,0,0,0,0,0,0,8.899999999999977,0,Medium,Medium,Low,No
6611,6611,6612,H36025,H,301.5,310.5,1587,33.8,57,0,0,0,0,0,0,9.0,0,Medium,Medium,Low,No
6612,6612,6613,L53792,L,301.6,310.6,1222,70.0,62,0,0,0,0,0,0,9.0,0,High,Low,Low,No
6613,6613,6614,L53793,L,301.7,310.6,1513,41.1,64,0,0,0,0,0,0,8.900000000000034,0,Medium,Medium,Low,No
6614,6614,6615,L53794,L,301.7,310.6,1660,28.7,66,0,0,0,0,0,0,8.900000000000034,0,Medium,High,Low,No
6615,6615,6616,L53795,L,301.7,310.6,1545,42.1,68,0,0,0,0,0,0,8.900000000000034,0,Medium,Medium,Low,No
6616,6616,6617,M21476,M,301.7,310.6,1380,45.8,70,0,0,0,0,0,0,8.900000000000034,0,High,Medium,Low,No
6617,6617,6618,L53797,L,301.6,310.6,1321,60.8,73,0,0,0,0,0,0,9.0,0,High,Medium,Low,No
6618,6618,6619,M21478,M,301.6,310.6,1309,65.8,75,1,0,0,1,0,0,9.0,1,High,Medium,Low,No
6619,6619,6620,M21479,M,301.7,310.7,1627,31.3,78,0,0,0,0,0,0,9.0,0,Medium,Medium,Low,No
6620,6620,6621,M21480,M,301.6,310.7,1791,23.8,81,0,0,0,0,0,0,9.099999999999966,0,Low,High,Medium,No
6621,6621,6622,M21481,M,301.7,310.7,1861,21.8,84,0,0,0,0,0,0,9.0,0,Low,High,Medium,No
6622,6622,6623,L53802,L,301.7,310.7,1493,51.1,87,0,0,0,0,0,0,9.0,0,High,Medium,Medium,No
6623,6623,6624,M21483,M,301.7,310.7,1442,41.1,89,0,0,0,0,0,0,9.0,0,Medium,Medium,Medium,No
6624,6624,6625,L53804,L,301.7,310.7,1532,39.8,92,0,0,0,0,0,0,9.0,0,Medium,Medium,Medium,No
6625,6625,6626,M21485,M,301.6,310.7,1421,44.4,94,0,0,0,0,0,0,9.099999999999966,0,Medium,Medium,Medium,No
6626,6626,6627,L53806,L,301.6,310.6,1613,42.5,97,0,0,0,0,0,0,9.0,0,Medium,Medium,Medium,No
6627,6627,6628,M21487,M,301.7,310.6,1876,22.1,99,0,0,0,0,0,0,8.900000000000034,0,Low,High,Medium,No
6628,6628,6629,L53808,L,301.6,310.5,1593,34.5,102,0,0,0,0,0,0,8.899999999999977,0,Medium,Medium,Medium,No
6629,6629,6630,L53809,L,301.6,310.5,1397,49.4,104,0,0,0,0,0,0,8.899999999999977,0,High,Medium,Medium,No
6630,6630,6631,M21490,M,301.6,310.5,1414,49.3,106,0,0,0,0,0,0,8.899999999999977,0,High,Medium,Medium,No
6631,6631,6632,M21491,M,301.5,310.4,1378,55.3,109,0,0,0,0,0,0,8.899999999999977,0,High,Medium,Medium,No
6632,6632,6633,L53812,L,301.4,310.4,1301,51.2,112,0,0,0,0,0,0,9.0,0,High,Medium,Medium,No
6633,6633,6634,M21493,M,301.5,310.5,1737,29.3,114,0,0,0,0,0,0,9.0,0,Medium,High,Medium,No
6634,6634,6635,L53814,L,301.5,310.5,1396,44.5,117,0,0,0,0,0,0,9.0,0,Medium,Medium,Medium,No
6635,6635,6636,L53815,L,301.5,310.5,1534,39.3,119,0,0,0,0,0,0,9.0,0,Medium,Medium,Medium,No
6636,6636,6637,M21496,M,301.5,310.5,1774,25.5,121,0,0,0,0,0,0,9.0,0,High,High,Medium,No
6637,6637,6638,H36051,H,301.5,310.5,1453,48.0,124,0,0,0,0,0,0,9.0,0,High,Medium,Medium,No
6638,6638,6639,L53818,L,301.5,310.5,1453,44.2,129,0,0,0,0,0,0,9.0,0,Medium,Medium,Medium,No
6639,6639,6640,L53819,L,301.4,310.5,1380,48.4,131,0,0,0,0,0,0,9.100000000000023,0,High,Medium,High,No
6640,6640,6641,L53820,L,301.4,310.4,1334,43.2,133,0,0,0,0,0,0,9.0,0,Medium,Medium,High,No
6641,6641,6642,L53821,L,301.5,310.5,1702,28.7,135,0,0,0,0,0,0,9.0,0,Medium,High,High,No
6642,6642,6643,L53822,L,301.6,310.6,1431,37.5,137,0,0,0,0,0,0,9.0,0,Medium,Medium,High,No
6643,6643,6644,M21503,M,301.5,310.5,1308,60.5,139,0,0,0,0,0,0,9.0,0,High,Medium,High,No
6644,6644,6645,L53824,L,301.5,310.6,1565,43.9,142,0,0,0,0,0,0,9.100000000000023,0,Medium,Medium,High,No
6645,6645,6646,M21505,M,301.5,310.4,1486,39.6,144,0,0,0,0,0,0,8.899999999999977,0,Medium,Medium,High,No
6646,6646,6647,L53826,L,301.5,310.5,1479,34.2,147,0,0,0,0,0,0,9.0,0,Medium,Medium,High,No
6647,6647,6648,L53827,L,301.5,310.5,1927,22.4,149,0,0,0,0,0,0,9.0,0,Low,High,High,No
6648,6648,6649,L53828,L,301.5,310.4,1488,41.1,151,0,0,0,0,0,0,8.899999999999977,0,Medium,Medium,High,No
6649,6649,6650,M21509,M,301.5,310.4,1350,54.9,153,0,0,0,0,0,0,8.899999999999977,0,High,Medium,High,No
6650,6650,6651,L53830,L,301.6,310.4,1561,35.3,156,0,0,0,0,0,0,8.799999999999955,0,Medium,Medium,High,No
6651,6651,6652,M21511,M,301.5,310.4,1276,55.6,158,0,0,0,0,0,0,8.899999999999977,0,High,Medium,High,No
6652,6652,6653,H36066,H,301.5,310.4,1580,35.7,161,0,0,0,0,0,0,8.899999999999977,0,Medium,Medium,High,No
6653,6653,6654,M21513,M,301.4,310.3,1610,29.1,166,0,0,0,0,0,0,8.900000000000034,0,Medium,Medium,High,No
6654,6654,6655,L53834,L,301.4,310.3,2203,16.6,169,0,0,0,0,0,0,8.900000000000034,0,Low,High,High,No
6655,6655,6656,L53835,L,301.4,310.3,1639,32.7,171,0,0,0,0,0,0,8.900000000000034,0,Medium,Medium,High,No
6656,6656,6657,M21516,M,301.4,310.4,1553,44.7,173,0,0,0,0,0,0,9.0,0,Medium,Medium,High,No
6657,6657,6658,L53837,L,301.4,310.3,1374,47.6,176,0,0,0,0,0,0,8.900000000000034,0,High,Medium,High,No
6658,6658,6659,L53838,L,301.4,310.4,1430,50.9,178,0,0,0,0,0,0,9.0,0,High,Medium,High,No
6659,6659,6660,L53839,L,301.3,310.3,1626,31.3,180,0,0,0,0,0,0,9.0,0,Medium,Medium,High,No
6660,6660,6661,H36074,H,301.4,310.5,1421,43.8,182,0,0,0,0,0,0,9.100000000000023,0,Medium,Medium,High,No
6661,6661,6662,M21521,M,301.3,310.4,1501,39.8,187,0,0,0,0,0,0,9.099999999999966,0,Medium,Medium,High,No
6662,6662,6663,M21522,M,301.3,310.4,2093,18.7,190,0,0,0,0,0,0,9.099999999999966,0,Low,High,High,No
6663,6663,6664,L53843,L,301.3,310.4,1504,47.2,193,0,0,0,0,0,0,9.099999999999966,0,High,Medium,High,No
6664,6664,6665,L53844,L,301.3,310.4,1538,38.4,195,0,0,0,0,0,0,9.099999999999966,0,Medium,Medium,High,No
6665,6665,6666,L53845,L,301.3,310.4,1440,41.5,197,0,0,0,0,0,0,9.099999999999966,0,Medium,Medium,High,No
6666,6666,6667,L53846,L,301.3,310.4,1414,51.4,199,0,0,0,0,0,0,9.099999999999966,0,High,Medium,High,No
6667,6667,6668,H36081,H,301.4,310.5,1536,39.9,201,0,0,0,0,0,0,9.100000000000023,0,Medium,Medium,High,No
6668,6668,6669,L53848,L,301.4,310.5,1476,39.2,206,0,0,0,0,0,0,9.100000000000023,0,Medium,Medium,High,No
6669,6669,6670,L53849,L,301.4,310.5,1571,33.9,208,0,0,0,0,0,0,9.100000000000023,0,Medium,Medium,High,No
6670,6670,6671,L53850,L,301.5,310.6,1998,20.2,210,0,0,0,0,0,0,9.100000000000023,0,Low,High,High,No
6671,6671,6672,L53851,L,301.5,310.6,1357,42.1,212,0,0,0,0,0,0,9.100000000000023,0,Medium,Medium,High,No
6672,6672,6673,L53852,L,301.6,310.7,1424,50.5,214,0,0,0,0,0,0,9.099999999999966,0,High,Medium,High,No
6673,6673,6674,L53853,L,301.6,310.7,1380,51.8,216,1,0,0,0,1,0,9.099999999999966,1,High,Medium,High,No
6674,6674,6675,L53854,L,301.5,310.7,1618,35.5,218,0,0,0,0,0,0,9.199999999999989,0,Medium,Medium,High,No
6675,6675,6676,L53855,L,301.5,310.6,1579,28.0,220,0,0,0,0,0,0,9.100000000000023,0,Medium,Medium,High,No
6676,6676,6677,L53856,L,301.5,310.7,1423,44.0,222,0,0,0,0,0,0,9.199999999999989,0,Medium,Medium,High,No
6677,6677,6678,L53857,L,301.5,310.7,1435,38.5,224,0,0,0,0,0,0,9.199999999999989,0,Medium,Medium,High,No
6678,6678,6679,M21538,M,301.5,310.7,1336,65.6,0,1,0,0,1,0,0,9.199999999999989,1,High,Medium,Low,No
6679,6679,6680,L53859,L,301.6,310.8,1392,42.4,3,0,0,0,0,0,0,9.199999999999989,0,Medium,Medium,Low,No
6680,6680,6681,L53860,L,301.5,310.8,1417,49.7,5,0,0,0,0,0,0,9.300000000000011,0,High,Medium,Low,No
6681,6681,6682,L53861,L,301.4,310.7,1425,45.1,7,0,0,0,0,0,0,9.300000000000011,0,High,Medium,Low,No
6682,6682,6683,L53862,L,301.5,310.8,1512,38.9,9,0,0,0,0,0,0,9.300000000000011,0,Medium,Medium,Low,No
6683,6683,6684,L53863,L,301.5,310.9,1318,50.6,11,0,0,0,0,0,0,9.399999999999977,0,High,Medium,Low,No
6684,6684,6685,L53864,L,301.6,310.9,1538,40.4,13,0,0,0,0,0,0,9.299999999999955,0,Medium,Medium,Low,No
6685,6685,6686,L53865,L,301.6,310.9,1532,43.6,15,0,0,0,0,0,0,9.299999999999955,0,Medium,Medium,Low,No
6686,6686,6687,L53866,L,301.7,311.0,1715,24.8,17,0,0,0,0,0,0,9.300000000000011,0,Low,High,Low,No
6687,6687,6688,L53867,L,301.7,311.0,1700,28.7,19,0,0,0,0,0,0,9.300000000000011,0,Medium,High,Low,No
6688,6688,6689,L53868,L,301.7,311.0,1548,40.3,21,0,0,0,0,0,0,9.300000000000011,0,Medium,Medium,Low,No
6689,6689,6690,L53869,L,301.7,311.0,1546,43.0,23,0,0,0,0,0,0,9.300000000000011,0,Medium,Medium,Low,No
6690,6690,6691,L53870,L,301.7,311.0,1343,49.2,25,0,0,0,0,0,0,9.300000000000011,0,High,Medium,Low,No
6691,6691,6692,M21551,M,301.7,311.0,1510,47.8,27,0,0,0,0,0,0,9.300000000000011,0,High,Medium,Low,No
6692,6692,6693,M21552,M,301.8,311.0,1839,23.6,30,0,0,0,0,0,0,9.199999999999989,0,Low,High,Low,No
6693,6693,6694,M21553,M,301.8,311.0,1756,26.7,33,0,0,0,0,0,0,9.199999999999989,0,Medium,High,Low,No
6694,6694,6695,M21554,M,301.7,310.9,1300,62.7,36,0,0,0,0,0,0,9.199999999999989,0,High,Medium,Low,No
6695,6695,6696,M21555,M,301.7,311.0,1311,55.8,39,0,0,0,0,0,0,9.300000000000011,0,High,Medium,Low,No
6696,6696,6697,L53876,L,301.7,310.9,1636,31.3,42,0,0,0,0,0,0,9.199999999999989,0,Medium,Medium,Low,No
6697,6697,6698,L53877,L,301.6,310.9,1643,34.1,44,0,0,0,0,0,0,9.299999999999955,0,Medium,Medium,Low,No
6698,6698,6699,L53878,L,301.6,310.8,1418,44.7,46,0,0,0,0,0,0,9.199999999999989,0,Medium,Medium,Low,No
6699,6699,6700,M21559,M,301.7,310.8,1516,40.4,48,0,0,0,0,0,0,9.100000000000023,0,Medium,Medium,Low,No
6700,6700,6701,H36114,H,301.6,310.9,1419,50.2,51,0,0,0,0,0,0,9.299999999999955,0,High,Medium,Low,No
6701,6701,6702,L53881,L,301.6,310.9,1623,34.1,56,0,0,0,0,0,0,9.299999999999955,0,Medium,Medium,Low,No
6702,6702,6703,M21562,M,301.6,310.8,1664,32.0,58,0,0,0,0,0,0,9.199999999999989,0,Medium,High,Low,No
6703,6703,6704,M21563,M,301.5,310.7,1744,28.2,61,0,0,0,0,0,0,9.199999999999989,0,Medium,High,Low,No
6704,6704,6705,M21564,M,301.5,310.7,1510,36.0,64,0,0,0,0,0,0,9.199999999999989,0,Medium,Medium,Low,No
6705,6705,6706,M21565,M,301.5,310.6,1382,58.1,67,0,0,0,0,0,0,9.100000000000023,0,High,Medium,Low,No
6706,6706,6707,L53886,L,301.4,310.6,1381,46.1,70,0,0,0,0,0,0,9.200000000000045,0,High,Medium,Low,No
6707,6707,6708,L53887,L,301.3,310.6,1556,39.0,72,0,0,0,0,0,0,9.300000000000011,0,Medium,Medium,Low,No
6708,6708,6709,M21568,M,301.4,310.6,1464,37.4,74,0,0,0,0,0,0,9.200000000000045,0,Medium,Medium,Low,No
6709,6709,6710,L53889,L,301.4,310.6,1481,37.6,77,0,0,0,0,0,0,9.200000000000045,0,Medium,Medium,Low,No
6710,6710,6711,L53890,L,301.5,310.7,1323,49.7,79,0,0,0,0,0,0,9.199999999999989,0,High,Medium,Low,No
6711,6711,6712,L53891,L,301.5,310.7,1426,46.1,81,0,0,0,0,0,0,9.199999999999989,0,High,Medium,Medium,No
6712,6712,6713,H36126,H,301.4,310.7,1516,36.4,83,0,0,0,0,0,0,9.300000000000011,0,Medium,Medium,Medium,No
6713,6713,6714,L53893,L,301.3,310.6,1416,45.2,88,0,0,0,0,0,0,9.300000000000011,0,High,Medium,Medium,No
6714,6714,6715,L53894,L,301.3,310.6,1440,53.8,90,0,0,0,0,0,0,9.300000000000011,0,High,Medium,Medium,No
6715,6715,6716,L53895,L,301.3,310.6,1576,30.4,92,0,0,0,0,0,0,9.300000000000011,0,Medium,Medium,Medium,No
6716,6716,6717,L53896,L,301.3,310.6,1387,53.6,94,0,0,0,0,0,0,9.300000000000011,0,High,Medium,Medium,No
6717,6717,6718,M21577,M,301.4,310.6,1464,48.6,96,0,0,0,0,0,0,9.200000000000045,0,High,Medium,Medium,No
6718,6718,6719,L53898,L,301.4,310.6,2137,18.0,99,0,0,0,0,0,0,9.200000000000045,0,Low,High,Medium,No
6719,6719,6720,M21579,M,301.4,310.6,1431,40.6,101,0,0,0,0,0,0,9.200000000000045,0,Medium,Medium,Medium,No
6720,6720,6721,L53900,L,301.3,310.6,1458,48.0,104,0,0,0,0,0,0,9.300000000000011,0,High,Medium,Medium,No
6721,6721,6722,L53901,L,301.4,310.7,1280,61.0,106,0,0,0,0,0,0,9.300000000000011,0,High,Medium,Medium,No
6722,6722,6723,L53902,L,301.4,310.7,1657,28.7,108,0,0,0,0,0,0,9.300000000000011,0,Medium,High,Medium,No
6723,6723,6724,M21583,M,301.4,310.6,1565,36.1,110,0,0,0,0,0,0,9.200000000000045,0,Medium,Medium,Medium,No
6724,6724,6725,L53904,L,301.3,310.6,1560,36.8,113,0,0,0,0,0,0,9.300000000000011,0,Medium,Medium,Medium,No
6725,6725,6726,M21585,M,301.5,310.7,1359,47.1,115,0,0,0,0,0,0,9.199999999999989,0,High,Medium,Medium,No
6726,6726,6727,L53906,L,301.5,310.8,1500,41.0,118,0,0,0,0,0,0,9.300000000000011,0,Medium,Medium,Medium,No
6727,6727,6728,L53907,L,301.5,310.8,1785,25.5,120,0,0,0,0,0,0,9.300000000000011,0,High,High,Medium,No
6728,6728,6729,L53908,L,301.5,310.9,1891,23.2,122,0,0,0,0,0,0,9.399999999999977,0,Low,High,Medium,No
6729,6729,6730,H36143,H,301.5,310.9,1524,40.4,124,0,0,0,0,0,0,9.399999999999977,0,Medium,Medium,Medium,No
6730,6730,6731,M21590,M,301.6,311.0,1431,42.3,129,0,0,0,0,0,0,9.399999999999977,0,Medium,Medium,Medium,No
6731,6731,6732,L53911,L,301.6,310.9,1385,51.2,132,0,0,0,0,0,0,9.299999999999955,0,High,Medium,High,No
6732,6732,6733,L53912,L,301.7,311.0,1503,44.8,134,0,0,0,0,0,0,9.300000000000011,0,Medium,Medium,High,No
6733,6733,6734,M21593,M,301.7,311.0,1311,46.8,136,0,0,0,0,0,0,9.300000000000011,0,High,Medium,High,No
6734,6734,6735,M21594,M,301.6,310.9,1575,40.1,139,0,0,0,0,0,0,9.299999999999955,0,Medium,Medium,High,No
6735,6735,6736,L53915,L,301.6,311.0,1485,40.1,142,0,0,0,0,0,0,9.399999999999977,0,Medium,Medium,High,No
6736,6736,6737,L53916,L,301.7,311.0,1527,42.2,144,0,0,0,0,0,0,9.300000000000011,0,Medium,Medium,High,No
6737,6737,6738,M21597,M,301.7,311.0,1537,33.5,146,0,0,0,0,0,0,9.300000000000011,0,Medium,Medium,High,No
6738,6738,6739,H36152,H,301.8,311.1,1463,50.1,149,0,0,0,0,0,0,9.300000000000011,0,High,Medium,High,No
6739,6739,6740,L53919,L,301.7,311.2,1482,43.6,154,0,0,0,0,0,0,9.5,0,Medium,Medium,High,No
6740,6740,6741,L53920,L,301.8,311.2,1417,55.9,156,0,0,0,0,0,0,9.399999999999977,0,High,Medium,High,No
6741,6741,6742,M21601,M,301.7,311.1,1506,39.5,158,0,0,0,0,0,0,9.400000000000034,0,Medium,Medium,High,No
6742,6742,6743,H36156,H,301.7,311.2,1639,30.0,161,0,0,0,0,0,0,9.5,0,Medium,Medium,High,No
6743,6743,6744,L53923,L,301.7,311.2,1418,38.0,166,0,0,0,0,0,0,9.5,0,Medium,Medium,High,No
6744,6744,6745,M21604,M,301.7,311.0,1298,58.1,168,0,0,0,0,0,0,9.300000000000011,0,High,Medium,High,No
6745,6745,6746,M21605,M,301.8,311.1,1395,44.6,171,0,0,0,0,0,0,9.300000000000011,0,Medium,Medium,High,No
6746,6746,6747,M21606,M,301.7,311.1,1578,40.5,174,0,0,0,0,0,0,9.400000000000034,0,Medium,Medium,High,No
6747,6747,6748,M21607,M,301.8,311.1,1597,29.8,177,0,0,0,0,0,0,9.300000000000011,0,Medium,Medium,High,No
6748,6748,6749,H36162,H,301.7,311.0,2016,19.3,180,0,0,0,0,0,0,9.300000000000011,0,Low,High,High,No
6749,6749,6750,L53929,L,301.7,311.0,1585,35.9,185,0,0,0,0,0,0,9.300000000000011,0,Medium,Medium,High,No
6750,6750,6751,M21610,M,301.7,311.0,1505,44.0,187,0,0,0,0,0,0,9.300000000000011,0,Medium,Medium,High,No
6751,6751,6752,M21611,M,301.7,311.0,1505,37.1,190,0,0,0,0,0,0,9.300000000000011,0,Medium,Medium,High,No
6752,6752,6753,L53932,L,301.6,310.9,1706,29.5,193,0,0,0,0,0,0,9.299999999999955,0,Medium,High,High,No
6753,6753,6754,L53933,L,301.6,310.9,1385,50.7,195,0,0,0,0,0,0,9.299999999999955,0,High,Medium,High,No
6754,6754,6755,L53934,L,301.8,311.1,1495,36.9,197,0,0,0,0,0,0,9.300000000000011,0,Medium,Medium,High,No
6755,6755,6756,M21615,M,301.8,311.1,1663,31.6,199,0,0,0,0,0,0,9.300000000000011,0,Medium,High,High,No
6756,6756,6757,L53936,L,301.8,311.2,1840,26.6,202,0,0,0,0,0,0,9.399999999999977,0,Medium,High,High,No
6757,6757,6758,L53937,L,301.8,311.2,1822,26.2,204,0,0,0,0,0,0,9.399999999999977,0,Medium,High,High,No
6758,6758,6759,L53938,L,301.7,311.1,1644,32.8,206,0,0,0,0,0,0,9.400000000000034,0,Medium,Medium,High,No
6759,6759,6760,L53939,L,301.7,311.0,1441,44.3,208,1,1,0,0,0,0,9.300000000000011,1,Medium,Medium,High,No
6760,6760,6761,L53940,L,301.5,310.9,1451,40.6,0,0,0,0,0,0,0,9.399999999999977,0,Medium,Medium,Low,No
6761,6761,6762,L53941,L,301.5,310.9,1400,50.8,2,0,0,0,0,0,0,9.399999999999977,0,High,Medium,Low,No
6762,6762,6763,L53942,L,301.4,310.8,1362,53.2,4,0,0,0,0,0,0,9.400000000000034,0,High,Medium,Low,No
6763,6763,6764,M21623,M,301.4,310.8,1782,26.5,6,0,0,0,0,0,0,9.400000000000034,0,Medium,High,Low,No
6764,6764,6765,L53944,L,301.4,310.9,1536,38.3,9,0,0,0,0,0,0,9.5,0,Medium,Medium,Low,No
6765,6765,6766,L53945,L,301.5,310.9,1580,32.3,11,0,0,0,0,0,0,9.399999999999977,0,Medium,Medium,Low,No
6766,6766,6767,M21626,M,301.4,311.0,1427,43.2,13,0,0,0,0,0,0,9.600000000000023,0,Medium,Medium,Low,No
6767,6767,6768,L53947,L,301.3,310.9,1509,41.7,16,0,0,0,0,0,0,9.599999999999966,0,Medium,Medium,Low,No
6768,6768,6769,H36182,H,301.3,310.8,1434,39.5,18,0,0,0,0,0,0,9.5,0,Medium,Medium,Low,No
6769,6769,6770,L53949,L,301.2,310.8,1392,52.6,23,0,0,0,0,0,0,9.600000000000023,0,High,Medium,Low,No
6770,6770,6771,M21630,M,301.3,310.8,1509,40.1,25,0,0,0,0,0,0,9.5,0,Medium,Medium,Low,No
6771,6771,6772,M21631,M,301.2,310.7,1962,22.5,28,0,0,0,0,0,0,9.5,0,Low,High,Low,No
6772,6772,6773,L53952,L,301.3,310.7,1536,39.3,31,0,0,0,0,0,0,9.399999999999977,0,Medium,Medium,Low,No
6773,6773,6774,L53953,L,301.3,310.8,1381,47.9,33,0,0,0,0,0,0,9.5,0,High,Medium,Low,No
6774,6774,6775,H36188,H,301.2,310.7,1747,27.3,35,0,0,0,0,0,0,9.5,0,Medium,High,Low,No
6775,6775,6776,L53955,L,301.2,310.6,1670,30.0,40,0,0,0,0,0,0,9.400000000000034,0,Medium,High,Low,No
6776,6776,6777,L53956,L,301.3,310.6,1451,47.5,42,0,0,0,0,0,0,9.300000000000011,0,High,Medium,Low,No
6777,6777,6778,L53957,L,301.2,310.7,1951,21.3,44,0,0,0,0,0,0,9.5,0,Low,High,Low,No
6778,6778,6779,M21638,M,301.3,310.7,1819,25.5,46,0,0,0,0,0,0,9.399999999999977,0,High,High,Low,No
6779,6779,6780,M21639,M,301.3,310.8,1372,54.2,49,0,0,0,0,0,0,9.5,0,High,Medium,Low,No
6780,6780,6781,L53960,L,301.3,310.8,1560,38.5,52,0,0,0,0,0,0,9.5,0,Medium,Medium,Low,No
6781,6781,6782,M21641,M,301.3,310.8,1494,35.3,54,0,0,0,0,0,0,9.5,0,Medium,Medium,Low,No
6782,6782,6783,L53962,L,301.3,310.8,1531,53.4,57,0,0,0,0,0,0,9.5,0,High,Medium,Low,No
6783,6783,6784,L53963,L,301.3,310.8,1450,46.9,59,0,0,0,0,0,0,9.5,0,High,Medium,Low,No
6784,6784,6785,M21644,M,301.3,310.7,1391,52.5,61,0,0,0,0,0,0,9.399999999999977,0,High,Medium,Low,No
6785,6785,6786,L53965,L,301.2,310.6,1389,45.3,64,0,0,0,0,0,0,9.400000000000034,0,High,Medium,Low,No
6786,6786,6787,L53966,L,301.2,310.6,1409,50.9,66,0,0,0,0,0,0,9.400000000000034,0,High,Medium,Low,No
6787,6787,6788,H36201,H,301.1,310.6,1388,58.5,68,0,0,0,0,0,0,9.5,0,High,Medium,Low,No
6788,6788,6789,M21648,M,301.1,310.6,1410,43.9,73,0,0,0,0,0,0,9.5,0,Medium,Medium,Low,No
6789,6789,6790,M21649,M,301.1,310.5,1646,30.7,76,0,0,0,0,0,0,9.399999999999977,0,Medium,Medium,Low,No
6790,6790,6791,M21650,M,301.1,310.7,2219,16.7,79,0,0,0,0,0,0,9.599999999999966,0,Low,High,Low,No
6791,6791,6792,L53971,L,301.2,310.7,1551,41.2,82,0,0,0,0,0,0,9.5,0,Medium,Medium,Medium,No
6792,6792,6793,L53972,L,301.2,310.6,1811,24.0,84,0,0,0,0,0,0,9.400000000000034,0,Low,High,Medium,No
6793,6793,6794,L53973,L,301.3,310.7,1608,31.4,86,0,0,0,0,0,0,9.399999999999977,0,Medium,Medium,Medium,No
6794,6794,6795,L53974,L,301.3,310.8,1428,55.2,88,0,0,0,0,0,0,9.5,0,High,Medium,Medium,No
6795,6795,6796,L53975,L,301.4,310.8,1477,50.4,90,0,0,0,0,0,0,9.400000000000034,0,High,Medium,Medium,No
6796,6796,6797,M21656,M,301.3,310.7,1300,58.3,92,0,0,0,0,0,0,9.399999999999977,0,High,Medium,Medium,No
6797,6797,6798,M21657,M,301.2,310.7,1615,34.9,95,0,0,0,0,0,0,9.5,0,Medium,Medium,Medium,No
6798,6798,6799,L53978,L,301.2,310.7,1676,32.4,98,0,0,0,0,0,0,9.5,0,Medium,High,Medium,No
6799,6799,6800,M21659,M,301.1,310.7,2636,12.2,100,1,0,0,1,0,0,9.599999999999966,1,Low,High,Medium,No
6800,6800,6801,M21660,M,301.1,310.6,1310,48.8,103,0,0,0,0,0,0,9.5,0,High,Medium,Medium,No
6801,6801,6802,L53981,L,301.1,310.7,1334,48.2,106,0,0,0,0,0,0,9.599999999999966,0,High,Medium,Medium,No
6802,6802,6803,M21662,M,301.1,310.7,1621,31.0,108,0,0,0,0,0,0,9.599999999999966,0,Medium,Medium,Medium,No
6803,6803,6804,M21663,M,301.1,310.7,1367,43.4,111,0,0,0,0,0,0,9.599999999999966,0,Medium,Medium,Medium,No
6804,6804,6805,L53984,L,301.0,310.6,1588,33.7,114,0,0,0,0,0,0,9.600000000000023,0,Medium,Medium,Medium,No
6805,6805,6806,M21665,M,301.0,310.7,1497,37.6,116,0,0,0,0,0,0,9.699999999999989,0,Medium,Medium,Medium,No
6806,6806,6807,L53986,L,301.1,310.8,1608,32.9,119,0,0,0,0,0,0,9.699999999999989,0,Medium,Medium,Medium,No
6807,6807,6808,L53987,L,301.0,310.8,1549,41.4,121,0,0,0,0,0,0,9.800000000000011,0,Medium,Medium,Medium,No
6808,6808,6809,L53988,L,301.0,310.7,1391,45.0,123,0,0,0,0,0,0,9.699999999999989,0,Medium,Medium,Medium,No
6809,6809,6810,L53989,L,300.9,310.8,1490,38.1,125,0,0,0,0,0,0,9.900000000000034,0,Medium,Medium,Medium,No
6810,6810,6811,L53990,L,301.0,310.7,1727,34.5,127,0,0,0,0,0,0,9.699999999999989,0,Medium,High,Medium,No
6811,6811,6812,L53991,L,300.9,310.6,1504,46.4,129,0,0,0,0,0,0,9.700000000000045,0,High,Medium,Medium,No
6812,6812,6813,L53992,L,300.9,310.6,1350,53.8,131,0,0,0,0,0,0,9.700000000000045,0,High,Medium,High,No
6813,6813,6814,M21673,M,300.9,310.7,1420,43.0,133,0,0,0,0,0,0,9.800000000000011,0,Medium,Medium,High,No
6814,6814,6815,H36228,H,300.8,310.6,1465,44.1,136,0,0,0,0,0,0,9.800000000000011,0,Medium,Medium,High,No
6815,6815,6816,L53995,L,300.9,310.7,1427,44.1,141,0,0,0,0,0,0,9.800000000000011,0,Medium,Medium,High,No
6816,6816,6817,L53996,L,300.9,310.7,1477,43.2,143,0,0,0,0,0,0,9.800000000000011,0,Medium,Medium,High,No
6817,6817,6818,M21677,M,301.0,310.7,1493,48.1,145,0,0,0,0,0,0,9.699999999999989,0,High,Medium,High,No
6818,6818,6819,M21678,M,301.0,310.7,1657,29.9,148,0,0,0,0,0,0,9.699999999999989,0,Medium,High,High,No
6819,6819,6820,L53999,L,300.9,310.7,1359,46.0,151,0,0,0,0,0,0,9.800000000000011,0,High,Medium,High,No
6820,6820,6821,L54000,L,300.8,310.6,1551,34.5,153,0,0,0,0,0,0,9.800000000000011,0,Medium,Medium,High,No
6821,6821,6822,M21681,M,300.8,310.6,1545,37.5,155,0,0,0,0,0,0,9.800000000000011,0,Medium,Medium,High,No
6822,6822,6823,M21682,M,300.9,310.6,1709,29.2,158,0,0,0,0,0,0,9.700000000000045,0,Medium,High,High,No
6823,6823,6824,M21683,M,300.9,310.7,1268,56.3,161,0,0,0,0,0,0,9.800000000000011,0,High,Medium,High,No
6824,6824,6825,L54004,L,300.9,310.7,1740,25.3,164,0,0,0,0,0,0,9.800000000000011,0,High,High,High,No
6825,6825,6826,L54005,L,301.0,310.9,1828,25.1,166,0,0,0,0,0,0,9.899999999999977,0,High,High,High,No
6826,6826,6827,L54006,L,301.0,310.9,1822,21.6,168,0,0,0,0,0,0,9.899999999999977,0,Low,High,High,No
6827,6827,6828,M21687,M,301.0,310.9,1515,41.8,170,0,0,0,0,0,0,9.899999999999977,0,Medium,Medium,High,No
6828,6828,6829,L54008,L,301.0,310.9,1392,52.9,173,0,0,0,0,0,0,9.899999999999977,0,High,Medium,High,No
6829,6829,6830,H36243,H,300.9,310.9,1474,35.7,175,0,0,0,0,0,0,10.0,0,Medium,Medium,High,No
6830,6830,6831,M21690,M,301.0,310.9,1359,53.4,180,0,0,0,0,0,0,9.899999999999977,0,High,Medium,High,No
6831,6831,6832,L54011,L,301.1,311.0,1565,52.3,183,0,0,0,0,0,0,9.899999999999977,0,High,Medium,High,No
6832,6832,6833,M21692,M,301.1,311.1,1384,42.5,185,0,0,0,0,0,0,10.0,0,Medium,Medium,High,No
6833,6833,6834,L54013,L,301.1,311.1,1387,53.1,188,0,0,0,0,0,0,10.0,0,High,Medium,High,No
6834,6834,6835,L54014,L,301.1,311.0,1378,51.1,190,0,0,0,0,0,0,9.899999999999977,0,High,Medium,High,No
6835,6835,6836,L54015,L,301.0,310.9,1809,25.7,192,0,0,0,0,0,0,9.899999999999977,0,High,High,High,No
6836,6836,6837,H36250,H,301.1,311.0,1339,52.8,194,0,0,0,0,0,0,9.899999999999977,0,High,Medium,High,No
6837,6837,6838,M21697,M,301.0,311.0,1423,38.6,199,0,0,0,0,0,0,10.0,0,Medium,Medium,High,No
6838,6838,6839,L54018,L,301.1,311.1,1570,41.6,202,0,0,0,0,0,0,10.0,0,Medium,Medium,High,No
6839,6839,6840,L54019,L,301.2,311.2,1558,34.1,204,0,0,0,0,0,0,10.0,0,Medium,Medium,High,No
6840,6840,6841,L54020,L,301.1,311.1,1799,21.7,206,0,0,0,0,0,0,10.0,0,Low,High,High,No
6841,6841,6842,M21701,M,301.1,311.2,1591,35.0,208,0,0,0,0,0,0,10.099999999999966,0,Medium,Medium,High,No
6842,6842,6843,L54022,L,301.2,311.2,1635,29.6,211,0,0,0,0,0,0,10.0,0,Medium,Medium,High,No
6843,6843,6844,L54023,L,301.3,311.3,1509,42.5,213,0,0,0,0,0,0,10.0,0,Medium,Medium,High,No
6844,6844,6845,M21704,M,301.3,311.4,1838,23.2,215,0,0,0,0,0,0,10.099999999999966,0,Low,High,High,No
6845,6845,6846,M21705,M,301.3,311.5,1648,32.4,0,0,0,0,0,0,0,10.199999999999989,0,Medium,Medium,Low,No
6846,6846,6847,M21706,M,301.2,311.5,1498,49.5,3,0,0,0,0,0,0,10.300000000000011,0,High,Medium,Low,No
6847,6847,6848,L54027,L,301.2,311.4,1757,28.0,6,0,0,0,0,0,0,10.199999999999989,0,Medium,High,Low,No
6848,6848,6849,M21708,M,301.1,311.3,1389,53.3,8,0,0,0,0,0,0,10.199999999999989,0,High,Medium,Low,No
6849,6849,6850,L54029,L,301.1,311.3,1498,37.6,11,0,0,0,0,0,0,10.199999999999989,0,Medium,Medium,Low,No
6850,6850,6851,M21710,M,301.0,311.2,1521,35.8,13,0,0,0,0,0,0,10.199999999999989,0,Medium,Medium,Low,No
6851,6851,6852,M21711,M,301.0,311.2,1394,41.3,16,0,0,0,0,0,0,10.199999999999989,0,Medium,Medium,Low,No
6852,6852,6853,H36266,H,301.0,311.2,1602,32.7,19,0,0,0,0,0,0,10.199999999999989,0,Medium,Medium,Low,No
6853,6853,6854,L54033,L,300.9,311.1,1417,40.7,24,0,0,0,0,0,0,10.200000000000045,0,Medium,Medium,Low,No
6854,6854,6855,L54034,L,301.0,311.2,1511,42.9,26,0,0,0,0,0,0,10.199999999999989,0,Medium,Medium,Low,No
6855,6855,6856,M21715,M,301.1,311.3,1654,30.7,28,0,0,0,0,0,0,10.199999999999989,0,Medium,High,Low,No
6856,6856,6857,M21716,M,301.1,311.3,1836,22.8,31,0,0,0,0,0,0,10.199999999999989,0,Low,High,Low,No
6857,6857,6858,L54037,L,301.1,311.3,1622,35.6,34,0,0,0,0,0,0,10.199999999999989,0,Medium,Medium,Low,No
6858,6858,6859,L54038,L,301.0,311.2,1467,45.4,36,0,0,0,0,0,0,10.199999999999989,0,High,Medium,Low,No
6859,6859,6860,M21719,M,301.1,311.3,1909,22.7,38,0,0,0,0,0,0,10.199999999999989,0,Low,High,Low,No
6860,6860,6861,L54040,L,301.1,311.2,1910,20.2,41,0,0,0,0,0,0,10.099999999999966,0,Low,High,Low,No
6861,6861,6862,H36275,H,301.1,311.3,2207,16.6,43,0,0,0,0,0,0,10.199999999999989,0,Low,High,Low,No
6862,6862,6863,M21722,M,301.1,311.2,1384,49.4,48,0,0,0,0,0,0,10.099999999999966,0,High,Medium,Low,No
6863,6863,6864,L54043,L,301.1,311.3,1630,29.5,51,0,0,0,0,0,0,10.199999999999989,0,Medium,Medium,Low,No
6864,6864,6865,L54044,L,301.1,311.3,1268,60.0,53,0,0,0,0,0,0,10.199999999999989,0,High,Medium,Low,No
6865,6865,6866,L54045,L,301.1,311.4,1531,38.7,55,0,0,0,0,0,0,10.299999999999955,0,Medium,Medium,Low,No
6866,6866,6867,M21726,M,301.0,311.3,1454,41.5,57,0,0,0,0,0,0,10.300000000000011,0,Medium,Medium,Low,No
6867,6867,6868,L54047,L,301.0,311.3,1342,50.9,60,0,0,0,0,0,0,10.300000000000011,0,High,Medium,Low,No
6868,6868,6869,L54048,L,301.0,311.2,1363,46.3,62,0,0,0,0,0,0,10.199999999999989,0,High,Medium,Low,No
6869,6869,6870,L54049,L,301.0,311.2,1412,42.1,64,0,0,0,0,0,0,10.199999999999989,0,Medium,Medium,Low,No
6870,6870,6871,H36284,H,301.0,311.3,1597,39.2,66,0,0,0,0,0,0,10.300000000000011,0,Medium,Medium,Low,No
6871,6871,6872,L54051,L,301.0,311.3,1349,47.0,71,0,0,0,0,0,0,10.300000000000011,0,High,Medium,Low,No
6872,6872,6873,L54052,L,301.0,311.3,1472,35.3,73,0,0,0,0,0,0,10.300000000000011,0,Medium,Medium,Low,No
6873,6873,6874,L54053,L,301.0,311.4,1478,39.5,75,0,0,0,0,0,0,10.399999999999977,0,Medium,Medium,Low,No
6874,6874,6875,H36288,H,300.9,311.3,1295,58.9,77,0,0,0,0,0,0,10.400000000000034,0,High,Medium,Low,No
6875,6875,6876,M21735,M,300.8,311.2,1592,32.9,82,0,0,0,0,0,0,10.399999999999977,0,Medium,Medium,Medium,No
6876,6876,6877,L54056,L,300.8,311.2,1430,54.4,85,0,0,0,0,0,0,10.399999999999977,0,High,Medium,Medium,No
6877,6877,6878,M21737,M,300.8,311.2,1488,40.1,87,0,0,0,0,0,0,10.399999999999977,0,Medium,Medium,Medium,No
6878,6878,6879,H36292,H,300.9,311.2,1518,35.0,90,0,0,0,0,0,0,10.300000000000011,0,Medium,Medium,Medium,No
6879,6879,6880,H36293,H,300.8,311.2,2237,17.0,95,0,0,0,0,0,0,10.399999999999977,0,Low,High,Medium,No
6880,6880,6881,M21740,M,300.9,311.3,1801,24.6,100,0,0,0,0,0,0,10.400000000000034,0,Low,High,Medium,No
6881,6881,6882,L54061,L,301.0,311.4,1573,37.6,103,0,0,0,0,0,0,10.399999999999977,0,Medium,Medium,Medium,No
6882,6882,6883,L54062,L,300.9,311.4,2073,21.4,105,0,0,0,0,0,0,10.5,0,Low,High,Medium,No
6883,6883,6884,L54063,L,300.9,311.3,1953,19.4,107,0,0,0,0,0,0,10.400000000000034,0,Low,High,Medium,No
6884,6884,6885,L54064,L,300.8,311.2,1492,39.0,109,0,0,0,0,0,0,10.399999999999977,0,Medium,Medium,Medium,No
6885,6885,6886,L54065,L,300.8,311.2,1397,48.7,111,0,0,0,0,0,0,10.399999999999977,0,High,Medium,Medium,No
6886,6886,6887,M21746,M,300.8,311.3,1465,43.2,113,0,0,0,0,0,0,10.5,0,Medium,Medium,Medium,No
6887,6887,6888,L54067,L,300.8,311.3,1782,26.9,116,0,0,0,0,0,0,10.5,0,Medium,High,Medium,No
6888,6888,6889,M21748,M,300.9,311.4,1434,45.4,118,0,0,0,0,0,0,10.5,0,High,Medium,Medium,No
6889,6889,6890,H36303,H,300.9,311.4,1387,42.7,121,0,0,0,0,0,0,10.5,0,Medium,Medium,Medium,No
6890,6890,6891,M21750,M,300.9,311.4,1532,41.5,126,0,0,0,0,0,0,10.5,0,Medium,Medium,Medium,No
6891,6891,6892,L54071,L,300.9,311.5,1505,41.1,129,0,0,0,0,0,0,10.600000000000023,0,Medium,Medium,Medium,No
6892,6892,6893,L54072,L,301.0,311.6,1440,43.3,131,0,0,0,0,0,0,10.600000000000023,0,Medium,Medium,High,No
6893,6893,6894,L54073,L,301.0,311.6,1470,43.4,133,0,0,0,0,0,0,10.600000000000023,0,Medium,Medium,High,No
6894,6894,6895,L54074,L,301.1,311.7,1408,46.3,135,0,0,0,0,0,0,10.599999999999966,0,High,Medium,High,No
6895,6895,6896,M21755,M,301.0,311.6,1357,45.6,137,0,0,0,0,0,0,10.600000000000023,0,High,Medium,High,No
6896,6896,6897,M21756,M,301.0,311.6,1454,40.0,140,0,0,0,0,0,0,10.600000000000023,0,Medium,Medium,High,No
6897,6897,6898,L54077,L,301.0,311.6,1352,63.5,143,0,0,0,0,0,0,10.600000000000023,0,High,Medium,High,No
6898,6898,6899,M21758,M,301.0,311.6,1448,43.9,145,0,0,0,0,0,0,10.600000000000023,0,Medium,Medium,High,No
6899,6899,6900,L54079,L,300.9,311.6,1671,33.5,148,0,0,0,0,0,0,10.700000000000045,0,Medium,High,High,No
6900,6900,6901,L54080,L,301.0,311.7,1670,31.3,150,0,0,0,0,0,0,10.699999999999989,0,Medium,High,High,No
6901,6901,6902,L54081,L,301.0,311.7,1547,34.5,152,0,0,0,0,0,0,10.699999999999989,0,Medium,Medium,High,No
6902,6902,6903,L54082,L,301.0,311.6,1461,40.6,154,0,0,0,0,0,0,10.600000000000023,0,Medium,Medium,High,No
6903,6903,6904,M21763,M,301.0,311.6,1609,35.8,156,0,0,0,0,0,0,10.600000000000023,0,Medium,Medium,High,No
6904,6904,6905,M21764,M,300.9,311.5,1704,31.3,159,0,0,0,0,0,0,10.600000000000023,0,Medium,High,High,No
6905,6905,6906,M21765,M,301.0,311.5,1550,34.9,162,0,0,0,0,0,0,10.5,0,Medium,Medium,High,No
6906,6906,6907,M21766,M,301.0,311.5,1530,43.9,165,0,0,0,0,0,0,10.5,0,Medium,Medium,High,No
6907,6907,6908,L54087,L,300.9,311.3,1449,40.2,168,0,0,0,0,0,0,10.400000000000034,0,Medium,Medium,High,No
6908,6908,6909,L54088,L,300.9,311.3,1613,32.7,170,0,0,0,0,0,0,10.400000000000034,0,Medium,Medium,High,No
6909,6909,6910,L54089,L,300.8,311.2,1376,48.1,172,0,0,0,0,0,0,10.399999999999977,0,High,Medium,High,No
6910,6910,6911,L54090,L,300.8,311.2,1434,45.6,174,0,0,0,0,0,0,10.399999999999977,0,High,Medium,High,No
6911,6911,6912,L54091,L,300.8,311.1,1480,41.1,176,0,0,0,0,0,0,10.300000000000011,0,Medium,Medium,High,No
6912,6912,6913,M21772,M,300.8,311.2,1634,31.9,178,0,0,0,0,0,0,10.399999999999977,0,Medium,Medium,High,No
6913,6913,6914,L54093,L,300.8,311.2,1481,38.5,181,0,0,0,0,0,1,10.399999999999977,1,Medium,Medium,High,No
6914,6914,6915,H36328,H,300.9,311.3,1668,28.9,183,0,0,0,0,0,0,10.400000000000034,0,Medium,High,High,No
6915,6915,6916,L54095,L,301.0,311.4,1484,36.2,188,0,0,0,0,0,0,10.399999999999977,0,Medium,Medium,High,No
6916,6916,6917,M21776,M,300.9,311.3,1603,31.8,190,0,0,0,0,0,0,10.400000000000034,0,Medium,Medium,High,No
6917,6917,6918,L54097,L,301.0,311.4,1481,37.5,193,0,0,0,0,0,0,10.399999999999977,0,Medium,Medium,High,No
6918,6918,6919,L54098,L,301.0,311.5,1559,31.8,195,0,0,0,0,0,0,10.5,0,Medium,Medium,High,No
6919,6919,6920,L54099,L,301.0,311.5,1444,39.8,197,0,0,0,0,0,0,10.5,0,Medium,Medium,High,No
6920,6920,6921,M21780,M,301.2,311.6,1423,48.0,199,0,0,0,0,0,0,10.400000000000034,0,High,Medium,High,No
6921,6921,6922,L54101,L,301.1,311.6,1432,48.1,202,0,0,0,0,0,0,10.5,0,High,Medium,High,No
6922,6922,6923,L54102,L,301.2,311.7,1463,48.3,204,0,0,0,0,0,0,10.5,0,High,Medium,High,No
6923,6923,6924,L54103,L,301.2,311.7,1433,49.3,206,0,0,0,0,0,0,10.5,0,High,Medium,High,No
6924,6924,6925,L54104,L,301.2,311.6,1461,52.9,208,1,0,0,0,1,0,10.400000000000034,1,High,Medium,High,No
6925,6925,6926,M21785,M,301.1,311.6,1266,55.5,210,0,0,0,0,0,0,10.5,0,High,Medium,High,No
6926,6926,6927,H36340,H,301.1,311.6,1417,53.4,0,0,0,0,0,0,0,10.5,0,High,Medium,Low,No
6927,6927,6928,L54107,L,301.1,311.6,1488,43.4,5,0,0,0,0,0,0,10.5,0,Medium,Medium,Low,No
6928,6928,6929,L54108,L,301.1,311.7,1816,24.5,7,0,0,0,0,0,0,10.599999999999966,0,Low,High,Low,No
6929,6929,6930,M21789,M,301.0,311.6,1301,55.0,9,0,0,0,0,0,0,10.600000000000023,0,High,Medium,Low,No
6930,6930,6931,M21790,M,300.9,311.5,1836,21.8,12,0,0,0,0,0,0,10.600000000000023,0,Low,High,Low,No
6931,6931,6932,M21791,M,300.8,311.4,1521,39.9,15,0,0,0,0,0,0,10.599999999999966,0,Medium,Medium,Low,No
6932,6932,6933,L54112,L,300.8,311.4,1322,67.2,18,1,0,0,1,0,0,10.599999999999966,1,High,Medium,Low,No
6933,6933,6934,L54113,L,300.8,311.4,1492,40.6,20,0,0,0,0,0,0,10.599999999999966,0,Medium,Medium,Low,No
6934,6934,6935,L54114,L,300.8,311.4,1536,40.9,22,0,0,0,0,0,0,10.599999999999966,0,Medium,Medium,Low,No
6935,6935,6936,L54115,L,300.7,311.2,1878,24.3,24,0,0,0,0,0,0,10.5,0,Low,High,Low,No
6936,6936,6937,L54116,L,300.6,311.1,1471,40.7,26,0,0,0,0,0,0,10.5,0,Medium,Medium,Low,No
6937,6937,6938,H36351,H,300.6,311.1,1452,40.2,28,0,0,0,0,0,0,10.5,0,Medium,Medium,Low,No
6938,6938,6939,L54118,L,300.7,311.2,1452,44.4,33,0,0,0,0,0,0,10.5,0,Medium,Medium,Low,No
6939,6939,6940,M21799,M,300.7,311.3,1348,53.0,35,0,0,0,0,0,0,10.600000000000023,0,High,Medium,Low,No
6940,6940,6941,H36354,H,300.8,311.4,1453,44.6,38,0,0,0,0,0,0,10.599999999999966,0,Medium,Medium,Low,No
6941,6941,6942,L54121,L,300.8,311.4,1316,57.6,43,0,0,0,0,0,0,10.599999999999966,0,High,Medium,Low,No
6942,6942,6943,M21802,M,300.8,311.4,1732,26.9,45,0,0,0,0,0,0,10.599999999999966,0,Medium,High,Low,No
6943,6943,6944,L54123,L,300.7,311.3,1522,35.2,48,0,0,0,0,0,0,10.600000000000023,0,Medium,Medium,Low,No
6944,6944,6945,M21804,M,300.7,311.3,1487,39.8,50,0,0,0,0,0,0,10.600000000000023,0,Medium,Medium,Low,No
6945,6945,6946,M21805,M,300.8,311.4,1852,22.2,53,0,0,0,0,0,0,10.599999999999966,0,Low,High,Low,No
6946,6946,6947,L54126,L,300.7,311.2,1486,46.8,56,0,0,0,0,0,0,10.5,0,High,Medium,Low,No
6947,6947,6948,M21807,M,300.7,311.3,1562,37.1,58,0,0,0,0,0,0,10.600000000000023,0,Medium,Medium,Low,No
6948,6948,6949,L54128,L,300.7,311.2,1457,51.4,61,0,0,0,0,0,0,10.5,0,High,Medium,Low,No
6949,6949,6950,M21809,M,300.7,311.2,1769,26.5,63,0,0,0,0,0,0,10.5,0,Medium,High,Low,No
6950,6950,6951,H36364,H,300.7,311.3,1374,53.1,66,0,0,0,0,0,0,10.600000000000023,0,High,Medium,Low,No
6951,6951,6952,L54131,L,300.8,311.3,1524,43.5,71,0,0,0,0,0,0,10.5,0,Medium,Medium,Low,No
6952,6952,6953,L54132,L,300.8,311.3,1498,40.2,73,0,0,0,0,0,0,10.5,0,Medium,Medium,Low,No
6953,6953,6954,L54133,L,300.8,311.3,1462,41.4,75,0,0,0,0,0,0,10.5,0,Medium,Medium,Low,No
6954,6954,6955,M21814,M,300.8,311.2,1429,52.3,77,0,0,0,0,0,0,10.399999999999977,0,High,Medium,Low,No
6955,6955,6956,L54135,L,300.7,311.2,1399,47.9,80,0,0,0,0,0,0,10.5,0,High,Medium,Low,No
6956,6956,6957,M21816,M,300.8,311.2,1434,39.1,82,0,0,0,0,0,0,10.399999999999977,0,Medium,Medium,Medium,No
6957,6957,6958,L54137,L,300.7,311.1,1324,52.2,85,0,0,0,0,0,0,10.400000000000034,0,High,Medium,Medium,No
6958,6958,6959,L54138,L,300.6,311.0,1563,40.7,87,0,0,0,0,0,0,10.399999999999977,0,Medium,Medium,Medium,No
6959,6959,6960,L54139,L,300.6,311.0,1543,34.7,89,0,0,0,0,0,0,10.399999999999977,0,Medium,Medium,Medium,No
6960,6960,6961,L54140,L,300.7,311.0,1413,52.0,91,0,0,0,0,0,1,10.300000000000011,1,High,Medium,Medium,No
6961,6961,6962,M21821,M,300.7,311.0,1378,41.2,93,0,0,0,0,0,0,10.300000000000011,0,Medium,Medium,Medium,No
6962,6962,6963,M21822,M,300.7,311.1,1373,49.9,96,0,0,0,0,0,0,10.400000000000034,0,High,Medium,Medium,No
6963,6963,6964,H36377,H,300.7,311.0,1981,19.9,99,0,0,0,0,0,0,10.300000000000011,0,Low,High,Medium,No
6964,6964,6965,M21824,M,300.7,311.0,1263,52.3,104,0,0,0,0,0,0,10.300000000000011,0,High,Medium,Medium,No
6965,6965,6966,L54145,L,300.7,311.0,1312,52.1,107,0,0,0,0,0,0,10.300000000000011,0,High,Medium,Medium,No
6966,6966,6967,L54146,L,300.7,311.0,1969,20.7,109,0,0,0,0,0,0,10.300000000000011,0,Low,High,Medium,No
6967,6967,6968,M21827,M,300.8,311.2,1365,51.7,111,0,0,0,0,0,0,10.399999999999977,0,High,Medium,Medium,No
6968,6968,6969,L54148,L,300.9,311.2,1789,25.5,114,0,0,0,0,0,0,10.300000000000011,0,High,High,Medium,No
6969,6969,6970,M21829,M,300.8,311.1,1583,32.1,116,0,0,0,0,0,0,10.300000000000011,0,Medium,Medium,Medium,No
6970,6970,6971,L54150,L,300.7,311.0,1436,44.9,119,0,0,0,0,0,0,10.300000000000011,0,Medium,Medium,Medium,No
6971,6971,6972,M21831,M,300.7,311.0,1559,42.8,121,0,0,0,0,0,0,10.300000000000011,0,Medium,Medium,Medium,No
6972,6972,6973,L54152,L,300.7,311.0,1377,49.9,124,0,0,0,0,0,0,10.300000000000011,0,High,Medium,Medium,No
6973,6973,6974,L54153,L,300.7,311.0,1462,41.9,126,0,0,0,0,0,0,10.300000000000011,0,Medium,Medium,Medium,No
6974,6974,6975,L54154,L,300.7,311.0,1318,48.2,128,0,0,0,0,0,0,10.300000000000011,0,High,Medium,Medium,No
6975,6975,6976,M21835,M,300.7,311.0,1378,51.6,130,0,0,0,0,0,0,10.300000000000011,0,High,Medium,Medium,No
6976,6976,6977,L54156,L,300.6,310.9,1344,46.7,133,0,0,0,0,0,0,10.299999999999955,0,High,Medium,High,No
6977,6977,6978,L54157,L,300.7,311.1,2377,14.3,135,0,0,0,0,0,0,10.400000000000034,0,Low,High,High,No
6978,6978,6979,L54158,L,300.7,311.1,1427,50.3,137,0,0,0,0,0,0,10.400000000000034,0,High,Medium,High,No
6979,6979,6980,L54159,L,300.9,311.2,1353,60.4,139,0,0,0,0,0,0,10.300000000000011,0,High,Medium,High,No
6980,6980,6981,L54160,L,300.8,311.3,1505,45.5,141,0,0,0,0,0,0,10.5,0,High,Medium,High,No
6981,6981,6982,H36395,H,300.8,311.2,1612,32.5,143,0,0,0,0,0,0,10.399999999999977,0,Medium,Medium,High,No
6982,6982,6983,L54162,L,300.7,311.1,1440,43.0,148,0,0,0,0,0,0,10.400000000000034,0,Medium,Medium,High,No
6983,6983,6984,M21843,M,300.7,311.0,1334,53.9,150,0,0,0,0,0,0,10.300000000000011,0,High,Medium,High,No
6984,6984,6985,M21844,M,300.7,311.0,1706,25.0,153,0,0,0,0,0,0,10.300000000000011,0,Low,High,High,No
6985,6985,6986,H36399,H,300.8,311.1,1698,24.8,156,0,0,0,0,0,0,10.300000000000011,0,Low,High,High,No
6986,6986,6987,L54166,L,300.7,311.1,1688,30.7,161,0,0,0,0,0,0,10.400000000000034,0,Medium,High,High,No
6987,6987,6988,L54167,L,300.7,311.1,2437,13.8,163,0,0,0,0,0,0,10.400000000000034,0,Low,High,High,No
6988,6988,6989,L54168,L,300.7,311.1,1478,46.8,165,0,0,0,0,0,0,10.400000000000034,0,High,Medium,High,No
6989,6989,6990,M21849,M,300.7,311.1,1608,35.3,167,0,0,0,0,0,0,10.400000000000034,0,Medium,Medium,High,No
6990,6990,6991,L54170,L,300.7,311.1,2478,13.4,170,1,0,0,1,0,0,10.400000000000034,1,Low,High,High,No
6991,6991,6992,L54171,L,300.8,311.1,1509,33.4,172,0,0,0,0,0,0,10.300000000000011,0,Medium,Medium,High,No
6992,6992,6993,L54172,L,300.7,311.0,1596,36.9,174,0,0,0,0,0,0,10.300000000000011,0,Medium,Medium,High,No
6993,6993,6994,M21853,M,300.7,311.0,1740,25.6,176,0,0,0,0,0,0,10.300000000000011,0,High,High,High,No
6994,6994,6995,L54174,L,300.6,310.8,1375,53.2,179,0,0,0,0,0,0,10.199999999999989,0,High,Medium,High,No
6995,6995,6996,M21855,M,300.6,310.7,1705,31.2,181,0,0,0,0,0,0,10.099999999999966,0,Medium,High,High,No
6996,6996,6997,M21856,M,300.5,310.6,1621,32.0,184,0,0,0,0,0,0,10.100000000000023,0,Medium,Medium,High,No
6997,6997,6998,M21857,M,300.6,310.7,1566,38.2,187,0,0,0,0,0,0,10.099999999999966,0,Medium,Medium,High,No
6998,6998,6999,M21858,M,300.6,310.7,1388,42.9,190,0,0,0,0,0,0,10.099999999999966,0,Medium,Medium,High,No
6999,6999,7000,M21859,M,300.6,310.7,1457,36.7,193,0,0,0,0,0,0,10.099999999999966,0,Medium,Medium,High,No
7000,7000,7001,M21860,M,300.6,310.6,1463,45.5,196,0,0,0,0,0,0,10.0,0,High,Medium,High,No
7001,7001,7002,L54181,L,300.5,310.5,1564,38.2,199,0,0,0,0,0,0,10.0,0,Medium,Medium,High,No
7002,7002,7003,H36416,H,300.5,310.6,1411,47.2,201,0,0,0,0,0,0,10.100000000000023,0,High,Medium,High,No
7003,7003,7004,L54183,L,300.5,310.6,1540,46.7,206,0,0,0,0,0,0,10.100000000000023,0,High,Medium,High,No
7004,7004,7005,L54184,L,300.5,310.6,1950,20.3,208,0,0,0,0,0,0,10.100000000000023,0,Low,High,High,No
7005,7005,7006,M21865,M,300.6,310.7,1339,52.9,0,0,0,0,0,0,0,10.099999999999966,0,High,Medium,Low,No
7006,7006,7007,H36420,H,300.6,310.6,1419,39.6,3,0,0,0,0,0,0,10.0,0,Medium,Medium,Low,No
7007,7007,7008,L54187,L,300.5,310.6,1499,45.2,8,0,0,0,0,0,0,10.100000000000023,0,High,Medium,Low,No
7008,7008,7009,L54188,L,300.5,310.6,1368,49.6,10,0,0,0,0,0,0,10.100000000000023,0,High,Medium,Low,No
7009,7009,7010,L54189,L,300.5,310.5,1536,36.2,12,0,0,0,0,0,0,10.0,0,Medium,Medium,Low,No
7010,7010,7011,M21870,M,300.5,310.5,1469,42.9,14,0,0,0,0,0,0,10.0,0,Medium,Medium,Low,No
7011,7011,7012,L54191,L,300.5,310.5,2633,12.2,17,1,0,0,1,0,0,10.0,1,Low,High,Low,No
7012,7012,7013,L54192,L,300.4,310.4,1298,61.4,19,0,0,0,0,0,0,10.0,0,High,Medium,Low,No
7013,7013,7014,M21873,M,300.4,310.4,1544,36.3,21,0,0,0,0,0,0,10.0,0,Medium,Medium,Low,No
7014,7014,7015,H36428,H,300.5,310.5,1403,47.7,24,0,0,0,0,0,0,10.0,0,High,Medium,Low,No
7015,7015,7016,L54195,L,300.5,310.5,1452,42.9,29,0,0,0,0,0,0,10.0,0,Medium,Medium,Low,No
7016,7016,7017,L54196,L,300.6,310.5,1509,43.1,31,0,0,0,0,0,0,9.899999999999977,0,Medium,Medium,Low,No
7017,7017,7018,M21877,M,300.7,310.6,1474,37.0,33,0,0,0,0,0,0,9.900000000000034,0,Medium,Medium,Low,No
7018,7018,7019,M21878,M,300.7,310.7,1377,46.7,36,0,0,0,0,0,0,10.0,0,High,Medium,Low,No
7019,7019,7020,L54199,L,300.8,310.8,1741,27.1,39,0,0,0,0,0,0,10.0,0,Medium,High,Low,No
7020,7020,7021,L54200,L,300.8,310.8,1460,53.8,41,0,0,0,0,0,0,10.0,0,High,Medium,Low,No
7021,7021,7022,H36435,H,300.7,310.6,1631,32.6,43,0,0,0,0,0,0,9.900000000000034,0,Medium,Medium,Low,No
7022,7022,7023,L54202,L,300.7,310.5,1561,33.2,48,0,0,0,0,0,0,9.800000000000011,0,Medium,Medium,Low,No
7023,7023,7024,M21883,M,300.7,310.6,1572,38.5,50,0,0,0,0,0,0,9.900000000000034,0,Medium,Medium,Low,No
7024,7024,7025,L54204,L,300.6,310.6,2127,18.7,53,0,0,0,0,0,0,10.0,0,Low,High,Low,No
7025,7025,7026,H36439,H,300.6,310.6,1448,44.7,55,0,0,0,0,0,0,10.0,0,Medium,Medium,Low,No
7026,7026,7027,L54206,L,300.6,310.7,1543,39.6,60,0,0,0,0,0,0,10.099999999999966,0,Medium,Medium,Low,No
7027,7027,7028,L54207,L,300.6,310.6,1508,34.8,62,0,0,0,0,0,0,10.0,0,Medium,Medium,Low,No
7028,7028,7029,M21888,M,300.6,310.6,1403,50.4,64,0,0,0,0,0,0,10.0,0,High,Medium,Low,No
7029,7029,7030,L54209,L,300.6,310.6,1454,39.7,67,0,0,0,0,0,0,10.0,0,Medium,Medium,Low,No
7030,7030,7031,L54210,L,300.7,310.8,1772,27.3,69,0,0,0,0,0,0,10.100000000000023,0,Medium,High,Low,No
7031,7031,7032,L54211,L,300.7,310.8,1479,49.1,71,0,0,0,0,0,0,10.100000000000023,0,High,Medium,Low,No
7032,7032,7033,L54212,L,300.7,310.9,1723,31.0,73,0,0,0,0,0,0,10.199999999999989,0,Medium,High,Low,No
7033,7033,7034,M21893,M,300.7,310.8,1469,46.4,75,0,0,0,0,0,0,10.100000000000023,0,High,Medium,Low,No
7034,7034,7035,H36448,H,300.6,310.6,1830,26.2,78,0,0,0,0,0,0,10.0,0,Medium,High,Low,No
7035,7035,7036,L54215,L,300.6,310.6,1497,38.2,83,0,0,0,0,0,0,10.0,0,Medium,Medium,Medium,No
7036,7036,7037,L54216,L,300.7,310.6,1540,52.7,85,0,0,0,0,0,0,9.900000000000034,0,High,Medium,Medium,No
7037,7037,7038,L54217,L,300.6,310.6,1514,39.5,87,0,0,0,0,0,0,10.0,0,Medium,Medium,Medium,No
7038,7038,7039,L54218,L,300.7,310.6,1654,34.2,89,0,0,0,0,0,0,9.900000000000034,0,Medium,High,Medium,No
7039,7039,7040,H36453,H,300.6,310.5,1519,37.0,91,0,0,0,0,0,0,9.899999999999977,0,Medium,Medium,Medium,No
7040,7040,7041,L54220,L,300.7,310.6,1720,30.3,96,0,0,0,0,0,0,9.900000000000034,0,Medium,High,Medium,No
7041,7041,7042,L54221,L,300.6,310.5,1470,37.7,98,0,0,0,0,0,0,9.899999999999977,0,Medium,Medium,Medium,No
7042,7042,7043,L54222,L,300.6,310.5,1642,29.9,100,0,0,0,0,0,0,9.899999999999977,0,Medium,Medium,Medium,No
7043,7043,7044,M21903,M,300.7,310.6,2006,19.1,102,0,0,0,0,0,0,9.900000000000034,0,Low,High,Medium,No
7044,7044,7045,M21904,M,300.7,310.6,1505,35.6,105,0,0,0,0,0,0,9.900000000000034,0,Medium,Medium,Medium,No
7045,7045,7046,M21905,M,300.7,310.6,1609,27.6,108,0,0,0,0,0,0,9.900000000000034,0,Medium,Medium,Medium,No
7046,7046,7047,M21906,M,300.7,310.5,1863,22.2,111,0,0,0,0,0,0,9.800000000000011,0,Low,High,Medium,No
7047,7047,7048,L54227,L,300.6,310.4,1401,42.6,114,0,0,0,0,0,0,9.799999999999955,0,Medium,Medium,Medium,No
7048,7048,7049,L54228,L,300.6,310.4,2007,19.8,116,0,0,0,0,0,0,9.799999999999955,0,Low,High,Medium,No
7049,7049,7050,L54229,L,300.6,310.4,1494,47.3,118,0,0,0,0,0,0,9.799999999999955,0,High,Medium,Medium,No
7050,7050,7051,L54230,L,300.6,310.4,1457,47.7,120,0,0,0,0,0,0,9.799999999999955,0,High,Medium,Medium,No
7051,7051,7052,L54231,L,300.6,310.4,1556,37.7,122,0,0,0,0,0,0,9.799999999999955,0,Medium,Medium,Medium,No
7052,7052,7053,H36466,H,300.6,310.4,1510,42.8,124,0,0,0,0,0,0,9.799999999999955,0,Medium,Medium,Medium,No
7053,7053,7054,H36467,H,300.7,310.5,1567,38.7,129,0,0,0,0,0,0,9.800000000000011,0,Medium,Medium,Medium,No
7054,7054,7055,H36468,H,300.7,310.5,1476,43.1,134,0,0,0,0,0,0,9.800000000000011,0,Medium,Medium,High,No
7055,7055,7056,L54235,L,300.8,310.6,1663,30.6,139,0,0,0,0,0,0,9.800000000000011,0,Medium,High,High,No
7056,7056,7057,M21916,M,300.8,310.5,1409,50.6,141,0,0,0,0,0,0,9.699999999999989,0,High,Medium,High,No
7057,7057,7058,L54237,L,300.8,310.6,1666,36.2,144,0,0,0,0,0,0,9.800000000000011,0,Medium,High,High,No
7058,7058,7059,L54238,L,300.7,310.6,1520,45.9,146,0,0,0,0,0,0,9.900000000000034,0,High,Medium,High,No
7059,7059,7060,L54239,L,300.6,310.5,1644,33.8,148,0,0,0,0,0,0,9.899999999999977,0,Medium,Medium,High,No
7060,7060,7061,H36474,H,300.6,310.4,1479,35.6,150,0,0,0,0,0,0,9.799999999999955,0,Medium,Medium,High,No
7061,7061,7062,L54241,L,300.6,310.4,1446,49.7,155,0,0,0,0,0,0,9.799999999999955,0,High,Medium,High,No
7062,7062,7063,M21922,M,300.6,310.4,1407,51.1,157,0,0,0,0,0,0,9.799999999999955,0,High,Medium,High,No
7063,7063,7064,L54243,L,300.7,310.4,1234,51.7,160,0,0,0,0,0,0,9.699999999999989,0,High,Low,High,No
7064,7064,7065,M21924,M,300.8,310.5,1696,29.7,162,0,0,0,0,0,0,9.699999999999989,0,Medium,High,High,No
7065,7065,7066,L54245,L,300.8,310.6,1384,52.9,165,0,0,0,0,0,0,9.800000000000011,0,High,Medium,High,No
7066,7066,7067,M21926,M,300.8,310.7,1572,36.2,167,0,0,0,0,0,0,9.899999999999977,0,Medium,Medium,High,No
7067,7067,7068,M21927,M,300.8,310.7,1386,42.1,170,0,0,0,0,0,0,9.899999999999977,0,Medium,Medium,High,No
7068,7068,7069,L54248,L,300.8,310.7,1461,42.8,173,0,0,0,0,0,0,9.899999999999977,0,Medium,Medium,High,No
7069,7069,7070,L54249,L,300.8,310.7,1525,39.4,175,0,0,0,0,0,0,9.899999999999977,0,Medium,Medium,High,No
7070,7070,7071,L54250,L,300.7,310.7,1333,61.0,177,0,0,0,0,0,0,10.0,0,High,Medium,High,No
7071,7071,7072,H36485,H,300.7,310.6,1505,40.6,179,0,0,0,0,0,0,9.900000000000034,0,Medium,Medium,High,No
7072,7072,7073,M21932,M,300.7,310.6,1439,41.7,184,0,0,0,0,0,0,9.900000000000034,0,Medium,Medium,High,No
7073,7073,7074,L54253,L,300.7,310.6,1491,43.2,187,0,0,0,0,0,0,9.900000000000034,0,Medium,Medium,High,No
7074,7074,7075,M21934,M,300.7,310.6,1488,39.2,189,0,0,0,0,0,0,9.900000000000034,0,Medium,Medium,High,No
7075,7075,7076,L54255,L,300.7,310.5,1536,47.4,192,0,0,0,0,0,0,9.800000000000011,0,High,Medium,High,No
7076,7076,7077,L54256,L,300.7,310.5,1960,21.0,194,0,0,0,0,0,0,9.800000000000011,0,Low,High,High,No
7077,7077,7078,M21937,M,300.7,310.5,1594,31.0,196,0,0,0,0,0,0,9.800000000000011,0,Medium,Medium,High,No
7078,7078,7079,L54258,L,300.7,310.5,1357,52.6,199,0,0,0,0,0,0,9.800000000000011,0,High,Medium,High,No
7079,7079,7080,L54259,L,300.7,310.5,1445,41.1,201,0,0,0,0,0,0,9.800000000000011,0,Medium,Medium,High,No
7080,7080,7081,L54260,L,300.7,310.4,1543,47.3,203,0,0,0,0,0,0,9.699999999999989,0,High,Medium,High,No
7081,7081,7082,L54261,L,300.7,310.4,1366,52.6,205,0,0,0,0,0,0,9.699999999999989,0,High,Medium,High,No
7082,7082,7083,L54262,L,300.7,310.3,1458,40.0,207,0,0,0,0,0,0,9.600000000000023,0,Medium,Medium,High,No
7083,7083,7084,L54263,L,300.7,310.4,1416,61.8,209,1,0,0,1,1,0,9.699999999999989,2,High,Medium,High,No
7084,7084,7085,L54264,L,300.6,310.3,1794,24.4,211,0,0,0,0,0,0,9.699999999999989,0,Low,High,High,No
7085,7085,7086,L54265,L,300.6,310.3,1484,41.0,213,0,0,0,0,0,0,9.699999999999989,0,Medium,Medium,High,No
7086,7086,7087,L54266,L,300.6,310.4,2514,13.4,215,0,0,0,0,0,0,9.799999999999955,0,Low,High,High,No
7087,7087,7088,L54267,L,300.6,310.3,1648,30.5,217,1,1,0,0,0,0,9.699999999999989,1,Medium,Medium,High,No
7088,7088,7089,M21948,M,300.6,310.3,1614,32.7,0,0,0,0,0,0,0,9.699999999999989,0,Medium,Medium,Low,No
7089,7089,7090,L54269,L,300.6,310.2,1622,34.1,3,0,0,0,0,0,0,9.599999999999966,0,Medium,Medium,Low,No
7090,7090,7091,M21950,M,300.6,310.2,1478,40.1,5,0,0,0,0,0,0,9.599999999999966,0,Medium,Medium,Low,No
7091,7091,7092,L54271,L,300.6,310.2,1318,51.0,8,0,0,0,0,0,0,9.599999999999966,0,High,Medium,Low,No
7092,7092,7093,L54272,L,300.7,310.2,1493,35.9,10,0,0,0,0,0,0,9.5,0,Medium,Medium,Low,No
7093,7093,7094,H36507,H,300.7,310.3,1369,50.7,12,0,0,0,0,0,0,9.600000000000023,0,High,Medium,Low,No
7094,7094,7095,L54274,L,300.6,310.2,1447,45.9,17,0,0,0,0,0,0,9.599999999999966,0,High,Medium,Low,No
7095,7095,7096,L54275,L,300.6,310.1,1485,49.9,19,0,0,0,0,0,0,9.5,0,High,Medium,Low,No
7096,7096,7097,L54276,L,300.6,310.2,1489,47.8,21,0,0,0,0,0,0,9.599999999999966,0,High,Medium,Low,No
7097,7097,7098,M21957,M,300.6,310.2,1233,52.3,23,0,0,0,0,0,0,9.599999999999966,0,High,Low,Low,No
7098,7098,7099,L54278,L,300.7,310.2,1642,32.6,26,0,0,0,0,0,0,9.5,0,Medium,Medium,Low,No
7099,7099,7100,M21959,M,300.7,310.2,1373,44.1,28,0,0,0,0,0,0,9.5,0,Medium,Medium,Low,No
7100,7100,7101,L54280,L,300.7,310.2,1569,32.8,31,0,0,0,0,0,0,9.5,0,Medium,Medium,Low,No
7101,7101,7102,L54281,L,300.8,310.2,1850,22.8,33,0,0,0,0,0,0,9.399999999999977,0,Low,High,Low,No
7102,7102,7103,M21962,M,300.8,310.3,1494,42.2,35,0,0,0,0,0,0,9.5,0,Medium,Medium,Low,No
7103,7103,7104,H36517,H,300.8,310.3,1777,30.1,38,0,0,0,0,0,0,9.5,0,Medium,High,Low,No
7104,7104,7105,L54284,L,300.9,310.4,1454,43.1,43,0,0,0,0,0,0,9.5,0,Medium,Medium,Low,No
7105,7105,7106,L54285,L,300.9,310.4,1536,34.2,45,0,0,0,0,0,0,9.5,0,Medium,Medium,Low,No
7106,7106,7107,L54286,L,300.8,310.5,1482,39.0,47,0,0,0,0,0,0,9.699999999999989,0,Medium,Medium,Low,No
7107,7107,7108,H36521,H,300.9,310.5,1512,41.2,49,0,0,0,0,0,0,9.600000000000023,0,Medium,Medium,Low,No
7108,7108,7109,M21968,M,300.8,310.5,1511,35.8,54,0,0,0,0,0,0,9.699999999999989,0,Medium,Medium,Low,No
7109,7109,7110,L54289,L,300.9,310.5,1599,40.5,57,0,0,0,0,0,0,9.600000000000023,0,Medium,Medium,Low,No
7110,7110,7111,M21970,M,300.8,310.4,1518,36.0,59,0,0,0,0,0,0,9.599999999999966,0,Medium,Medium,Low,No
7111,7111,7112,M21971,M,300.8,310.4,1450,39.4,62,0,0,0,0,0,0,9.599999999999966,0,Medium,Medium,Low,No
7112,7112,7113,L54292,L,300.9,310.4,1427,47.0,65,0,0,0,0,0,0,9.5,0,High,Medium,Low,No
7113,7113,7114,L54293,L,300.9,310.4,1561,32.7,67,0,0,0,0,0,0,9.5,0,Medium,Medium,Low,No
7114,7114,7115,H36528,H,300.9,310.4,1457,43.8,69,0,0,0,0,0,0,9.5,0,Medium,Medium,Low,No
7115,7115,7116,M21975,M,301.0,310.6,1460,53.6,74,0,0,0,0,0,0,9.600000000000023,0,High,Medium,Low,No
7116,7116,7117,L54296,L,301.0,310.5,1601,33.2,77,0,0,0,0,0,0,9.5,0,Medium,Medium,Low,No
7117,7117,7118,L54297,L,300.9,310.5,1570,40.1,79,0,0,0,0,0,0,9.600000000000023,0,Medium,Medium,Low,No
7118,7118,7119,L54298,L,300.9,310.5,1565,35.9,81,0,0,0,0,0,0,9.600000000000023,0,Medium,Medium,Medium,No
7119,7119,7120,L54299,L,301.0,310.5,1378,44.4,83,0,0,0,0,0,0,9.5,0,Medium,Medium,Medium,No
7120,7120,7121,L54300,L,300.9,310.5,2288,16.1,85,0,0,0,0,0,0,9.600000000000023,0,Low,High,Medium,No
7121,7121,7122,M21981,M,300.9,310.4,1375,44.7,87,0,0,0,0,0,0,9.5,0,Medium,Medium,Medium,No
7122,7122,7123,L54302,L,300.9,310.4,1788,27.8,90,0,0,0,0,0,0,9.5,0,Medium,High,Medium,No
7123,7123,7124,M21983,M,300.9,310.4,1576,40.4,92,0,0,0,0,0,0,9.5,0,Medium,Medium,Medium,No
7124,7124,7125,M21984,M,300.8,310.3,1868,24.5,95,0,0,0,0,0,0,9.5,0,Low,High,Medium,No
7125,7125,7126,L54305,L,300.7,310.1,1261,56.6,98,0,0,0,0,0,0,9.400000000000034,0,High,Medium,Medium,No
7126,7126,7127,M21986,M,300.6,310.0,1542,33.9,100,0,0,0,0,0,0,9.399999999999977,0,Medium,Medium,Medium,No
7127,7127,7128,L54307,L,300.6,310.0,1438,53.8,103,0,0,0,0,0,0,9.399999999999977,0,High,Medium,Medium,No
7128,7128,7129,L54308,L,300.6,310.0,1511,36.9,105,0,0,0,0,0,0,9.399999999999977,0,Medium,Medium,Medium,No
7129,7129,7130,L54309,L,300.6,310.0,1635,31.0,107,0,0,0,0,0,0,9.399999999999977,0,Medium,Medium,Medium,No
7130,7130,7131,L54310,L,300.6,309.9,1428,48.8,109,0,0,0,0,0,0,9.299999999999955,0,High,Medium,Medium,No
7131,7131,7132,M21991,M,300.5,309.8,1410,44.4,111,0,0,0,0,0,0,9.300000000000011,0,Medium,Medium,Medium,No
7132,7132,7133,L54312,L,300.5,309.9,1423,47.9,114,0,0,0,0,0,0,9.399999999999977,0,High,Medium,Medium,No
7133,7133,7134,M21993,M,300.5,309.9,1552,41.3,116,0,0,0,0,0,0,9.399999999999977,0,Medium,Medium,Medium,No
7134,7134,7135,M21994,M,300.5,310.0,1406,50.2,119,0,0,0,0,0,0,9.5,0,High,Medium,Medium,No
7135,7135,7136,L54315,L,300.5,309.9,1443,48.3,122,0,0,0,0,0,0,9.399999999999977,0,High,Medium,Medium,No
7136,7136,7137,M21996,M,300.5,309.9,1343,63.7,124,0,0,0,0,0,0,9.399999999999977,0,High,Medium,Medium,No
7137,7137,7138,M21997,M,300.6,310.0,1486,41.2,127,0,0,0,0,0,0,9.399999999999977,0,Medium,Medium,Medium,No
7138,7138,7139,L54318,L,300.6,310.1,1297,50.0,130,0,0,0,0,0,0,9.5,0,High,Medium,Medium,No
7139,7139,7140,L54319,L,300.6,310.1,1495,42.3,132,0,0,0,0,0,0,9.5,0,Medium,Medium,High,No
7140,7140,7141,L54320,L,300.5,309.9,1382,46.5,134,0,0,0,0,0,0,9.399999999999977,0,High,Medium,High,No
7141,7141,7142,M22001,M,300.4,309.8,1356,44.4,136,0,0,0,0,0,0,9.400000000000034,0,Medium,Medium,High,No
7142,7142,7143,H36556,H,300.3,309.7,1452,41.5,139,0,0,0,0,0,0,9.399999999999977,0,Medium,Medium,High,No
7143,7143,7144,H36557,H,300.3,309.7,1582,30.8,144,0,0,0,0,0,0,9.399999999999977,0,Medium,Medium,High,No
7144,7144,7145,M22004,M,300.4,309.8,1517,40.3,149,0,0,0,0,0,0,9.400000000000034,0,Medium,Medium,High,No
7145,7145,7146,L54325,L,300.5,310.0,1413,44.5,152,0,0,0,0,0,0,9.5,0,Medium,Medium,High,No
7146,7146,7147,L54326,L,300.4,309.9,1496,31.8,154,0,0,0,0,0,0,9.5,0,Medium,Medium,High,No
7147,7147,7148,L54327,L,300.3,309.8,1466,41.2,156,0,0,0,0,0,0,9.5,0,Medium,Medium,High,No
7148,7148,7149,M22008,M,300.3,309.8,1617,40.8,158,0,0,0,0,0,0,9.5,0,Medium,Medium,High,No
7149,7149,7150,L54329,L,300.2,309.8,1506,41.8,161,0,0,0,0,0,0,9.600000000000023,0,Medium,Medium,High,No
7150,7150,7151,L54330,L,300.2,309.8,1401,49.3,163,0,0,0,0,0,0,9.600000000000023,0,High,Medium,High,No
7151,7151,7152,H36565,H,300.2,309.9,1906,22.9,165,0,0,0,0,0,0,9.699999999999989,0,Low,High,High,No
7152,7152,7153,L54332,L,300.2,309.9,1566,36.4,170,0,0,0,0,0,0,9.699999999999989,0,Medium,Medium,High,No
7153,7153,7154,L54333,L,300.2,310.0,1493,47.3,172,0,0,0,0,0,0,9.800000000000011,0,High,Medium,High,No
7154,7154,7155,L54334,L,300.3,310.1,1483,39.9,174,0,0,0,0,0,0,9.800000000000011,0,Medium,Medium,High,No
7155,7155,7156,M22015,M,300.2,309.9,1569,31.2,176,0,0,0,0,0,0,9.699999999999989,0,Medium,Medium,High,No
7156,7156,7157,M22016,M,300.2,310.0,1664,30.7,179,0,0,0,0,0,0,9.800000000000011,0,Medium,High,High,No
7157,7157,7158,L54337,L,300.2,310.0,1486,40.1,182,0,0,0,0,0,0,9.800000000000011,0,Medium,Medium,High,No
7158,7158,7159,L54338,L,300.2,310.0,1389,53.6,184,0,0,0,0,0,0,9.800000000000011,0,High,Medium,High,No
7159,7159,7160,L54339,L,300.1,310.0,1511,41.7,186,0,0,0,0,0,0,9.899999999999977,0,Medium,Medium,High,No
7160,7160,7161,M22020,M,300.2,310.1,1485,40.5,188,0,0,0,0,0,0,9.900000000000034,0,Medium,Medium,High,No
7161,7161,7162,L54341,L,300.2,310.2,1440,42.9,191,0,0,0,0,0,0,10.0,0,Medium,Medium,High,No
7162,7162,7163,L54342,L,300.2,310.2,1378,43.9,193,0,0,0,0,0,0,10.0,0,Medium,Medium,High,No
7163,7163,7164,M22023,M,300.1,310.1,1501,39.3,195,0,0,0,0,0,0,10.0,0,Medium,Medium,High,No
7164,7164,7165,M22024,M,300.2,310.1,1474,44.0,198,0,0,0,0,0,0,9.900000000000034,0,Medium,Medium,High,No
7165,7165,7166,L54345,L,300.2,310.1,1392,47.9,201,0,0,0,0,0,0,9.900000000000034,0,High,Medium,High,No
7166,7166,7167,M22026,M,300.3,310.2,1429,44.7,203,0,0,0,0,0,0,9.899999999999977,0,Medium,Medium,High,No
7167,7167,7168,L54347,L,300.3,310.3,1362,60.3,206,1,0,0,0,1,0,10.0,1,High,Medium,High,No
7168,7168,7169,L54348,L,300.3,310.3,1704,29.5,0,0,0,0,0,0,0,10.0,0,Medium,High,Low,No
7169,7169,7170,L54349,L,300.3,310.2,1492,52.3,2,0,0,0,0,0,0,9.899999999999977,0,High,Medium,Low,No
7170,7170,7171,M22030,M,300.3,310.2,1442,39.5,4,0,0,0,0,0,0,9.899999999999977,0,Medium,Medium,Low,No
7171,7171,7172,M22031,M,300.2,310.2,1438,51.5,7,0,0,0,0,0,0,10.0,0,High,Medium,Low,No
7172,7172,7173,M22032,M,300.1,310.1,1402,46.6,10,0,0,0,0,0,0,10.0,0,High,Medium,Low,No
7173,7173,7174,L54353,L,300.1,310.1,1684,30.8,13,0,0,0,0,0,0,10.0,0,Medium,High,Low,No
7174,7174,7175,L54354,L,300.2,310.2,1530,48.5,15,0,0,0,0,0,0,10.0,0,High,Medium,Low,No
7175,7175,7176,L54355,L,300.1,310.1,1569,43.5,17,0,0,0,0,0,0,10.0,0,Medium,Medium,Low,No
7176,7176,7177,L54356,L,300.1,310.1,1650,31.6,19,0,0,0,0,0,0,10.0,0,Medium,Medium,Low,No
7177,7177,7178,L54357,L,300.2,310.2,1415,49.6,21,0,0,0,0,0,0,10.0,0,High,Medium,Low,No
7178,7178,7179,L54358,L,300.2,310.2,1600,31.5,23,0,0,0,0,0,0,10.0,0,Medium,Medium,Low,No
7179,7179,7180,L54359,L,300.2,310.1,1523,42.3,25,0,0,0,0,0,0,9.900000000000034,0,Medium,Medium,Low,No
7180,7180,7181,M22040,M,300.2,310.2,1628,30.3,27,0,0,0,0,0,0,10.0,0,Medium,Medium,Low,No
7181,7181,7182,L54361,L,300.2,310.3,1331,52.1,30,0,0,0,0,0,0,10.100000000000023,0,High,Medium,Low,No
7182,7182,7183,L54362,L,300.3,310.3,2158,16.8,32,0,0,0,0,0,0,10.0,0,Low,High,Low,No
7183,7183,7184,L54363,L,300.2,310.3,1445,50.9,34,0,0,0,0,0,0,10.100000000000023,0,High,Medium,Low,No
7184,7184,7185,M22044,M,300.2,310.3,1593,36.1,36,0,0,0,0,0,0,10.100000000000023,0,Medium,Medium,Low,No
7185,7185,7186,L54365,L,300.3,310.4,1672,29.2,39,0,0,0,0,0,0,10.099999999999966,0,Medium,High,Low,No
7186,7186,7187,M22046,M,300.4,310.5,1644,31.4,41,0,0,0,0,0,0,10.100000000000023,0,Medium,Medium,Low,No
7187,7187,7188,L54367,L,300.4,310.5,1402,54.3,44,0,0,0,0,0,0,10.100000000000023,0,High,Medium,Low,No
7188,7188,7189,L54368,L,300.4,310.4,1286,56.8,46,0,0,0,0,0,0,10.0,0,High,Medium,Low,No
7189,7189,7190,L54369,L,300.4,310.4,1486,46.3,48,0,0,0,0,0,0,10.0,0,High,Medium,Low,No
7190,7190,7191,L54370,L,300.3,310.3,1345,46.3,50,0,0,0,0,0,0,10.0,0,High,Medium,Low,No
7191,7191,7192,L54371,L,300.3,310.3,1629,34.1,52,0,0,0,0,0,0,10.0,0,Medium,Medium,Low,No
7192,7192,7193,M22052,M,300.2,310.2,1429,43.8,54,0,0,0,0,0,0,10.0,0,Medium,Medium,Low,No
7193,7193,7194,L54373,L,300.1,310.1,1306,64.7,57,0,0,0,0,0,0,10.0,0,High,Medium,Low,No
7194,7194,7195,L54374,L,300.1,310.1,1380,52.6,59,0,0,0,0,0,0,10.0,0,High,Medium,Low,No
7195,7195,7196,M22055,M,300.1,310.1,1443,49.3,61,0,0,0,0,0,0,10.0,0,High,Medium,Low,No
7196,7196,7197,H36610,H,300.1,310.1,1426,42.7,64,0,0,0,0,0,0,10.0,0,Medium,Medium,Low,No
7197,7197,7198,L54377,L,300.0,310.0,1486,41.8,69,0,0,0,0,0,0,10.0,0,Medium,Medium,Low,No
7198,7198,7199,M22058,M,300.0,309.9,1530,34.5,71,0,0,0,0,0,0,9.899999999999977,0,Medium,Medium,Low,No
7199,7199,7200,L54379,L,300.0,309.9,1507,41.4,74,0,0,0,0,0,0,9.899999999999977,0,Medium,Medium,Low,No
7200,7200,7201,L54380,L,300.0,309.9,1608,33.4,76,0,0,0,0,0,0,9.899999999999977,0,Medium,Medium,Low,No
7201,7201,7202,L54381,L,300.0,309.8,1474,40.6,78,0,0,0,0,0,0,9.800000000000011,0,Medium,Medium,Low,No
7202,7202,7203,L54382,L,300.0,309.7,1326,61.9,80,0,0,0,0,0,0,9.699999999999989,0,High,Medium,Low,No
7203,7203,7204,M22063,M,299.8,309.6,1434,48.0,82,0,0,0,0,0,0,9.800000000000011,0,High,Medium,Medium,No
7204,7204,7205,L54384,L,299.8,309.6,1526,41.7,85,0,0,0,0,0,0,9.800000000000011,0,Medium,Medium,Medium,No
7205,7205,7206,L54385,L,299.8,309.7,1483,39.6,87,0,0,0,0,0,0,9.899999999999977,0,Medium,Medium,Medium,No
7206,7206,7207,L54386,L,299.8,309.7,1457,51.9,89,0,0,0,0,0,0,9.899999999999977,0,High,Medium,Medium,No
7207,7207,7208,M22067,M,299.7,309.6,1540,34.4,91,0,0,0,0,0,0,9.900000000000034,0,Medium,Medium,Medium,No
7208,7208,7209,L54388,L,299.8,309.7,1707,29.1,94,0,0,0,0,0,0,9.899999999999977,0,Medium,High,Medium,No
7209,7209,7210,L54389,L,299.8,309.7,1624,34.2,96,0,0,0,0,0,0,9.899999999999977,0,Medium,Medium,Medium,No
7210,7210,7211,M22070,M,299.8,309.6,1331,50.2,98,0,0,0,0,0,0,9.800000000000011,0,High,Medium,Medium,No
7211,7211,7212,L54391,L,299.8,309.7,1431,40.3,101,0,0,0,0,0,0,9.899999999999977,0,Medium,Medium,Medium,No
7212,7212,7213,M22072,M,299.8,309.7,1705,28.5,103,0,0,0,0,0,0,9.899999999999977,0,Medium,High,Medium,No
7213,7213,7214,M22073,M,299.8,309.8,1427,45.2,106,0,0,0,0,0,0,10.0,0,High,Medium,Medium,No
7214,7214,7215,M22074,M,299.9,309.8,1625,41.2,109,0,0,0,0,0,0,9.900000000000034,0,Medium,Medium,Medium,No
7215,7215,7216,L54395,L,299.9,309.8,1477,47.7,112,0,0,0,0,0,0,9.900000000000034,0,High,Medium,Medium,No
7216,7216,7217,M22076,M,300.0,309.9,1651,28.1,114,0,0,0,0,0,0,9.899999999999977,0,Medium,High,Medium,No
7217,7217,7218,L54397,L,299.9,309.8,1716,28.2,117,0,0,0,0,0,0,9.900000000000034,0,Medium,High,Medium,No
7218,7218,7219,H36632,H,299.9,309.8,1400,48.7,119,0,0,0,0,0,0,9.900000000000034,0,High,Medium,Medium,No
7219,7219,7220,M22079,M,299.8,309.7,1556,37.7,124,0,0,0,0,0,0,9.899999999999977,0,Medium,Medium,Medium,No
7220,7220,7221,L54400,L,299.8,309.7,1429,42.6,127,0,0,0,0,0,0,9.899999999999977,0,Medium,Medium,Medium,No
7221,7221,7222,H36635,H,299.7,309.6,1433,49.6,129,0,0,0,0,0,0,9.900000000000034,0,High,Medium,Medium,No
7222,7222,7223,M22082,M,299.8,309.7,1320,61.7,134,0,0,0,0,0,0,9.899999999999977,0,High,Medium,High,No
7223,7223,7224,L54403,L,299.8,309.6,1374,51.6,137,0,0,0,0,0,0,9.800000000000011,0,High,Medium,High,No
7224,7224,7225,L54404,L,299.8,309.6,1598,31.0,139,0,0,0,0,0,0,9.800000000000011,0,Medium,Medium,High,No
7225,7225,7226,M22085,M,299.8,309.7,1910,21.8,141,0,0,0,0,0,0,9.899999999999977,0,Low,High,High,No
7226,7226,7227,L54406,L,299.7,309.6,1399,51.3,144,0,0,0,0,0,0,9.900000000000034,0,High,Medium,High,No
7227,7227,7228,L54407,L,299.7,309.6,1720,27.1,146,0,0,0,0,0,0,9.900000000000034,0,Medium,High,High,No
7228,7228,7229,H36642,H,299.8,309.7,1368,47.4,148,0,0,0,0,0,0,9.899999999999977,0,High,Medium,High,No
7229,7229,7230,L54409,L,299.8,309.8,1749,33.4,153,0,0,0,0,0,0,10.0,0,Medium,High,High,No
7230,7230,7231,L54410,L,299.8,309.8,1542,39.4,155,0,0,0,0,0,0,10.0,0,Medium,Medium,High,No
7231,7231,7232,L54411,L,299.8,309.9,1553,36.6,157,0,0,0,0,0,0,10.099999999999966,0,Medium,Medium,High,No
7232,7232,7233,M22092,M,299.9,309.9,1639,42.1,159,0,0,0,0,0,0,10.0,0,Medium,Medium,High,No
7233,7233,7234,L54413,L,299.9,310.0,1447,45.9,162,0,0,0,0,0,0,10.100000000000023,0,High,Medium,High,No
7234,7234,7235,M22094,M,299.8,310.0,1397,48.1,164,0,0,0,0,0,0,10.199999999999989,0,High,Medium,High,No
7235,7235,7236,L54415,L,299.8,310.0,1361,53.8,167,0,0,0,0,0,0,10.199999999999989,0,High,Medium,High,No
7236,7236,7237,M22096,M,299.8,310.0,1460,37.1,169,0,0,0,0,0,0,10.199999999999989,0,Medium,Medium,High,No
7237,7237,7238,M22097,M,299.8,310.0,1632,33.7,172,0,0,0,0,0,0,10.199999999999989,0,Medium,Medium,High,No
7238,7238,7239,L54418,L,299.8,310.0,1697,36.0,175,0,0,0,0,0,0,10.199999999999989,0,Medium,High,High,No
7239,7239,7240,L54419,L,299.8,310.1,1553,42.0,177,0,0,0,0,0,0,10.300000000000011,0,Medium,Medium,High,No
7240,7240,7241,M22100,M,299.9,310.1,1362,56.3,179,0,0,0,0,0,0,10.200000000000045,0,High,Medium,High,No
7241,7241,7242,M22101,M,299.9,310.0,1484,42.1,182,0,0,0,0,0,0,10.100000000000023,0,Medium,Medium,High,No
7242,7242,7243,H36656,H,299.9,310.1,1447,51.4,185,0,0,0,0,0,0,10.200000000000045,0,High,Medium,High,No
7243,7243,7244,M22103,M,300.0,310.2,1393,51.2,190,0,0,0,0,0,0,10.199999999999989,0,High,Medium,High,No
7244,7244,7245,L54424,L,300.0,310.2,1760,26.9,193,0,0,0,0,0,0,10.199999999999989,0,Medium,High,High,No
7245,7245,7246,L54425,L,300.0,310.1,1477,34.6,195,0,0,0,0,0,0,10.100000000000023,0,Medium,Medium,High,No
7246,7246,7247,L54426,L,299.9,310.1,1681,29.1,197,0,0,0,0,0,0,10.200000000000045,0,Medium,High,High,No
7247,7247,7248,M22107,M,300.0,310.1,1314,53.5,199,0,0,0,0,0,0,10.100000000000023,0,High,Medium,High,No
7248,7248,7249,L54428,L,300.0,310.1,1762,28.0,202,0,0,0,0,0,0,10.100000000000023,0,Medium,High,High,No
7249,7249,7250,L54429,L,299.9,310.0,1402,44.7,204,0,0,0,0,0,0,10.100000000000023,0,Medium,Medium,High,No
7250,7250,7251,M22110,M,300.1,310.2,1429,42.0,206,0,0,0,0,0,0,10.099999999999966,0,Medium,Medium,High,No
7251,7251,7252,M22111,M,300.2,310.3,1448,40.1,209,0,0,0,0,0,0,10.100000000000023,0,Medium,Medium,High,No
7252,7252,7253,H36666,H,300.2,310.4,1501,42.9,212,0,0,0,0,0,0,10.199999999999989,0,Medium,Medium,High,No
7253,7253,7254,L54433,L,300.3,310.5,1522,39.1,217,0,0,0,0,0,0,10.199999999999989,0,Medium,Medium,High,No
7254,7254,7255,L54434,L,300.3,310.4,1493,37.5,219,0,0,0,0,0,0,10.099999999999966,0,Medium,Medium,High,No
7255,7255,7256,M22115,M,300.2,310.3,1704,29.4,221,0,0,0,0,0,0,10.100000000000023,0,Medium,High,High,No
7256,7256,7257,H36670,H,300.2,310.3,1408,42.5,0,0,0,0,0,0,0,10.100000000000023,0,Medium,Medium,Low,No
7257,7257,7258,L54437,L,300.2,310.4,1518,41.8,5,0,0,0,0,0,0,10.199999999999989,0,Medium,Medium,Low,No
7258,7258,7259,L54438,L,300.3,310.4,1742,25.9,7,0,0,0,0,0,0,10.099999999999966,0,High,High,Low,No
7259,7259,7260,M22119,M,300.4,310.5,1500,43.0,9,0,0,0,0,0,0,10.100000000000023,0,Medium,Medium,Low,No
7260,7260,7261,L54440,L,300.4,310.5,2424,14.5,12,0,0,0,0,0,0,10.100000000000023,0,Low,High,Low,No
7261,7261,7262,L54441,L,300.4,310.5,1818,25.1,14,0,0,0,0,0,0,10.100000000000023,0,High,High,Low,No
7262,7262,7263,M22122,M,300.4,310.6,1545,35.6,16,0,0,0,0,0,0,10.200000000000045,0,Medium,Medium,Low,No
7263,7263,7264,L54443,L,300.4,310.6,1429,46.9,19,0,0,0,0,0,0,10.200000000000045,0,High,Medium,Low,No
7264,7264,7265,M22124,M,300.4,310.6,1448,44.9,21,0,0,0,0,0,0,10.200000000000045,0,Medium,Medium,Low,No
7265,7265,7266,L54445,L,300.4,310.6,1384,48.7,24,0,0,0,0,0,0,10.200000000000045,0,High,Medium,Low,No
7266,7266,7267,L54446,L,300.4,310.5,1578,32.8,26,0,0,0,0,0,0,10.100000000000023,0,Medium,Medium,Low,No
7267,7267,7268,L54447,L,300.5,310.5,1695,26.7,28,0,0,0,0,0,0,10.0,0,Medium,High,Low,No
7268,7268,7269,L54448,L,300.5,310.6,1543,36.2,30,0,0,0,0,0,0,10.100000000000023,0,Medium,Medium,Low,No
7269,7269,7270,M22129,M,300.4,310.5,1540,33.4,32,0,0,0,0,0,0,10.100000000000023,0,Medium,Medium,Low,No
7270,7270,7271,L54450,L,300.2,310.4,1808,25.8,35,0,0,0,0,0,0,10.199999999999989,0,High,High,Low,No
7271,7271,7272,M22131,M,300.3,310.4,1293,49.7,37,0,0,0,0,0,0,10.099999999999966,0,High,Medium,Low,No
7272,7272,7273,L54452,L,300.2,310.3,1202,59.5,40,0,0,0,0,0,0,10.100000000000023,0,High,Low,Low,No
7273,7273,7274,M22133,M,300.2,310.3,1704,29.2,42,0,0,0,0,0,0,10.100000000000023,0,Medium,High,Low,No
7274,7274,7275,M22134,M,300.2,310.3,1478,38.1,45,0,0,0,0,0,0,10.100000000000023,0,Medium,Medium,Low,No
7275,7275,7276,L54455,L,300.2,310.3,1514,38.7,48,0,0,0,0,0,0,10.100000000000023,0,Medium,Medium,Low,No
7276,7276,7277,M22136,M,300.1,310.3,1350,48.8,50,0,0,0,0,0,0,10.199999999999989,0,High,Medium,Low,No
7277,7277,7278,L54457,L,300.1,310.2,1475,54.2,53,0,0,0,0,0,0,10.099999999999966,0,High,Medium,Low,No
7278,7278,7279,H36692,H,300.0,310.1,1714,28.7,55,0,0,0,0,0,0,10.100000000000023,0,Medium,High,Low,No
7279,7279,7280,L54459,L,300.0,310.1,1465,40.9,60,0,0,0,0,0,0,10.100000000000023,0,Medium,Medium,Low,No
7280,7280,7281,L54460,L,299.9,310.2,1288,69.6,62,1,0,0,1,0,0,10.300000000000011,1,High,Medium,Low,No
7281,7281,7282,L54461,L,300.0,310.2,1675,29.7,64,0,0,0,0,0,0,10.199999999999989,0,Medium,High,Low,No
7282,7282,7283,L54462,L,300.0,310.2,1486,36.4,66,0,0,0,0,0,0,10.199999999999989,0,Medium,Medium,Low,No
7283,7283,7284,M22143,M,300.0,310.2,1443,58.7,68,0,0,0,0,0,0,10.199999999999989,0,High,Medium,Low,No
7284,7284,7285,M22144,M,300.1,310.3,1345,57.1,71,0,0,0,0,0,0,10.199999999999989,0,High,Medium,Low,No
7285,7285,7286,M22145,M,300.2,310.4,1202,61.7,74,0,0,0,0,0,0,10.199999999999989,0,High,Low,Low,No
7286,7286,7287,M22146,M,300.1,310.4,1480,37.1,77,0,0,0,0,0,0,10.299999999999955,0,Medium,Medium,Low,No
7287,7287,7288,M22147,M,300.2,310.4,1530,35.7,80,0,0,0,0,0,0,10.199999999999989,0,Medium,Medium,Low,No
7288,7288,7289,M22148,M,300.2,310.6,1983,20.8,83,0,0,0,0,0,0,10.400000000000034,0,Low,High,Medium,No
7289,7289,7290,L54469,L,300.3,310.6,1433,53.8,86,0,0,0,0,0,0,10.300000000000011,0,High,Medium,Medium,No
7290,7290,7291,L54470,L,300.3,310.6,1806,24.4,88,0,0,0,0,0,0,10.300000000000011,0,Low,High,Medium,No
7291,7291,7292,L54471,L,300.2,310.5,1416,46.7,90,0,0,0,0,0,0,10.300000000000011,0,High,Medium,Medium,No
7292,7292,7293,M22152,M,300.1,310.4,1556,38.1,92,0,0,0,0,0,0,10.299999999999955,0,Medium,Medium,Medium,No
7293,7293,7294,L54473,L,300.1,310.5,1627,29.2,95,0,0,0,0,0,0,10.399999999999977,0,Medium,Medium,Medium,No
7294,7294,7295,L54474,L,300.1,310.6,1809,24.3,97,0,0,0,0,0,0,10.5,0,Low,High,Medium,No
7295,7295,7296,M22155,M,300.1,310.5,1329,57.4,99,0,0,0,0,0,0,10.399999999999977,0,High,Medium,Medium,No
7296,7296,7297,H36710,H,300.0,310.4,1881,21.9,102,0,0,0,0,0,0,10.399999999999977,0,Low,High,Medium,No
7297,7297,7298,L54477,L,300.1,310.5,1500,39.8,107,0,0,0,0,0,0,10.399999999999977,0,Medium,Medium,Medium,No
7298,7298,7299,L54478,L,300.1,310.5,1532,36.0,109,0,0,0,0,0,0,10.399999999999977,0,Medium,Medium,Medium,No
7299,7299,7300,L54479,L,300.1,310.5,1492,50.9,111,0,0,0,0,0,0,10.399999999999977,0,High,Medium,Medium,No
7300,7300,7301,L54480,L,300.2,310.6,1431,42.3,113,0,0,0,0,0,0,10.400000000000034,0,Medium,Medium,Medium,No
7301,7301,7302,L54481,L,300.1,310.4,1554,39.4,115,0,0,0,0,0,0,10.299999999999955,0,Medium,Medium,Medium,No
7302,7302,7303,L54482,L,300.1,310.5,1494,44.2,117,0,0,0,0,0,0,10.399999999999977,0,Medium,Medium,Medium,No
7303,7303,7304,L54483,L,300.1,310.6,1374,45.4,119,0,0,0,0,0,0,10.5,0,High,Medium,Medium,No
7304,7304,7305,L54484,L,300.1,310.5,1394,44.3,121,0,0,0,0,0,0,10.399999999999977,0,Medium,Medium,Medium,No
7305,7305,7306,M22165,M,300.0,310.5,1790,25.7,123,0,0,0,0,0,0,10.5,0,High,High,Medium,No
7306,7306,7307,L54486,L,300.1,310.5,1356,45.8,126,0,0,0,0,0,0,10.399999999999977,0,High,Medium,Medium,No
7307,7307,7308,M22167,M,300.0,310.4,1385,52.1,128,0,0,0,0,0,0,10.399999999999977,0,High,Medium,Medium,No
7308,7308,7309,L54488,L,300.0,310.4,1333,49.1,131,0,0,0,0,0,0,10.399999999999977,0,High,Medium,High,No
7309,7309,7310,L54489,L,300.0,310.4,1505,44.9,133,0,0,0,0,0,0,10.399999999999977,0,Medium,Medium,High,No
7310,7310,7311,L54490,L,300.0,310.5,1606,33.5,135,0,0,0,0,0,0,10.5,0,Medium,Medium,High,No
7311,7311,7312,H36725,H,300.0,310.5,1558,36.7,137,0,0,0,0,0,0,10.5,0,Medium,Medium,High,No
7312,7312,7313,L54492,L,300.0,310.5,1412,52.4,142,0,0,0,0,0,0,10.5,0,High,Medium,High,No
7313,7313,7314,L54493,L,299.9,310.4,1408,38.4,144,0,0,0,0,0,0,10.5,0,Medium,Medium,High,No
7314,7314,7315,L54494,L,299.9,310.3,1268,53.3,146,0,0,0,0,0,0,10.400000000000034,0,High,Medium,High,No
7315,7315,7316,L54495,L,299.9,310.4,1470,50.0,148,0,0,0,0,0,0,10.5,0,High,Medium,High,No
7316,7316,7317,L54496,L,299.9,310.4,1497,47.0,150,0,0,0,0,0,0,10.5,0,High,Medium,High,No
7317,7317,7318,L54497,L,299.9,310.3,1638,29.1,152,0,0,0,0,0,0,10.400000000000034,0,Medium,Medium,High,No
7318,7318,7319,H36732,H,299.9,310.3,1535,43.9,154,0,0,0,0,0,0,10.400000000000034,0,Medium,Medium,High,No
7319,7319,7320,L54499,L,299.8,310.2,1654,32.7,159,0,0,0,0,0,0,10.399999999999977,0,Medium,High,High,No
7320,7320,7321,H36734,H,299.8,310.2,1411,49.7,161,0,0,0,0,0,0,10.399999999999977,0,High,Medium,High,No
7321,7321,7322,L54501,L,299.8,310.2,1911,23.5,166,0,0,0,0,0,0,10.399999999999977,0,Low,High,High,No
7322,7322,7323,H36736,H,299.8,310.2,1573,33.3,168,0,0,0,0,0,0,10.399999999999977,0,Medium,Medium,High,No
7323,7323,7324,L54503,L,299.9,310.2,1479,46.3,173,0,0,0,0,0,0,10.300000000000011,0,High,Medium,High,No
7324,7324,7325,M22184,M,299.9,310.4,1820,26.6,175,0,0,0,0,0,0,10.5,0,Medium,High,High,No
7325,7325,7326,L54505,L,299.9,310.4,1419,45.7,178,0,0,0,0,0,0,10.5,0,High,Medium,High,No
7326,7326,7327,M22186,M,299.9,310.5,1335,52.9,180,0,0,0,0,0,0,10.600000000000023,0,High,Medium,High,No
7327,7327,7328,M22187,M,299.9,310.5,1576,39.4,183,0,0,0,0,0,0,10.600000000000023,0,Medium,Medium,High,No
7328,7328,7329,L54508,L,300.0,310.5,1517,42.2,186,0,0,0,0,0,0,10.5,0,Medium,Medium,High,No
7329,7329,7330,M22189,M,299.9,310.4,1576,34.3,188,0,0,0,0,0,0,10.5,0,Medium,Medium,High,No
7330,7330,7331,H36744,H,299.8,310.2,1537,36.6,191,0,0,0,0,0,0,10.399999999999977,0,Medium,Medium,High,No
7331,7331,7332,L54511,L,299.8,310.3,1524,34.2,196,0,0,0,0,0,0,10.5,0,Medium,Medium,High,No
7332,7332,7333,M22192,M,299.8,310.3,1805,23.7,198,0,0,0,0,0,0,10.5,0,Low,High,High,No
7333,7333,7334,M22193,M,299.9,310.4,1367,53.3,201,0,0,0,0,0,0,10.5,0,High,Medium,High,No
7334,7334,7335,L54514,L,299.8,310.4,1694,30.3,204,0,0,0,0,0,0,10.599999999999966,0,Medium,High,High,No
7335,7335,7336,L54515,L,299.9,310.4,1328,49.9,206,0,0,0,0,0,0,10.5,0,High,Medium,High,No
7336,7336,7337,H36750,H,299.9,310.5,1549,42.8,208,0,0,0,0,0,0,10.600000000000023,0,Medium,Medium,High,No
7337,7337,7338,L54517,L,299.9,310.5,1539,32.8,213,0,0,0,0,0,0,10.600000000000023,0,Medium,Medium,High,No
7338,7338,7339,L54518,L,299.8,310.5,1496,38.8,215,0,0,0,0,0,0,10.699999999999989,0,Medium,Medium,High,No
7339,7339,7340,L54519,L,299.8,310.4,1579,36.4,0,0,0,0,0,0,0,10.599999999999966,0,Medium,Medium,Low,No
7340,7340,7341,L54520,L,299.7,310.3,1386,46.6,2,0,0,0,0,0,0,10.600000000000023,0,High,Medium,Low,No
7341,7341,7342,L54521,L,299.7,310.3,1505,37.7,4,0,0,0,0,0,0,10.600000000000023,0,Medium,Medium,Low,No
7342,7342,7343,M22202,M,299.7,310.3,1661,34.5,6,0,0,0,0,0,0,10.600000000000023,0,Medium,High,Low,No
7343,7343,7344,L54523,L,299.6,310.2,1468,48.0,9,0,0,0,0,0,0,10.599999999999966,0,High,Medium,Low,No
7344,7344,7345,L54524,L,299.6,310.1,1384,49.8,11,0,0,0,0,0,0,10.5,0,High,Medium,Low,No
7345,7345,7346,L54525,L,299.6,310.2,1381,60.5,13,0,0,0,0,0,0,10.599999999999966,0,High,Medium,Low,No
7346,7346,7347,L54526,L,299.6,310.2,1469,47.0,15,0,0,0,0,0,0,10.599999999999966,0,High,Medium,Low,No
7347,7347,7348,L54527,L,299.6,310.2,1627,36.6,17,0,0,0,0,0,0,10.599999999999966,0,Medium,Medium,Low,No
7348,7348,7349,H36762,H,299.7,310.3,1462,40.4,19,0,0,0,0,0,0,10.600000000000023,0,Medium,Medium,Low,No
7349,7349,7350,L54529,L,299.7,310.2,1633,36.5,24,0,0,0,0,0,0,10.5,0,Medium,Medium,Low,No
7350,7350,7351,L54530,L,299.7,310.2,1469,39.5,26,0,0,0,0,0,0,10.5,0,Medium,Medium,Low,No
7351,7351,7352,L54531,L,299.7,310.2,1458,43.4,28,0,0,0,0,0,0,10.5,0,Medium,Medium,Low,No
7352,7352,7353,M22212,M,299.7,310.2,1440,42.8,30,0,0,0,0,0,0,10.5,0,Medium,Medium,Low,No
7353,7353,7354,L54533,L,299.8,310.3,1687,30.4,33,0,0,0,0,0,0,10.5,0,Medium,High,Low,No
7354,7354,7355,M22214,M,299.7,310.3,1429,47.7,35,0,0,0,0,0,0,10.600000000000023,0,High,Medium,Low,No
7355,7355,7356,L54535,L,299.6,310.2,1588,34.1,38,0,0,0,0,0,0,10.599999999999966,0,Medium,Medium,Low,No
7356,7356,7357,L54536,L,299.6,310.2,1333,51.2,40,0,0,0,0,0,0,10.599999999999966,0,High,Medium,Low,No
7357,7357,7358,L54537,L,299.6,310.1,1487,42.9,42,0,0,0,0,0,0,10.5,0,Medium,Medium,Low,No
7358,7358,7359,M22218,M,299.5,310.1,1659,31.5,44,0,0,0,0,0,0,10.600000000000023,0,Medium,High,Low,No
7359,7359,7360,M22219,M,299.4,310.0,1512,43.2,47,0,0,0,0,0,0,10.600000000000023,0,Medium,Medium,Low,No
7360,7360,7361,L54540,L,299.5,310.1,1585,35.2,50,0,0,0,0,0,0,10.600000000000023,0,Medium,Medium,Low,No
7361,7361,7362,L54541,L,299.5,310.0,1502,38.5,52,0,0,0,0,0,0,10.5,0,Medium,Medium,Low,No
7362,7362,7363,L54542,L,299.5,310.0,1594,35.1,54,0,0,0,0,0,0,10.5,0,Medium,Medium,Low,No
7363,7363,7364,L54543,L,299.5,310.0,1412,48.9,56,0,0,0,0,0,0,10.5,0,High,Medium,Low,No
7364,7364,7365,L54544,L,299.5,309.9,1402,51.7,58,0,0,0,0,0,0,10.399999999999977,0,High,Medium,Low,No
7365,7365,7366,L54545,L,299.6,310.1,2057,20.4,60,0,0,0,0,0,0,10.5,0,Low,High,Low,No
7366,7366,7367,H36780,H,299.6,310.1,1531,36.8,62,0,0,0,0,0,0,10.5,0,Medium,Medium,Low,No
7367,7367,7368,M22227,M,299.5,310.1,1359,61.1,67,0,0,0,0,0,0,10.600000000000023,0,High,Medium,Low,No
7368,7368,7369,M22228,M,299.6,310.2,1620,30.0,70,0,0,0,0,0,0,10.599999999999966,0,Medium,Medium,Low,No
7369,7369,7370,M22229,M,299.6,310.1,1646,29.6,73,0,0,0,0,0,0,10.5,0,Medium,Medium,Low,No
7370,7370,7371,M22230,M,299.6,310.1,1455,46.1,76,0,0,0,0,0,0,10.5,0,High,Medium,Low,No
7371,7371,7372,L54551,L,299.6,310.2,1512,44.0,79,0,0,0,0,0,0,10.599999999999966,0,Medium,Medium,Low,No
7372,7372,7373,L54552,L,299.6,310.2,1473,42.7,81,0,0,0,0,0,0,10.599999999999966,0,Medium,Medium,Medium,No
7373,7373,7374,L54553,L,299.6,310.1,1553,38.0,83,0,0,0,0,0,0,10.5,0,Medium,Medium,Medium,No
7374,7374,7375,L54554,L,299.5,310.0,1379,50.4,85,0,0,0,0,0,0,10.5,0,High,Medium,Medium,No
7375,7375,7376,M22235,M,299.4,309.9,1567,40.6,87,0,0,0,0,0,0,10.5,0,Medium,Medium,Medium,No
7376,7376,7377,L54556,L,299.5,310.0,1481,43.1,90,0,0,0,0,0,0,10.5,0,Medium,Medium,Medium,No
7377,7377,7378,L54557,L,299.5,310.0,1349,52.7,92,0,0,0,0,0,0,10.5,0,High,Medium,Medium,No
7378,7378,7379,L54558,L,299.5,310.0,1388,52.4,94,0,0,0,0,0,0,10.5,0,High,Medium,Medium,No
7379,7379,7380,M22239,M,299.6,310.1,1357,48.7,96,0,0,0,0,0,0,10.5,0,High,Medium,Medium,No
7380,7380,7381,L54560,L,299.6,310.2,1743,24.8,99,0,0,0,0,0,0,10.599999999999966,0,Low,High,Medium,No
7381,7381,7382,L54561,L,299.7,310.3,1495,43.1,101,0,0,0,0,0,0,10.600000000000023,0,Medium,Medium,Medium,No
7382,7382,7383,L54562,L,299.8,310.4,1698,28.3,103,0,0,0,0,0,0,10.599999999999966,0,Medium,High,Medium,No
7383,7383,7384,M22243,M,299.7,310.4,1410,44.5,105,0,0,0,0,0,0,10.699999999999989,0,Medium,Medium,Medium,No
7384,7384,7385,L54564,L,299.7,310.4,1614,36.2,108,0,0,0,0,0,0,10.699999999999989,0,Medium,Medium,Medium,No
7385,7385,7386,M22245,M,299.8,310.5,1375,53.9,110,0,0,0,0,0,0,10.699999999999989,0,High,Medium,Medium,No
7386,7386,7387,M22246,M,299.8,310.6,1574,31.8,113,0,0,0,0,0,0,10.800000000000011,0,Medium,Medium,Medium,No
7387,7387,7388,H36801,H,299.8,310.6,1423,44.6,116,0,0,0,0,0,0,10.800000000000011,0,Medium,Medium,Medium,No
7388,7388,7389,M22248,M,299.8,310.6,1694,31.3,121,0,0,0,0,0,0,10.800000000000011,0,Medium,High,Medium,No
7389,7389,7390,L54569,L,299.8,310.6,1707,32.5,124,0,0,0,0,0,0,10.800000000000011,0,Medium,High,Medium,No
7390,7390,7391,M22250,M,299.7,310.5,1490,41.2,126,0,0,0,0,0,0,10.800000000000011,0,Medium,Medium,Medium,No
7391,7391,7392,L54571,L,299.7,310.6,1675,31.3,129,0,0,0,0,0,0,10.900000000000034,0,Medium,High,Medium,No
7392,7392,7393,M22252,M,299.7,310.5,1492,39.3,131,0,0,0,0,0,0,10.800000000000011,0,Medium,Medium,High,No
7393,7393,7394,M22253,M,299.7,310.5,1594,35.4,134,0,0,0,0,0,0,10.800000000000011,0,Medium,Medium,High,No
7394,7394,7395,L54574,L,299.7,310.6,1479,38.0,137,0,0,0,0,0,0,10.900000000000034,0,Medium,Medium,High,No
7395,7395,7396,M22255,M,299.7,310.6,1572,38.0,139,0,0,0,0,0,0,10.900000000000034,0,Medium,Medium,High,No
7396,7396,7397,L54576,L,299.7,310.6,1616,35.1,142,0,0,0,0,0,0,10.900000000000034,0,Medium,Medium,High,No
7397,7397,7398,L54577,L,299.7,310.6,1737,26.1,144,0,0,0,0,0,0,10.900000000000034,0,Medium,High,High,No
7398,7398,7399,M22258,M,299.7,310.7,1498,37.8,146,0,0,0,0,0,0,11.0,0,Medium,Medium,High,No
7399,7399,7400,L54579,L,299.6,310.6,1642,35.1,149,0,0,0,0,0,0,11.0,0,Medium,Medium,High,No
7400,7400,7401,M22260,M,299.6,310.6,1633,34.2,151,0,0,0,0,0,0,11.0,0,Medium,Medium,High,No
7401,7401,7402,L54581,L,299.8,310.8,1409,51.9,154,0,0,0,0,0,0,11.0,0,High,Medium,High,No
7402,7402,7403,M22262,M,299.8,310.8,1463,43.5,156,0,0,0,0,0,0,11.0,0,Medium,Medium,High,No
7403,7403,7404,L54583,L,299.8,310.8,1376,48.6,159,0,0,0,0,0,0,11.0,0,High,Medium,High,No
7404,7404,7405,L54584,L,299.8,310.8,1553,32.2,161,0,0,0,0,0,0,11.0,0,Medium,Medium,High,No
7405,7405,7406,M22265,M,299.8,310.8,1530,35.2,163,0,0,0,0,0,0,11.0,0,Medium,Medium,High,No
7406,7406,7407,L54586,L,299.8,310.9,1545,40.7,166,0,0,0,0,0,0,11.099999999999966,0,Medium,Medium,High,No
7407,7407,7408,H36821,H,299.8,310.9,1427,47.2,168,0,0,0,0,0,0,11.099999999999966,0,High,Medium,High,No
7408,7408,7409,L54588,L,299.9,310.9,1292,51.1,173,0,0,0,0,0,0,11.0,0,High,Medium,High,No
7409,7409,7410,L54589,L,299.8,310.9,2084,17.6,175,0,0,0,0,0,0,11.099999999999966,0,Low,High,High,No
7410,7410,7411,L54590,L,299.9,311.0,1747,27.6,177,0,0,0,0,0,0,11.100000000000023,0,Medium,High,High,No
7411,7411,7412,L54591,L,300.0,311.1,1425,47.8,179,0,0,0,0,0,0,11.100000000000023,0,High,Medium,High,No
7412,7412,7413,L54592,L,300.0,311.0,1637,33.6,181,0,0,0,0,0,0,11.0,0,Medium,Medium,High,No
7413,7413,7414,M22273,M,300.1,311.1,1616,35.2,183,0,0,0,0,0,0,11.0,0,Medium,Medium,High,No
7414,7414,7415,L54594,L,300.1,311.1,1619,33.4,186,0,0,0,0,0,0,11.0,0,Medium,Medium,High,No
7415,7415,7416,L54595,L,300.1,311.2,1489,39.1,188,0,0,0,0,0,0,11.099999999999966,0,Medium,Medium,High,No
7416,7416,7417,M22276,M,300.1,311.2,1452,42.4,190,0,0,0,0,0,0,11.099999999999966,0,Medium,Medium,High,No
7417,7417,7418,M22277,M,300.1,311.3,1495,41.0,193,0,0,0,0,0,0,11.199999999999989,0,Medium,Medium,High,No
7418,7418,7419,M22278,M,300.2,311.4,1427,39.7,196,0,0,0,0,0,0,11.199999999999989,0,Medium,Medium,High,No
7419,7419,7420,L54599,L,300.1,311.4,1572,36.2,199,0,0,0,0,0,0,11.299999999999955,0,Medium,Medium,High,No
7420,7420,7421,L54600,L,300.1,311.3,1547,40.0,201,0,0,0,0,0,0,11.199999999999989,0,Medium,Medium,High,No
7421,7421,7422,M22281,M,300.1,311.4,1342,48.5,203,0,0,0,0,0,0,11.299999999999955,0,High,Medium,High,No
7422,7422,7423,L54602,L,300.0,311.2,1351,44.1,206,0,0,0,0,0,0,11.199999999999989,0,Medium,Medium,High,No
7423,7423,7424,L54603,L,300.0,311.3,1407,47.3,208,0,0,0,0,0,0,11.300000000000011,0,High,Medium,High,No
7424,7424,7425,M22284,M,300.1,311.4,1575,29.8,210,0,0,0,0,0,0,11.299999999999955,0,Medium,Medium,High,No
7425,7425,7426,M22285,M,300.0,311.4,1791,24.1,213,0,0,0,0,0,0,11.399999999999977,0,Low,High,High,No
7426,7426,7427,M22286,M,300.0,311.4,1692,29.0,216,1,1,0,0,0,0,11.399999999999977,1,Medium,High,High,No
7427,7427,7428,L54607,L,300.0,311.4,1634,31.9,0,0,0,0,0,0,0,11.399999999999977,0,Medium,Medium,Low,No
7428,7428,7429,M22288,M,300.0,311.4,1864,23.3,2,0,0,0,0,0,0,11.399999999999977,0,Low,High,Low,No
7429,7429,7430,L54609,L,300.0,311.4,1590,33.6,5,0,0,0,0,0,0,11.399999999999977,0,Medium,Medium,Low,No
7430,7430,7431,M22290,M,300.0,311.4,1384,46.1,7,0,0,0,0,0,0,11.399999999999977,0,High,Medium,Low,No
7431,7431,7432,M22291,M,300.0,311.4,1352,61.8,10,0,0,0,0,0,0,11.399999999999977,0,High,Medium,Low,No
7432,7432,7433,L54612,L,300.1,311.4,1484,43.1,13,0,0,0,0,0,0,11.299999999999955,0,Medium,Medium,Low,No
7433,7433,7434,M22293,M,300.1,311.4,1913,21.9,15,0,0,0,0,0,0,11.299999999999955,0,Low,High,Low,No
7434,7434,7435,L54614,L,300.0,311.4,1508,38.2,18,0,0,0,0,0,0,11.399999999999977,0,Medium,Medium,Low,No
7435,7435,7436,L54615,L,299.9,311.3,1504,40.7,20,0,0,0,0,0,0,11.400000000000034,0,Medium,Medium,Low,No
7436,7436,7437,L54616,L,300.0,311.4,1487,41.2,22,0,0,0,0,0,0,11.399999999999977,0,Medium,Medium,Low,No
7437,7437,7438,L54617,L,299.8,311.3,1727,30.0,24,0,0,0,0,0,0,11.5,0,Medium,High,Low,No
7438,7438,7439,L54618,L,299.9,311.3,1647,27.5,26,0,0,0,0,0,0,11.400000000000034,0,Medium,Medium,Low,No
7439,7439,7440,L54619,L,300.0,311.3,1493,41.4,28,0,0,0,0,0,0,11.300000000000011,0,Medium,Medium,Low,No
7440,7440,7441,L54620,L,300.0,311.4,1655,29.6,30,0,0,0,0,0,0,11.399999999999977,0,Medium,High,Low,No
7441,7441,7442,M22301,M,299.9,311.4,1337,54.8,32,0,0,0,0,0,0,11.5,0,High,Medium,Low,No
7442,7442,7443,L54622,L,300.0,311.5,1601,36.9,35,0,0,0,0,0,0,11.5,0,Medium,Medium,Low,No
7443,7443,7444,H36857,H,300.1,311.6,1589,37.9,37,0,0,0,0,0,0,11.5,0,Medium,Medium,Low,No
7444,7444,7445,L54624,L,300.2,311.7,1286,55.1,42,0,0,0,0,0,0,11.5,0,High,Medium,Low,No
7445,7445,7446,L54625,L,300.2,311.7,1553,41.3,44,0,0,0,0,0,0,11.5,0,Medium,Medium,Low,No
7446,7446,7447,L54626,L,300.2,311.8,1379,51.0,46,0,0,0,0,0,0,11.600000000000023,0,High,Medium,Low,No
7447,7447,7448,M22307,M,300.3,311.9,1677,30.8,48,0,0,0,0,0,0,11.599999999999966,0,Medium,High,Low,No
7448,7448,7449,L54628,L,300.3,311.8,1488,38.4,51,0,0,0,0,0,0,11.5,0,Medium,Medium,Low,No
7449,7449,7450,L54629,L,300.3,311.8,1418,45.9,53,0,0,0,0,0,0,11.5,0,High,Medium,Low,No
7450,7450,7451,L54630,L,300.3,311.8,1451,41.0,55,0,0,0,0,0,0,11.5,0,Medium,Medium,Low,No
7451,7451,7452,L54631,L,300.3,311.8,1508,43.1,57,0,0,0,0,0,0,11.5,0,Medium,Medium,Low,No
7452,7452,7453,L54632,L,300.3,311.7,1579,33.6,59,0,0,0,0,0,0,11.399999999999977,0,Medium,Medium,Low,No
7453,7453,7454,H36867,H,300.3,311.7,1432,47.7,61,0,0,0,0,0,0,11.399999999999977,0,High,Medium,Low,No
7454,7454,7455,L54634,L,300.2,311.6,1446,47.3,66,0,0,0,0,0,0,11.400000000000034,0,High,Medium,Low,No
7455,7455,7456,M22315,M,300.2,311.7,1597,39.5,68,0,0,0,0,0,0,11.5,0,Medium,Medium,Low,No
7456,7456,7457,M22316,M,300.2,311.7,1397,50.2,71,0,0,0,0,0,0,11.5,0,High,Medium,Low,No
7457,7457,7458,L54637,L,300.1,311.6,1530,36.6,74,0,0,0,0,0,0,11.5,0,Medium,Medium,Low,No
7458,7458,7459,M22318,M,300.1,311.6,1433,51.4,76,0,0,0,0,0,0,11.5,0,High,Medium,Low,No
7459,7459,7460,L54639,L,300.0,311.5,1591,32.0,79,0,0,0,0,0,0,11.5,0,Medium,Medium,Low,No
7460,7460,7461,L54640,L,300.0,311.5,1445,41.6,81,0,0,0,0,0,0,11.5,0,Medium,Medium,Medium,No
7461,7461,7462,L54641,L,300.0,311.5,1749,28.3,83,0,0,0,0,0,0,11.5,0,Medium,High,Medium,No
7462,7462,7463,L54642,L,300.0,311.3,1703,30.4,85,0,0,0,0,0,0,11.300000000000011,0,Medium,High,Medium,No
7463,7463,7464,H36877,H,300.1,311.4,1518,46.9,87,0,0,0,0,0,0,11.299999999999955,0,High,Medium,Medium,No
7464,7464,7465,L54644,L,300.1,311.3,1535,42.3,92,0,0,0,0,0,0,11.199999999999989,0,Medium,Medium,Medium,No
7465,7465,7466,M22325,M,300.1,311.4,1390,52.1,94,0,0,0,0,0,0,11.299999999999955,0,High,Medium,Medium,No
7466,7466,7467,H36880,H,300.3,311.6,1801,23.6,97,0,0,0,0,0,0,11.300000000000011,0,Low,High,Medium,No
7467,7467,7468,H36881,H,300.3,311.6,1463,41.6,102,0,0,0,0,0,0,11.300000000000011,0,Medium,Medium,Medium,No
7468,7468,7469,L54648,L,300.3,311.6,1560,37.7,107,0,0,0,0,0,0,11.300000000000011,0,Medium,Medium,Medium,No
7469,7469,7470,L54649,L,300.3,311.6,1607,33.5,109,0,0,0,0,0,0,11.300000000000011,0,Medium,Medium,Medium,No
7470,7470,7471,L54650,L,300.4,311.6,1332,54.6,111,0,0,0,0,0,0,11.200000000000045,0,High,Medium,Medium,No
7471,7471,7472,L54651,L,300.3,311.7,1365,53.3,113,0,0,0,0,0,0,11.399999999999977,0,High,Medium,Medium,No
7472,7472,7473,M22332,M,300.3,311.6,1617,32.5,115,0,0,0,0,0,0,11.300000000000011,0,Medium,Medium,Medium,No
7473,7473,7474,M22333,M,300.3,311.6,1304,62.8,118,0,0,0,0,0,0,11.300000000000011,0,High,Medium,Medium,No
7474,7474,7475,L54654,L,300.3,311.7,1989,22.3,121,0,0,0,0,0,0,11.399999999999977,0,Low,High,Medium,No
7475,7475,7476,H36889,H,300.3,311.6,1339,53.4,123,0,0,0,0,0,0,11.300000000000011,0,High,Medium,Medium,No
7476,7476,7477,L54656,L,300.2,311.5,1492,41.8,128,0,0,0,0,0,0,11.300000000000011,0,Medium,Medium,Medium,No
7477,7477,7478,M22337,M,300.1,311.3,1518,40.2,130,0,0,0,0,0,0,11.199999999999989,0,Medium,Medium,Medium,No
7478,7478,7479,L54658,L,300.1,311.3,1479,39.5,133,0,0,0,0,0,0,11.199999999999989,0,Medium,Medium,High,No
7479,7479,7480,M22339,M,300.1,311.3,1523,34.1,135,0,0,0,0,0,0,11.199999999999989,0,Medium,Medium,High,No
7480,7480,7481,M22340,M,300.2,311.4,1570,35.3,138,0,0,0,0,0,0,11.199999999999989,0,Medium,Medium,High,No
7481,7481,7482,H36895,H,300.2,311.4,1506,36.1,141,0,0,0,0,0,0,11.199999999999989,0,Medium,Medium,High,No
7482,7482,7483,M22342,M,300.2,311.6,1510,47.5,146,0,0,0,0,0,0,11.400000000000034,0,High,Medium,High,No
7483,7483,7484,L54663,L,300.2,311.6,1671,28.8,149,0,0,0,0,0,0,11.400000000000034,0,Medium,High,High,No
7484,7484,7485,M22344,M,300.3,311.6,1312,53.4,151,0,0,0,0,0,0,11.300000000000011,0,High,Medium,High,No
7485,7485,7486,L54665,L,300.3,311.6,1595,38.8,154,0,0,0,0,0,0,11.300000000000011,0,Medium,Medium,High,No
7486,7486,7487,L54666,L,300.3,311.7,1635,31.8,156,0,0,0,0,0,0,11.399999999999977,0,Medium,Medium,High,No
7487,7487,7488,L54667,L,300.3,311.7,1707,33.6,158,0,0,0,0,0,0,11.399999999999977,0,Medium,High,High,No
7488,7488,7489,L54668,L,300.3,311.7,1545,43.5,160,0,0,0,0,0,1,11.399999999999977,1,Medium,Medium,High,No
7489,7489,7490,M22349,M,300.2,311.6,1751,28.0,162,0,0,0,0,0,0,11.400000000000034,0,Medium,High,High,No
7490,7490,7491,M22350,M,300.4,311.8,1707,30.0,165,0,0,0,0,0,0,11.400000000000034,0,Medium,High,High,No
7491,7491,7492,L54671,L,300.4,311.8,1320,57.9,168,0,0,0,0,0,0,11.400000000000034,0,High,Medium,High,No
7492,7492,7493,M22352,M,300.3,311.7,1319,51.4,170,0,0,0,0,0,0,11.399999999999977,0,High,Medium,High,No
7493,7493,7494,L54673,L,300.2,311.7,1448,54.2,173,0,0,0,0,0,0,11.5,0,High,Medium,High,No
7494,7494,7495,L54674,L,300.2,311.8,1436,48.2,175,0,0,0,0,0,0,11.600000000000023,0,High,Medium,High,No
7495,7495,7496,L54675,L,300.3,311.9,1609,34.0,177,0,0,0,0,0,0,11.599999999999966,0,Medium,Medium,High,No
7496,7496,7497,L54676,L,300.2,311.8,1464,44.5,179,0,0,0,0,0,0,11.600000000000023,0,Medium,Medium,High,No
7497,7497,7498,M22357,M,300.3,311.8,1483,45.1,181,0,0,0,0,0,0,11.5,0,High,Medium,High,No
7498,7498,7499,M22358,M,300.2,311.8,1748,28.5,184,0,0,0,0,0,0,11.600000000000023,0,Medium,High,High,No
7499,7499,7500,L54679,L,300.3,311.8,1746,26.3,187,0,0,0,0,0,0,11.5,0,Medium,High,High,No
7500,7500,7501,L54680,L,300.2,311.8,1410,51.4,189,0,0,0,0,0,0,11.600000000000023,0,High,Medium,High,No
7501,7501,7502,L54681,L,300.2,311.7,1640,30.8,191,0,0,0,0,0,0,11.5,0,Medium,Medium,High,No
7502,7502,7503,H36916,H,300.3,311.7,1655,29.9,193,0,0,0,0,0,0,11.399999999999977,0,Medium,High,High,No
7503,7503,7504,M22363,M,300.3,311.7,1646,28.9,198,0,0,0,0,0,0,11.399999999999977,0,Medium,Medium,High,No
7504,7504,7505,L54684,L,300.4,311.8,1589,42.0,201,0,0,0,0,0,0,11.400000000000034,0,Medium,Medium,High,No
7505,7505,7506,L54685,L,300.5,311.9,1546,39.4,203,0,0,0,0,0,0,11.399999999999977,0,Medium,Medium,High,No
7506,7506,7507,L54686,L,300.5,311.9,1511,41.8,205,0,0,0,0,0,0,11.399999999999977,0,Medium,Medium,High,No
7507,7507,7508,L54687,L,300.5,311.9,1750,28.3,207,0,0,0,0,0,0,11.399999999999977,0,Medium,High,High,No
7508,7508,7509,M22368,M,300.5,311.9,1730,27.5,209,0,0,0,0,0,0,11.399999999999977,0,Medium,High,High,No
7509,7509,7510,L54689,L,300.6,311.9,1372,60.1,212,1,0,0,0,1,0,11.299999999999955,1,High,Medium,High,No
7510,7510,7511,L54690,L,300.5,311.8,1524,38.9,214,1,1,0,0,0,0,11.300000000000011,1,Medium,Medium,High,No
7511,7511,7512,L54691,L,300.4,311.8,1601,36.1,0,0,0,0,0,0,0,11.400000000000034,0,Medium,Medium,Low,No
7512,7512,7513,M22372,M,300.5,311.8,1636,34.4,2,0,0,0,0,0,0,11.300000000000011,0,Medium,Medium,Low,No
7513,7513,7514,L54693,L,300.4,311.8,2261,14.9,5,0,0,0,0,0,0,11.400000000000034,0,Low,High,Low,No
7514,7514,7515,L54694,L,300.4,311.8,1636,32.3,7,0,0,0,0,0,0,11.400000000000034,0,Medium,Medium,Low,No
7515,7515,7516,M22375,M,300.4,311.9,1335,58.3,9,0,0,0,0,0,0,11.5,0,High,Medium,Low,No
7516,7516,7517,M22376,M,300.3,311.7,1236,57.5,12,0,0,0,0,0,0,11.399999999999977,0,High,Low,Low,No
7517,7517,7518,L54697,L,300.3,311.7,1445,47.3,15,0,0,0,0,0,0,11.399999999999977,0,High,Medium,Low,No
7518,7518,7519,L54698,L,300.2,311.5,1500,40.8,17,0,0,0,0,0,0,11.300000000000011,0,Medium,Medium,Low,No
7519,7519,7520,L54699,L,300.2,311.6,1999,21.0,19,0,0,0,0,0,0,11.400000000000034,0,Low,High,Low,No
7520,7520,7521,L54700,L,300.2,311.6,1529,35.5,21,0,0,0,0,0,0,11.400000000000034,0,Medium,Medium,Low,No
7521,7521,7522,M22381,M,300.2,311.6,1467,40.7,23,0,0,0,0,0,0,11.400000000000034,0,Medium,Medium,Low,No
7522,7522,7523,L54702,L,300.1,311.5,1334,54.0,26,0,0,0,0,0,0,11.399999999999977,0,High,Medium,Low,No
7523,7523,7524,M22383,M,300.1,311.5,1343,46.2,28,0,0,0,0,0,0,11.399999999999977,0,High,Medium,Low,No
7524,7524,7525,L54704,L,300.2,311.5,1639,31.1,31,0,0,0,0,0,0,11.300000000000011,0,Medium,Medium,Low,No
7525,7525,7526,H36939,H,300.1,311.5,1383,49.1,33,0,0,0,0,0,0,11.399999999999977,0,High,Medium,Low,No
7526,7526,7527,L54706,L,300.1,311.4,1660,31.4,38,0,0,0,0,0,0,11.299999999999955,0,Medium,High,Low,No
7527,7527,7528,L54707,L,300.1,311.3,1470,45.2,40,0,0,0,0,0,0,11.199999999999989,0,High,Medium,Low,No
7528,7528,7529,M22388,M,300.1,311.3,1748,26.6,42,0,0,0,0,0,0,11.199999999999989,0,Medium,High,Low,No
7529,7529,7530,L54709,L,300.1,311.4,1467,35.7,45,0,0,0,0,0,0,11.299999999999955,0,Medium,Medium,Low,No
7530,7530,7531,M22390,M,300.1,311.4,1617,39.3,47,0,0,0,0,0,0,11.299999999999955,0,Medium,Medium,Low,No
7531,7531,7532,H36945,H,300.1,311.4,1377,56.7,50,0,0,0,0,0,0,11.299999999999955,0,High,Medium,Low,No
7532,7532,7533,M22392,M,300.0,311.3,1629,32.1,55,0,0,0,0,0,0,11.300000000000011,0,Medium,Medium,Low,No
7533,7533,7534,L54713,L,300.0,311.2,1504,37.9,58,0,0,0,0,0,0,11.199999999999989,0,Medium,Medium,Low,No
7534,7534,7535,L54714,L,300.0,311.2,1418,47.3,60,0,0,0,0,0,0,11.199999999999989,0,High,Medium,Low,No
7535,7535,7536,L54715,L,300.0,311.2,1629,31.7,62,0,0,0,0,0,0,11.199999999999989,0,Medium,Medium,Low,No
7536,7536,7537,L54716,L,300.1,311.3,2579,12.5,64,1,0,0,1,0,0,11.199999999999989,1,Low,High,Low,No
7537,7537,7538,L54717,L,300.1,311.3,1305,64.7,66,0,0,0,0,0,0,11.199999999999989,0,High,Medium,Low,No
7538,7538,7539,M22398,M,300.2,311.4,1450,38.5,68,0,0,0,0,0,0,11.199999999999989,0,Medium,Medium,Low,No
7539,7539,7540,L54719,L,300.2,311.3,1487,36.9,71,0,0,0,0,0,0,11.100000000000023,0,Medium,Medium,Low,No
7540,7540,7541,M22400,M,300.2,311.3,1587,31.2,73,0,0,0,0,0,0,11.100000000000023,0,Medium,Medium,Low,No
7541,7541,7542,M22401,M,300.3,311.5,1528,40.9,76,0,0,0,0,0,0,11.199999999999989,0,Medium,Medium,Low,No
7542,7542,7543,M22402,M,300.4,311.6,1401,49.9,79,0,0,0,0,0,0,11.200000000000045,0,High,Medium,Low,No
7543,7543,7544,L54723,L,300.3,311.5,1446,45.0,82,0,0,0,0,0,0,11.199999999999989,0,Medium,Medium,Medium,No
7544,7544,7545,L54724,L,300.2,311.4,1425,44.2,84,0,0,0,0,0,0,11.199999999999989,0,Medium,Medium,Medium,No
7545,7545,7546,L54725,L,300.2,311.4,1891,22.6,86,0,0,0,0,0,0,11.199999999999989,0,Low,High,Medium,No
7546,7546,7547,H36960,H,300.2,311.5,1454,42.8,88,0,0,0,0,0,0,11.300000000000011,0,Medium,Medium,Medium,No
7547,7547,7548,L54727,L,300.1,311.4,1430,40.9,93,0,0,0,0,0,0,11.299999999999955,0,Medium,Medium,Medium,No
7548,7548,7549,L54728,L,300.2,311.4,1495,43.6,95,0,0,0,0,0,0,11.199999999999989,0,Medium,Medium,Medium,No
7549,7549,7550,L54729,L,300.3,311.4,1544,41.6,97,0,0,0,0,0,0,11.099999999999966,0,Medium,Medium,Medium,No
7550,7550,7551,M22410,M,300.3,311.4,1554,34.3,99,0,0,0,0,0,0,11.099999999999966,0,Medium,Medium,Medium,No
7551,7551,7552,M22411,M,300.2,311.3,1491,37.3,102,0,0,0,0,0,0,11.100000000000023,0,Medium,Medium,Medium,No
7552,7552,7553,L54732,L,300.3,311.3,1525,40.7,105,0,0,0,0,0,0,11.0,0,Medium,Medium,Medium,No
7553,7553,7554,L54733,L,300.3,311.3,1505,39.6,107,0,0,0,0,0,0,11.0,0,Medium,Medium,Medium,No
7554,7554,7555,M22414,M,300.3,311.4,1371,50.2,109,0,0,0,0,0,0,11.099999999999966,0,High,Medium,Medium,No
7555,7555,7556,L54735,L,300.3,311.3,1332,60.5,112,0,0,0,0,0,0,11.0,0,High,Medium,Medium,No
7556,7556,7557,L54736,L,300.3,311.4,1471,37.0,114,0,0,0,0,0,0,11.099999999999966,0,Medium,Medium,Medium,No
7557,7557,7558,M22417,M,300.4,311.5,1750,27.3,116,0,0,0,0,0,0,11.100000000000023,0,Medium,High,Medium,No
7558,7558,7559,M22418,M,300.3,311.4,1386,48.1,119,0,0,0,0,0,0,11.099999999999966,0,High,Medium,Medium,No
7559,7559,7560,M22419,M,300.4,311.4,1355,56.2,122,0,0,0,0,0,0,11.0,0,High,Medium,Medium,No
7560,7560,7561,M22420,M,300.3,311.3,1377,53.8,125,0,0,0,0,0,0,11.0,0,High,Medium,Medium,No
7561,7561,7562,L54741,L,300.3,311.1,1388,49.4,128,0,0,0,0,0,0,10.800000000000011,0,High,Medium,Medium,No
7562,7562,7563,M22422,M,300.3,311.1,1350,58.7,130,0,0,0,0,0,0,10.800000000000011,0,High,Medium,Medium,No
7563,7563,7564,M22423,M,300.4,311.2,1831,23.4,133,0,0,0,0,0,0,10.800000000000011,0,Low,High,High,No
7564,7564,7565,M22424,M,300.3,311.2,1381,65.2,136,1,0,0,1,0,0,10.899999999999977,1,High,Medium,High,No
7565,7565,7566,M22425,M,300.3,311.2,1783,25.6,139,0,0,0,0,0,0,10.899999999999977,0,High,High,High,No
7566,7566,7567,L54746,L,300.3,311.0,1613,34.7,142,0,0,0,0,0,0,10.699999999999989,0,Medium,Medium,High,No
7567,7567,7568,M22427,M,300.2,311.0,2370,14.7,144,0,0,0,0,0,0,10.800000000000011,0,Low,High,High,No
7568,7568,7569,L54748,L,300.2,311.0,1627,33.7,147,0,0,0,0,0,0,10.800000000000011,0,Medium,Medium,High,No
7569,7569,7570,L54749,L,300.2,311.0,1255,71.8,149,1,0,0,1,0,0,10.800000000000011,1,High,Medium,High,No
7570,7570,7571,H36984,H,300.2,311.0,1777,27.5,151,0,0,0,0,0,0,10.800000000000011,0,Medium,High,High,No
7571,7571,7572,L54751,L,300.3,311.1,1606,30.9,156,0,0,0,0,0,0,10.800000000000011,0,Medium,Medium,High,No
7572,7572,7573,L54752,L,300.3,311.1,1676,28.6,158,0,0,0,0,0,0,10.800000000000011,0,Medium,High,High,No
7573,7573,7574,L54753,L,300.3,311.1,1605,37.1,160,0,0,0,0,0,0,10.800000000000011,0,Medium,Medium,High,No
7574,7574,7575,L54754,L,300.4,311.1,1487,37.4,162,0,0,0,0,0,0,10.700000000000045,0,Medium,Medium,High,No
7575,7575,7576,L54755,L,300.4,311.2,1471,46.5,164,0,0,0,0,0,0,10.800000000000011,0,High,Medium,High,No
7576,7576,7577,M22436,M,300.3,311.1,1477,44.2,166,0,0,0,0,0,0,10.800000000000011,0,Medium,Medium,High,No
7577,7577,7578,L54757,L,300.4,311.2,1530,32.0,169,0,0,0,0,0,0,10.800000000000011,0,Medium,Medium,High,No
7578,7578,7579,L54758,L,300.4,311.2,1673,28.9,171,0,0,0,0,0,0,10.800000000000011,0,Medium,High,High,No
7579,7579,7580,L54759,L,300.4,311.2,1436,56.8,173,0,0,0,0,0,0,10.800000000000011,0,High,Medium,High,No
7580,7580,7581,L54760,L,300.4,311.3,1495,51.2,175,0,0,0,0,0,0,10.900000000000034,0,High,Medium,High,No
7581,7581,7582,M22441,M,300.4,311.2,1366,56.1,177,0,0,0,0,0,0,10.800000000000011,0,High,Medium,High,No
7582,7582,7583,H36996,H,300.4,311.2,1489,45.3,180,0,0,0,0,0,0,10.800000000000011,0,High,Medium,High,No
7583,7583,7584,L54763,L,300.3,311.1,1480,46.6,185,0,0,0,0,0,0,10.800000000000011,0,High,Medium,High,No
7584,7584,7585,L54764,L,300.4,311.2,1472,37.3,187,0,0,0,0,0,0,10.800000000000011,0,Medium,Medium,High,No
7585,7585,7586,L54765,L,300.4,311.1,1397,50.8,189,0,0,0,0,0,0,10.700000000000045,0,High,Medium,High,No
7586,7586,7587,L54766,L,300.4,311.1,1589,35.5,191,0,0,0,0,0,0,10.700000000000045,0,Medium,Medium,High,No
7587,7587,7588,L54767,L,300.4,311.1,1405,54.1,193,0,0,0,0,0,0,10.700000000000045,0,High,Medium,High,No
7588,7588,7589,L54768,L,300.4,311.1,2013,20.1,195,0,0,0,0,0,0,10.700000000000045,0,Low,High,High,No
7589,7589,7590,L54769,L,300.4,311.0,1802,26.0,197,0,0,0,0,0,0,10.600000000000023,0,Medium,High,High,No
7590,7590,7591,M22450,M,300.4,311.0,1433,46.1,199,0,0,0,0,0,0,10.600000000000023,0,High,Medium,High,No
7591,7591,7592,M22451,M,300.5,311.1,1296,61.3,202,1,0,0,0,1,0,10.600000000000023,1,High,Medium,High,No
7592,7592,7593,M22452,M,300.5,311.2,1551,36.6,205,0,0,0,0,0,0,10.699999999999989,0,Medium,Medium,High,No
7593,7593,7594,L54773,L,300.5,311.2,1270,67.5,208,1,0,0,0,1,0,10.699999999999989,1,High,Medium,High,No
7594,7594,7595,L54774,L,300.6,311.3,1531,38.5,0,0,0,0,0,0,0,10.699999999999989,0,Medium,Medium,Low,No
7595,7595,7596,H37009,H,300.5,311.2,1397,45.2,2,0,0,0,0,0,0,10.699999999999989,0,High,Medium,Low,No
7596,7596,7597,L54776,L,300.5,311.1,1547,37.2,7,0,0,0,0,0,0,10.600000000000023,0,Medium,Medium,Low,No
7597,7597,7598,L54777,L,300.5,311.0,2074,18.9,9,0,0,0,0,0,0,10.5,0,Low,High,Low,No
7598,7598,7599,L54778,L,300.5,311.1,1491,42.6,11,0,0,0,0,0,0,10.600000000000023,0,Medium,Medium,Low,No
7599,7599,7600,L54779,L,300.5,311.0,1759,28.3,13,0,0,0,0,0,0,10.5,0,Medium,High,Low,No
7600,7600,7601,M22460,M,300.4,311.0,1595,35.4,15,0,0,0,0,0,0,10.600000000000023,0,Medium,Medium,Low,No
7601,7601,7602,L54781,L,300.4,311.2,1351,62.0,18,0,0,0,0,0,0,10.800000000000011,0,High,Medium,Low,No
7602,7602,7603,L54782,L,300.4,311.2,1705,28.7,20,0,0,0,0,0,0,10.800000000000011,0,Medium,High,Low,No
7603,7603,7604,L54783,L,300.4,311.2,1406,43.6,22,0,0,0,0,0,0,10.800000000000011,0,Medium,Medium,Low,No
7604,7604,7605,L54784,L,300.4,311.3,1639,34.6,24,0,0,0,0,0,0,10.900000000000034,0,Medium,Medium,Low,No
7605,7605,7606,H37019,H,300.4,311.3,2026,20.3,26,0,0,0,0,0,0,10.900000000000034,0,Low,High,Low,No
7606,7606,7607,M22466,M,300.4,311.3,1350,56.5,31,0,0,0,0,0,0,10.900000000000034,0,High,Medium,Low,No
7607,7607,7608,M22467,M,300.5,311.3,1468,41.1,34,0,0,0,0,0,0,10.800000000000011,0,Medium,Medium,Low,No
7608,7608,7609,L54788,L,300.5,311.4,1642,27.1,37,0,0,0,0,0,0,10.899999999999977,0,Medium,Medium,Low,No
7609,7609,7610,L54789,L,300.5,311.3,1490,41.8,39,0,0,0,0,0,0,10.800000000000011,0,Medium,Medium,Low,No
7610,7610,7611,M22470,M,300.5,311.3,1507,43.4,41,0,0,0,0,0,0,10.800000000000011,0,Medium,Medium,Low,No
7611,7611,7612,L54791,L,300.5,311.4,1611,32.7,44,0,0,0,0,0,0,10.899999999999977,0,Medium,Medium,Low,No
7612,7612,7613,M22472,M,300.5,311.4,1743,27.6,46,0,0,0,0,0,0,10.899999999999977,0,Medium,High,Low,No
7613,7613,7614,L54793,L,300.5,311.3,1475,46.3,49,0,0,0,0,0,0,10.800000000000011,0,High,Medium,Low,No
7614,7614,7615,L54794,L,300.5,311.4,1432,47.5,51,0,0,0,0,0,0,10.899999999999977,0,High,Medium,Low,No
7615,7615,7616,L54795,L,300.5,311.4,1442,47.0,53,0,0,0,0,0,0,10.899999999999977,0,High,Medium,Low,No
7616,7616,7617,M22476,M,300.6,311.4,1468,40.4,55,0,0,0,0,0,0,10.799999999999955,0,Medium,Medium,Low,No
7617,7617,7618,L54797,L,300.5,311.4,1556,45.3,58,0,0,0,0,0,0,10.899999999999977,0,High,Medium,Low,No
7618,7618,7619,M22478,M,300.5,311.4,1312,51.4,60,0,0,0,0,0,0,10.899999999999977,0,High,Medium,Low,No
7619,7619,7620,L54799,L,300.6,311.5,1459,47.0,63,0,0,0,0,0,0,10.899999999999977,0,High,Medium,Low,No
7620,7620,7621,L54800,L,300.5,311.5,1651,36.9,65,0,0,0,0,0,0,11.0,0,Medium,High,Low,No
7621,7621,7622,L54801,L,300.5,311.5,1490,38.4,67,0,0,0,0,0,0,11.0,0,Medium,Medium,Low,No
7622,7622,7623,M22482,M,300.6,311.6,1473,31.5,69,0,0,0,0,0,0,11.0,0,Medium,Medium,Low,No
7623,7623,7624,L54803,L,300.6,311.7,1734,29.9,72,0,0,0,0,0,0,11.099999999999966,0,Medium,High,Low,No
7624,7624,7625,L54804,L,300.6,311.7,1507,45.5,74,0,0,0,0,0,0,11.099999999999966,0,High,Medium,Low,No
7625,7625,7626,L54805,L,300.6,311.7,1556,34.9,76,0,0,0,0,0,0,11.099999999999966,0,Medium,Medium,Low,No
7626,7626,7627,H37040,H,300.5,311.6,1351,53.5,78,0,0,0,0,0,0,11.100000000000023,0,High,Medium,Low,No
7627,7627,7628,L54807,L,300.5,311.7,1445,44.8,83,0,0,0,0,0,0,11.199999999999989,0,Medium,Medium,Medium,No
7628,7628,7629,L54808,L,300.5,311.7,1619,32.7,85,0,0,0,0,0,0,11.199999999999989,0,Medium,Medium,Medium,No
7629,7629,7630,M22489,M,300.5,311.7,1269,64.0,87,0,0,0,0,0,0,11.199999999999989,0,High,Medium,Medium,No
7630,7630,7631,L54810,L,300.5,311.6,1534,37.7,90,0,0,0,0,0,0,11.100000000000023,0,Medium,Medium,Medium,No
7631,7631,7632,L54811,L,300.5,311.6,1444,49.3,92,0,0,0,0,0,0,11.100000000000023,0,High,Medium,Medium,No
7632,7632,7633,L54812,L,300.5,311.6,1744,26.8,94,0,0,0,0,0,0,11.100000000000023,0,Medium,High,Medium,No
7633,7633,7634,L54813,L,300.4,311.5,1441,44.6,96,0,0,0,0,0,0,11.100000000000023,0,Medium,Medium,Medium,No
7634,7634,7635,M22494,M,300.3,311.3,1506,40.7,98,0,0,0,0,0,0,11.0,0,Medium,Medium,Medium,No
7635,7635,7636,L54815,L,300.3,311.4,1526,38.5,101,0,0,0,0,0,0,11.099999999999966,0,Medium,Medium,Medium,No
7636,7636,7637,L54816,L,300.4,311.5,1704,29.7,103,0,0,0,0,0,0,11.100000000000023,0,Medium,High,Medium,No
7637,7637,7638,H37051,H,300.4,311.4,1445,52.4,105,0,0,0,0,0,0,11.0,0,High,Medium,Medium,No
7638,7638,7639,L54818,L,300.5,311.5,1661,35.9,110,0,0,0,0,0,0,11.0,0,Medium,High,Medium,No
7639,7639,7640,L54819,L,300.5,311.4,1466,41.8,112,0,0,0,0,0,0,10.899999999999977,0,Medium,Medium,Medium,No
7640,7640,7641,L54820,L,300.4,311.3,1608,35.1,114,0,0,0,0,0,0,10.900000000000034,0,Medium,Medium,Medium,No
7641,7641,7642,M22501,M,300.4,311.4,1352,57.3,116,0,0,0,0,0,0,11.0,0,High,Medium,Medium,No
7642,7642,7643,M22502,M,300.4,311.4,1604,31.7,119,0,0,0,0,0,0,11.0,0,Medium,Medium,Medium,No
7643,7643,7644,H37057,H,300.4,311.4,1427,50.7,122,0,0,0,0,0,0,11.0,0,High,Medium,Medium,No
7644,7644,7645,L54824,L,300.4,311.4,1424,44.6,127,0,0,0,0,0,0,11.0,0,Medium,Medium,Medium,No
7645,7645,7646,L54825,L,300.4,311.4,1662,29.3,129,0,0,0,0,0,0,11.0,0,Medium,High,Medium,No
7646,7646,7647,L54826,L,300.4,311.4,1936,23.9,131,0,0,0,0,0,0,11.0,0,Low,High,High,No
7647,7647,7648,L54827,L,300.4,311.4,1728,31.7,133,0,0,0,0,0,0,11.0,0,Medium,High,High,No
7648,7648,7649,L54828,L,300.4,311.4,1552,28.8,135,0,0,0,0,0,0,11.0,0,Medium,Medium,High,No
7649,7649,7650,H37063,H,300.4,311.5,1662,29.0,137,0,0,0,0,0,0,11.100000000000023,0,Medium,High,High,No
7650,7650,7651,L54830,L,300.3,311.4,1343,57.7,142,0,0,0,0,0,0,11.099999999999966,0,High,Medium,High,No
7651,7651,7652,M22511,M,300.4,311.5,1476,32.6,144,0,0,0,0,0,0,11.100000000000023,0,Medium,Medium,High,No
7652,7652,7653,L54832,L,300.3,311.4,1346,51.1,147,0,0,0,0,0,0,11.099999999999966,0,High,Medium,High,No
7653,7653,7654,L54833,L,300.4,311.5,1492,44.6,149,0,0,0,0,0,0,11.100000000000023,0,Medium,Medium,High,No
7654,7654,7655,M22514,M,300.3,311.5,1540,41.5,151,0,0,0,0,0,0,11.199999999999989,0,Medium,Medium,High,No
7655,7655,7656,L54835,L,300.4,311.5,1596,32.5,154,0,0,0,0,0,0,11.100000000000023,0,Medium,Medium,High,No
7656,7656,7657,L54836,L,300.5,311.6,1541,47.8,156,0,0,0,0,0,0,11.100000000000023,0,High,Medium,High,No
7657,7657,7658,L54837,L,300.5,311.6,1661,30.0,158,0,0,0,0,0,0,11.100000000000023,0,Medium,High,High,No
7658,7658,7659,M22518,M,300.4,311.6,1359,55.4,160,0,0,0,0,0,0,11.200000000000045,0,High,Medium,High,No
7659,7659,7660,L54839,L,300.5,311.6,1528,42.4,163,0,0,0,0,0,0,11.100000000000023,0,Medium,Medium,High,No
7660,7660,7661,M22520,M,300.5,311.6,1246,52.9,165,0,0,0,0,0,0,11.100000000000023,0,High,Low,High,No
7661,7661,7662,L54841,L,300.5,311.6,1575,32.5,168,0,0,0,0,0,0,11.100000000000023,0,Medium,Medium,High,No
7662,7662,7663,M22522,M,300.5,311.6,1658,30.4,170,0,0,0,0,0,0,11.100000000000023,0,Medium,High,High,No
7663,7663,7664,L54843,L,300.5,311.6,1385,54.8,173,0,0,0,0,0,0,11.100000000000023,0,High,Medium,High,No
7664,7664,7665,H37078,H,300.5,311.7,1454,50.3,175,0,0,0,0,0,0,11.199999999999989,0,High,Medium,High,No
7665,7665,7666,L54845,L,300.5,311.6,1497,40.5,180,0,0,0,0,0,0,11.100000000000023,0,Medium,Medium,High,No
7666,7666,7667,M22526,M,300.6,311.7,1424,50.8,182,0,0,0,0,0,0,11.099999999999966,0,High,Medium,High,No
7667,7667,7668,L54847,L,300.6,311.7,1528,43.9,185,0,0,0,0,0,0,11.099999999999966,0,Medium,Medium,High,No
7668,7668,7669,L54848,L,300.6,311.8,1539,37.0,187,0,0,0,0,0,0,11.199999999999989,0,Medium,Medium,High,No
7669,7669,7670,L54849,L,300.7,311.8,1336,58.4,189,1,0,0,0,1,0,11.100000000000023,1,High,Medium,High,No
7670,7670,7671,L54850,L,300.5,311.6,1525,37.6,191,0,0,0,0,0,0,11.100000000000023,0,Medium,Medium,High,No
7671,7671,7672,M22531,M,300.5,311.6,1456,51.1,193,0,0,0,0,0,0,11.100000000000023,0,High,Medium,High,No
7672,7672,7673,M22532,M,300.5,311.7,2141,17.2,196,0,0,0,0,0,0,11.199999999999989,0,Low,High,High,No
7673,7673,7674,M22533,M,300.5,311.6,1476,39.1,199,0,0,0,0,0,0,11.100000000000023,0,Medium,Medium,High,No
7674,7674,7675,L54854,L,300.5,311.6,1509,47.2,202,0,0,0,0,0,0,11.100000000000023,0,High,Medium,High,No
7675,7675,7676,L54855,L,300.5,311.6,1447,45.4,204,0,0,0,0,0,0,11.100000000000023,0,High,Medium,High,No
7676,7676,7677,L54856,L,300.6,311.7,1448,49.1,206,0,0,0,0,0,0,11.099999999999966,0,High,Medium,High,No
7677,7677,7678,L54857,L,300.6,311.7,1428,52.6,208,0,0,0,0,0,0,11.099999999999966,0,High,Medium,High,No
7678,7678,7679,M22538,M,300.6,311.7,1389,52.1,210,0,0,0,0,0,0,11.099999999999966,0,High,Medium,High,No
7679,7679,7680,L54859,L,300.7,311.7,1635,32.4,213,0,0,0,0,0,0,11.0,0,Medium,Medium,High,No
7680,7680,7681,L54860,L,300.7,311.7,1395,43.7,215,0,0,0,0,0,0,11.0,0,Medium,Medium,High,No
7681,7681,7682,L54861,L,300.7,311.8,1443,43.7,217,0,0,0,0,0,0,11.100000000000023,0,Medium,Medium,High,No
7682,7682,7683,M22542,M,300.7,311.7,1412,49.1,219,0,0,0,0,0,0,11.0,0,High,Medium,High,No
7683,7683,7684,L54863,L,300.7,311.7,1524,43.5,222,0,0,0,0,0,0,11.0,0,Medium,Medium,High,No
7684,7684,7685,M22544,M,300.7,311.8,1407,42.4,224,0,0,0,0,0,0,11.100000000000023,0,Medium,Medium,High,No
7685,7685,7686,L54865,L,300.8,311.7,1397,43.5,227,0,0,0,0,0,0,10.899999999999977,0,Medium,Medium,High,No
7686,7686,7687,M22546,M,300.7,311.7,1504,36.9,229,0,0,0,0,0,0,11.0,0,Medium,Medium,High,No
7687,7687,7688,M22547,M,300.7,311.7,2097,18.9,232,1,1,0,0,0,0,11.0,1,Low,High,High,No
7688,7688,7689,L54868,L,300.6,311.7,1553,39.8,0,0,0,0,0,0,0,11.099999999999966,0,Medium,Medium,Low,No
7689,7689,7690,L54869,L,300.6,311.7,1432,39.2,2,0,0,0,0,0,0,11.099999999999966,0,Medium,Medium,Low,No
7690,7690,7691,M22550,M,300.5,311.6,1577,36.5,4,0,0,0,0,0,0,11.100000000000023,0,Medium,Medium,Low,No
7691,7691,7692,M22551,M,300.5,311.5,1370,56.1,7,0,0,0,0,0,0,11.0,0,High,Medium,Low,No
7692,7692,7693,H37106,H,300.5,311.6,1506,36.2,10,0,0,0,0,0,0,11.100000000000023,0,Medium,Medium,Low,No
7693,7693,7694,L54873,L,300.6,311.6,1964,21.4,15,0,0,0,0,0,0,11.0,0,Low,High,Low,No
7694,7694,7695,H37108,H,300.6,311.7,1500,36.7,17,0,0,0,0,0,0,11.099999999999966,0,Medium,Medium,Low,No
7695,7695,7696,L54875,L,300.6,311.7,1488,47.7,22,0,0,0,0,0,0,11.099999999999966,0,High,Medium,Low,No
7696,7696,7697,H37110,H,300.6,311.5,1282,60.2,24,0,0,0,0,0,0,10.899999999999977,0,High,Medium,Low,No
7697,7697,7698,L54877,L,300.5,311.4,1400,45.1,29,0,0,0,0,0,0,10.899999999999977,0,High,Medium,Low,No
7698,7698,7699,L54878,L,300.6,311.5,1419,38.6,31,0,0,0,0,0,0,10.899999999999977,0,Medium,Medium,Low,No
7699,7699,7700,M22559,M,300.7,311.5,1441,40.6,33,0,0,0,0,0,0,10.800000000000011,0,Medium,Medium,Low,No
7700,7700,7701,M22560,M,300.7,311.6,1348,62.5,36,0,0,0,0,0,0,10.900000000000034,0,High,Medium,Low,No
7701,7701,7702,H37115,H,300.8,311.7,1468,38.7,39,0,0,0,0,0,0,10.899999999999977,0,Medium,Medium,Low,No
7702,7702,7703,M22562,M,300.7,311.7,1701,30.8,44,0,0,0,0,0,0,11.0,0,Medium,High,Low,No
7703,7703,7704,H37117,H,300.7,311.7,1864,23.6,47,0,0,0,0,0,0,11.0,0,Low,High,Low,No
7704,7704,7705,M22564,M,300.6,311.6,1630,31.8,52,0,0,0,0,0,0,11.0,0,Medium,Medium,Low,No
7705,7705,7706,L54885,L,300.5,311.5,1316,49.7,55,0,0,0,0,0,0,11.0,0,High,Medium,Low,No
7706,7706,7707,L54886,L,300.5,311.5,1708,31.2,57,0,0,0,0,0,0,11.0,0,Medium,High,Low,No
7707,7707,7708,H37121,H,300.5,311.4,1679,27.5,59,0,0,0,0,0,0,10.899999999999977,0,Medium,High,Low,No
7708,7708,7709,L54888,L,300.5,311.4,1709,32.3,64,0,0,0,0,0,0,10.899999999999977,0,Medium,High,Low,No
7709,7709,7710,L54889,L,300.5,311.4,1445,41.5,66,0,0,0,0,0,0,10.899999999999977,0,Medium,Medium,Low,No
7710,7710,7711,M22570,M,300.5,311.4,1390,51.9,68,0,0,0,0,0,0,10.899999999999977,0,High,Medium,Low,No
7711,7711,7712,L54891,L,300.4,311.4,1309,55.5,71,0,0,0,0,0,0,11.0,0,High,Medium,Low,No
7712,7712,7713,L54892,L,300.5,311.5,1499,37.6,73,0,0,0,0,0,0,11.0,0,Medium,Medium,Low,No
7713,7713,7714,M22573,M,300.5,311.4,2072,18.8,75,0,0,0,0,0,0,10.899999999999977,0,Low,High,Low,No
7714,7714,7715,L54894,L,300.5,311.5,1487,43.0,78,0,0,0,0,0,0,11.0,0,Medium,Medium,Low,No
7715,7715,7716,L54895,L,300.5,311.5,1302,49.6,80,0,0,0,0,0,0,11.0,0,High,Medium,Low,No
7716,7716,7717,M22576,M,300.5,311.5,1378,48.2,82,0,0,0,0,0,0,11.0,0,High,Medium,Medium,No
7717,7717,7718,L54897,L,300.5,311.6,1365,53.0,85,0,0,0,0,0,0,11.100000000000023,0,High,Medium,Medium,No
7718,7718,7719,H37132,H,300.6,311.7,1427,44.6,87,0,0,0,0,0,0,11.099999999999966,0,Medium,Medium,Medium,No
7719,7719,7720,H37133,H,300.6,311.7,1535,33.3,92,0,0,0,0,0,0,11.099999999999966,0,Medium,Medium,Medium,No
7720,7720,7721,H37134,H,300.5,311.6,1476,41.7,97,0,0,0,0,0,0,11.100000000000023,0,Medium,Medium,Medium,No
7721,7721,7722,L54901,L,300.5,311.6,1425,42.4,102,0,0,0,0,0,0,11.100000000000023,0,Medium,Medium,Medium,No
7722,7722,7723,L54902,L,300.5,311.7,1409,54.7,104,0,0,0,0,0,0,11.199999999999989,0,High,Medium,Medium,No
7723,7723,7724,L54903,L,300.5,311.6,1730,30.2,106,0,0,0,0,0,0,11.100000000000023,0,Medium,High,Medium,No
7724,7724,7725,M22584,M,300.5,311.6,1454,41.4,108,0,0,0,0,0,0,11.100000000000023,0,Medium,Medium,Medium,No
7725,7725,7726,L54905,L,300.6,311.7,1744,26.9,111,0,0,0,0,0,0,11.099999999999966,0,Medium,High,Medium,No
7726,7726,7727,M22586,M,300.8,311.9,1761,29.0,113,0,0,0,0,0,0,11.099999999999966,0,Medium,High,Medium,No
7727,7727,7728,M22587,M,300.7,311.9,1657,30.9,116,0,0,0,0,0,0,11.199999999999989,0,Medium,High,Medium,No
7728,7728,7729,L54908,L,300.7,311.8,1420,47.0,119,0,0,0,0,0,0,11.100000000000023,0,High,Medium,Medium,No
7729,7729,7730,H37143,H,300.7,311.9,1329,59.2,121,0,0,0,0,0,0,11.199999999999989,0,High,Medium,Medium,No
7730,7730,7731,L54910,L,300.6,311.9,1472,44.2,126,0,0,0,0,0,0,11.299999999999955,0,Medium,Medium,Medium,No
7731,7731,7732,L54911,L,300.6,312.0,1566,30.1,128,0,0,0,0,0,0,11.399999999999977,0,Medium,Medium,Medium,No
7732,7732,7733,L54912,L,300.6,312.0,1430,42.7,130,0,0,0,0,0,0,11.399999999999977,0,Medium,Medium,Medium,No
7733,7733,7734,L54913,L,300.6,312.0,1481,40.9,132,0,0,0,0,0,0,11.399999999999977,0,Medium,Medium,High,No
7734,7734,7735,L54914,L,300.6,312.0,1670,29.4,134,0,0,0,0,0,0,11.399999999999977,0,Medium,High,High,No
7735,7735,7736,L54915,L,300.6,312.0,1406,55.1,136,0,0,0,0,0,0,11.399999999999977,0,High,Medium,High,No
7736,7736,7737,H37150,H,300.6,312.1,1354,46.9,138,0,0,0,0,0,0,11.5,0,High,Medium,High,No
7737,7737,7738,M22597,M,300.5,312.0,1985,19.3,143,0,0,0,0,0,0,11.5,0,Low,High,High,No
7738,7738,7739,M22598,M,300.5,312.0,1263,60.8,146,0,0,0,0,0,0,11.5,0,High,Medium,High,No
7739,7739,7740,L54919,L,300.5,311.9,1576,31.1,149,0,0,0,0,0,0,11.399999999999977,0,Medium,Medium,High,No
7740,7740,7741,L54920,L,300.5,312.0,1453,45.1,151,0,0,0,0,0,0,11.5,0,High,Medium,High,No
7741,7741,7742,L54921,L,300.5,312.0,1478,39.0,153,0,0,0,0,0,0,11.5,0,Medium,Medium,High,No
7742,7742,7743,M22602,M,300.5,311.9,1323,57.9,155,0,0,0,0,0,0,11.399999999999977,0,High,Medium,High,No
7743,7743,7744,L54923,L,300.5,311.9,1710,28.4,158,0,0,0,0,0,0,11.399999999999977,0,Medium,High,High,No
7744,7744,7745,L54924,L,300.4,311.7,1314,59.5,160,0,0,0,0,0,0,11.300000000000011,0,High,Medium,High,No
7745,7745,7746,L54925,L,300.4,311.7,1460,39.6,162,0,0,0,0,0,0,11.300000000000011,0,Medium,Medium,High,No
7746,7746,7747,M22606,M,300.4,311.7,1508,45.4,164,0,0,0,0,0,0,11.300000000000011,0,High,Medium,High,No
7747,7747,7748,M22607,M,300.5,311.8,1331,55.3,167,0,0,0,0,0,0,11.300000000000011,0,High,Medium,High,No
7748,7748,7749,L54928,L,300.4,311.7,1515,47.4,170,0,0,0,0,0,0,11.300000000000011,0,High,Medium,High,No
7749,7749,7750,L54929,L,300.4,311.6,1674,33.0,172,0,0,0,0,0,0,11.200000000000045,0,Medium,High,High,No
7750,7750,7751,L54930,L,300.4,311.7,1444,51.2,174,0,0,0,0,0,0,11.300000000000011,0,High,Medium,High,No
7751,7751,7752,M22611,M,300.4,311.7,1398,42.6,176,0,0,0,0,0,0,11.300000000000011,0,Medium,Medium,High,No
7752,7752,7753,M22612,M,300.4,311.7,1832,24.2,179,0,0,0,0,0,0,11.300000000000011,0,Low,High,High,No
7753,7753,7754,M22613,M,300.5,311.8,1591,42.0,182,0,0,0,0,0,0,11.300000000000011,0,Medium,Medium,High,No
7754,7754,7755,M22614,M,300.4,311.7,1478,39.9,185,0,0,0,0,0,0,11.300000000000011,0,Medium,Medium,High,No
7755,7755,7756,M22615,M,300.4,311.8,1362,47.6,188,0,0,0,0,0,0,11.400000000000034,0,High,Medium,High,No
7756,7756,7757,L54936,L,300.5,311.8,1368,57.9,191,1,0,0,0,1,0,11.300000000000011,1,High,Medium,High,No
7757,7757,7758,M22617,M,300.3,311.7,1723,28.3,193,0,0,0,0,0,0,11.399999999999977,0,Medium,High,High,No
7758,7758,7759,L54938,L,300.4,311.8,1689,30.8,196,0,0,0,0,0,0,11.400000000000034,0,Medium,High,High,No
7759,7759,7760,L54939,L,300.4,311.8,1272,59.2,198,1,0,0,0,1,0,11.400000000000034,1,High,Medium,High,No
7760,7760,7761,M22620,M,300.4,311.7,1511,33.0,200,0,0,0,0,0,0,11.300000000000011,0,Medium,Medium,High,No
7761,7761,7762,H37175,H,300.4,311.6,1715,30.8,203,0,0,0,0,0,0,11.200000000000045,0,Medium,High,High,No
7762,7762,7763,M22622,M,300.3,311.5,1400,43.8,0,0,0,0,0,0,0,11.199999999999989,0,Medium,Medium,Low,No
7763,7763,7764,L54943,L,300.4,311.6,1200,76.6,3,1,0,0,1,0,0,11.200000000000045,1,High,Low,Low,No
7764,7764,7765,M22624,M,300.4,311.7,1555,38.7,5,0,0,0,0,0,0,11.300000000000011,0,Medium,Medium,Low,No
7765,7765,7766,H37179,H,300.3,311.6,1427,56.2,8,0,0,0,0,0,0,11.300000000000011,0,High,Medium,Low,No
7766,7766,7767,L54946,L,300.3,311.4,1318,52.7,13,0,0,0,0,0,0,11.099999999999966,0,High,Medium,Low,No
7767,7767,7768,H37181,H,300.2,311.4,1319,54.6,15,0,0,0,0,0,0,11.199999999999989,0,High,Medium,Low,No
7768,7768,7769,M22628,M,300.2,311.4,1960,20.9,20,0,0,0,0,0,0,11.199999999999989,0,Low,High,Low,No
7769,7769,7770,L54949,L,300.3,311.5,1552,38.9,23,0,0,0,0,0,0,11.199999999999989,0,Medium,Medium,Low,No
7770,7770,7771,L54950,L,300.3,311.5,1548,32.2,25,0,0,0,0,0,0,11.199999999999989,0,Medium,Medium,Low,No
7771,7771,7772,L54951,L,300.3,311.6,1709,29.5,27,0,0,0,0,0,0,11.300000000000011,0,Medium,High,Low,No
7772,7772,7773,H37186,H,300.3,311.5,1464,41.0,29,0,0,0,0,0,0,11.199999999999989,0,Medium,Medium,Low,No
7773,7773,7774,L54953,L,300.3,311.4,1759,24.8,34,0,0,0,0,0,0,11.099999999999966,0,Low,High,Low,No
7774,7774,7775,L54954,L,300.3,311.5,1634,31.9,36,0,0,0,0,0,0,11.199999999999989,0,Medium,Medium,Low,No
7775,7775,7776,L54955,L,300.3,311.5,1663,33.6,38,0,0,0,0,0,0,11.199999999999989,0,Medium,High,Low,No
7776,7776,7777,M22636,M,300.3,311.5,1445,47.3,40,0,0,0,0,0,0,11.199999999999989,0,High,Medium,Low,No
7777,7777,7778,L54957,L,300.3,311.5,1695,25.6,43,0,0,0,0,0,0,11.199999999999989,0,High,High,Low,No
7778,7778,7779,L54958,L,300.4,311.6,1517,39.0,45,0,0,0,0,0,0,11.200000000000045,0,Medium,Medium,Low,No
7779,7779,7780,L54959,L,300.5,311.7,1811,26.8,47,0,0,0,0,0,0,11.199999999999989,0,Medium,High,Low,No
7780,7780,7781,L54960,L,300.4,311.6,1815,23.5,49,0,0,0,0,0,0,11.200000000000045,0,Low,High,Low,No
7781,7781,7782,L54961,L,300.4,311.7,1513,40.0,51,0,0,0,0,0,0,11.300000000000011,0,Medium,Medium,Low,No
7782,7782,7783,M22642,M,300.4,311.6,1518,36.4,53,0,0,0,0,0,0,11.200000000000045,0,Medium,Medium,Low,No
7783,7783,7784,L54963,L,300.3,311.5,1667,28.8,56,0,0,0,0,0,0,11.199999999999989,0,Medium,High,Low,No
7784,7784,7785,L54964,L,300.3,311.5,1403,60.1,58,0,0,0,0,0,0,11.199999999999989,0,High,Medium,Low,No
7785,7785,7786,L54965,L,300.2,311.5,1383,42.1,60,0,0,0,0,0,0,11.300000000000011,0,Medium,Medium,Low,No
7786,7786,7787,L54966,L,300.3,311.5,1466,46.2,62,0,0,0,0,0,0,11.199999999999989,0,High,Medium,Low,No
7787,7787,7788,L54967,L,300.3,311.5,1378,47.5,64,0,0,0,0,0,0,11.199999999999989,0,High,Medium,Low,No
7788,7788,7789,M22648,M,300.2,311.5,1547,40.9,66,0,0,0,0,0,0,11.300000000000011,0,Medium,Medium,Low,No
7789,7789,7790,L54969,L,300.2,311.5,1495,38.5,69,0,0,0,0,0,0,11.300000000000011,0,Medium,Medium,Low,No
7790,7790,7791,L54970,L,300.1,311.4,1729,29.3,71,0,0,0,0,0,0,11.299999999999955,0,Medium,High,Low,No
7791,7791,7792,L54971,L,300.1,311.4,1418,47.7,73,0,0,0,0,0,0,11.299999999999955,0,High,Medium,Low,No
7792,7792,7793,H37206,H,300.1,311.4,1485,40.4,75,0,0,0,0,0,0,11.299999999999955,0,Medium,Medium,Low,No
7793,7793,7794,L54973,L,300.1,311.5,1434,40.8,80,0,0,0,0,0,0,11.399999999999977,0,Medium,Medium,Low,No
7794,7794,7795,M22654,M,300.2,311.6,1415,55.8,82,0,0,0,0,0,0,11.400000000000034,0,High,Medium,Medium,No
7795,7795,7796,H37209,H,300.1,311.6,1674,29.6,85,0,0,0,0,0,0,11.5,0,Medium,High,Medium,No
7796,7796,7797,L54976,L,300.1,311.5,1454,52.4,90,0,0,0,0,0,0,11.399999999999977,0,High,Medium,Medium,No
7797,7797,7798,L54977,L,300.0,311.4,1476,39.0,92,0,0,0,0,0,0,11.399999999999977,0,Medium,Medium,Medium,No
7798,7798,7799,L54978,L,300.0,311.5,1812,28.3,94,0,0,0,0,0,0,11.5,0,Medium,High,Medium,No
7799,7799,7800,L54979,L,300.0,311.4,1374,41.9,96,0,0,0,0,0,0,11.399999999999977,0,Medium,Medium,Medium,No
7800,7800,7801,M22660,M,300.1,311.4,1524,40.6,98,0,0,0,0,0,0,11.299999999999955,0,Medium,Medium,Medium,No
7801,7801,7802,L54981,L,300.0,311.4,1383,49.6,101,0,0,0,0,0,0,11.399999999999977,0,High,Medium,Medium,No
7802,7802,7803,L54982,L,299.9,311.3,1429,58.2,103,0,0,0,0,0,0,11.400000000000034,0,High,Medium,Medium,No
7803,7803,7804,M22663,M,299.8,311.3,1517,41.2,105,0,0,0,0,0,0,11.5,0,Medium,Medium,Medium,No
7804,7804,7805,M22664,M,299.9,311.4,1480,44.9,108,0,0,0,0,0,0,11.5,0,Medium,Medium,Medium,No
7805,7805,7806,L54985,L,299.9,311.4,1706,28.8,111,0,0,0,0,0,0,11.5,0,Medium,High,Medium,No
7806,7806,7807,L54986,L,300.0,311.5,1349,48.6,113,0,0,0,0,0,0,11.5,0,High,Medium,Medium,No
7807,7807,7808,M22667,M,300.0,311.5,1451,49.0,115,0,0,0,0,0,0,11.5,0,High,Medium,Medium,No
7808,7808,7809,L54988,L,299.9,311.4,1627,36.7,118,0,0,0,0,0,0,11.5,0,Medium,Medium,Medium,No
7809,7809,7810,M22669,M,300.0,311.4,1537,35.4,120,0,0,0,0,0,0,11.399999999999977,0,Medium,Medium,Medium,No
7810,7810,7811,L54990,L,300.1,311.5,2218,17.0,123,0,0,0,0,0,0,11.399999999999977,0,Low,High,Medium,No
7811,7811,7812,M22671,M,300.0,311.4,1466,39.0,125,0,0,0,0,0,0,11.399999999999977,0,Medium,Medium,Medium,No
7812,7812,7813,L54992,L,300.0,311.5,1666,32.0,128,0,0,0,0,0,0,11.5,0,Medium,High,Medium,No
7813,7813,7814,L54993,L,300.0,311.5,1455,41.7,130,0,0,0,0,0,0,11.5,0,Medium,Medium,Medium,No
7814,7814,7815,L54994,L,300.0,311.4,1927,24.6,132,0,0,0,0,0,0,11.399999999999977,0,Low,High,High,No
7815,7815,7816,M22675,M,299.9,311.3,1703,28.4,134,0,0,0,0,0,0,11.400000000000034,0,Medium,High,High,No
7816,7816,7817,L54996,L,299.8,311.2,1533,35.9,137,0,0,0,0,0,0,11.399999999999977,0,Medium,Medium,High,No
7817,7817,7818,H37231,H,299.8,311.3,1785,25.4,139,0,0,0,0,0,0,11.5,0,High,High,High,No
7818,7818,7819,L54998,L,299.8,311.2,2142,16.6,144,0,0,0,0,0,0,11.399999999999977,0,Low,High,High,No
7819,7819,7820,L54999,L,299.8,311.2,1369,46.2,146,0,0,0,0,0,0,11.399999999999977,0,High,Medium,High,No
7820,7820,7821,M22680,M,299.8,311.2,1706,29.2,148,0,0,0,0,0,0,11.399999999999977,0,Medium,High,High,No
7821,7821,7822,L55001,L,299.9,311.3,1802,24.4,151,0,0,0,0,0,0,11.400000000000034,0,Low,High,High,No
7822,7822,7823,H37236,H,299.9,311.3,1413,41.8,153,0,0,0,0,0,0,11.400000000000034,0,Medium,Medium,High,No
7823,7823,7824,L55003,L,300.0,311.3,1484,53.2,158,0,0,0,0,0,0,11.300000000000011,0,High,Medium,High,No
7824,7824,7825,L55004,L,299.9,311.3,1535,38.1,160,0,0,0,0,0,0,11.400000000000034,0,Medium,Medium,High,No
7825,7825,7826,M22685,M,299.9,311.2,1579,35.5,162,0,0,0,0,0,0,11.300000000000011,0,Medium,Medium,High,No
7826,7826,7827,L55006,L,299.8,311.1,1300,64.2,165,0,0,0,0,0,0,11.300000000000011,0,High,Medium,High,No
7827,7827,7828,M22687,M,299.8,311.1,1452,44.3,167,0,0,0,0,0,0,11.300000000000011,0,Medium,Medium,High,No
7828,7828,7829,M22688,M,299.8,311.1,1562,35.7,170,0,0,0,0,0,0,11.300000000000011,0,Medium,Medium,High,No
7829,7829,7830,L55009,L,299.8,311.2,1664,28.3,173,0,0,0,0,0,0,11.399999999999977,0,Medium,High,High,No
7830,7830,7831,H37244,H,299.9,311.2,1495,35.8,175,0,0,0,0,0,0,11.300000000000011,0,Medium,Medium,High,No
7831,7831,7832,M22691,M,300.0,311.4,1533,42.6,180,0,0,0,0,0,0,11.399999999999977,0,Medium,Medium,High,No
7832,7832,7833,L55012,L,300.0,311.4,1484,37.0,183,0,0,0,0,0,0,11.399999999999977,0,Medium,Medium,High,No
7833,7833,7834,L55013,L,300.0,311.4,1604,38.7,185,0,0,0,0,0,0,11.399999999999977,0,Medium,Medium,High,No
7834,7834,7835,L55014,L,300.0,311.4,1483,45.6,187,0,0,0,0,0,0,11.399999999999977,0,High,Medium,High,No
7835,7835,7836,L55015,L,300.1,311.5,1549,34.7,189,0,0,0,0,0,0,11.399999999999977,0,Medium,Medium,High,No
7836,7836,7837,L55016,L,300.1,311.4,1604,35.0,191,0,0,0,0,0,0,11.299999999999955,0,Medium,Medium,High,No
7837,7837,7838,L55017,L,300.2,311.5,1685,31.0,193,0,0,0,0,0,0,11.300000000000011,0,Medium,High,High,No
7838,7838,7839,L55018,L,300.2,311.6,1372,49.2,195,0,0,0,0,0,0,11.400000000000034,0,High,Medium,High,No
7839,7839,7840,L55019,L,300.3,311.6,1374,47.4,197,0,0,0,0,0,0,11.300000000000011,0,High,Medium,High,No
7840,7840,7841,L55020,L,300.2,311.6,1606,31.0,199,0,0,0,0,0,0,11.400000000000034,0,Medium,Medium,High,No
7841,7841,7842,L55021,L,300.1,311.5,1471,47.2,201,0,0,0,0,0,0,11.399999999999977,0,High,Medium,High,No
7842,7842,7843,L55022,L,300.1,311.5,1659,31.1,203,0,0,0,0,0,0,11.399999999999977,0,Medium,High,High,No
7843,7843,7844,M22703,M,300.1,311.7,1400,48.5,205,0,0,0,0,0,0,11.599999999999966,0,High,Medium,High,No
7844,7844,7845,L55024,L,300.1,311.7,1503,42.6,208,0,0,0,0,0,0,11.599999999999966,0,Medium,Medium,High,No
7845,7845,7846,L55025,L,300.2,311.8,1798,23.2,210,0,0,0,0,0,0,11.600000000000023,0,Low,High,High,No
7846,7846,7847,M22706,M,300.2,311.6,1608,35.0,212,0,0,0,0,0,0,11.400000000000034,0,Medium,Medium,High,No
7847,7847,7848,L55027,L,300.2,311.6,1322,50.9,215,0,0,0,0,0,0,11.400000000000034,0,High,Medium,High,No
7848,7848,7849,H37262,H,300.2,311.6,1547,37.7,217,0,0,0,0,0,0,11.400000000000034,0,Medium,Medium,High,No
7849,7849,7850,M22709,M,300.3,311.7,1374,47.9,222,1,1,0,0,0,0,11.399999999999977,1,High,Medium,High,No
7850,7850,7851,M22710,M,300.3,311.7,1447,36.8,0,0,0,0,0,0,0,11.399999999999977,0,Medium,Medium,Low,No
7851,7851,7852,L55031,L,300.4,311.7,1373,47.2,3,0,0,0,0,0,0,11.300000000000011,0,High,Medium,Low,No
7852,7852,7853,L55032,L,300.3,311.7,1515,37.5,5,0,0,0,0,0,0,11.399999999999977,0,Medium,Medium,Low,No
7853,7853,7854,L55033,L,300.3,311.7,1317,56.5,7,0,0,0,0,0,0,11.399999999999977,0,High,Medium,Low,No
7854,7854,7855,L55034,L,300.3,311.8,1551,37.2,9,0,0,0,0,0,0,11.5,0,Medium,Medium,Low,No
7855,7855,7856,M22715,M,300.3,311.8,1592,32.1,11,0,0,0,0,0,0,11.5,0,Medium,Medium,Low,No
7856,7856,7857,L55036,L,300.4,311.8,1433,42.2,14,0,0,0,0,0,0,11.400000000000034,0,Medium,Medium,Low,No
7857,7857,7858,L55037,L,300.5,311.9,1432,43.1,16,0,0,0,0,0,0,11.399999999999977,0,Medium,Medium,Low,No
7858,7858,7859,L55038,L,300.5,311.9,1350,51.7,18,0,0,0,0,0,0,11.399999999999977,0,High,Medium,Low,No
7859,7859,7860,M22719,M,300.5,311.9,1370,44.8,20,0,0,0,0,0,0,11.399999999999977,0,Medium,Medium,Low,No
7860,7860,7861,L55040,L,300.5,312.0,1415,44.6,23,0,0,0,0,0,0,11.5,0,Medium,Medium,Low,No
7861,7861,7862,L55041,L,300.5,312.0,1498,42.9,25,0,0,0,0,0,0,11.5,0,Medium,Medium,Low,No
7862,7862,7863,M22722,M,300.5,312.0,1382,54.1,27,0,0,0,0,0,0,11.5,0,High,Medium,Low,No
7863,7863,7864,M22723,M,300.5,311.9,1511,44.5,30,0,0,0,0,0,0,11.399999999999977,0,Medium,Medium,Low,No
7864,7864,7865,L55044,L,300.5,311.9,1330,59.5,33,0,0,0,0,0,0,11.399999999999977,0,High,Medium,Low,No
7865,7865,7866,L55045,L,300.5,311.9,1383,50.5,35,0,0,0,0,0,0,11.399999999999977,0,High,Medium,Low,No
7866,7866,7867,L55046,L,300.5,311.9,1431,49.4,37,0,0,0,0,0,0,11.399999999999977,0,High,Medium,Low,No
7867,7867,7868,L55047,L,300.5,312.0,1461,38.1,39,0,0,0,0,0,0,11.5,0,Medium,Medium,Low,No
7868,7868,7869,H37282,H,300.4,311.9,1438,46.7,41,0,0,0,0,0,1,11.5,1,High,Medium,Low,No
7869,7869,7870,M22729,M,300.5,312.0,1779,27.7,46,0,0,0,0,0,0,11.5,0,Medium,High,Low,No
7870,7870,7871,M22730,M,300.6,312.1,1293,52.3,49,0,0,0,0,0,0,11.5,0,High,Medium,Low,No
7871,7871,7872,L55051,L,300.6,312.2,1308,54.7,52,0,0,0,0,0,0,11.599999999999966,0,High,Medium,Low,No
7872,7872,7873,L55052,L,300.6,312.3,1532,37.2,54,0,0,0,0,0,0,11.699999999999989,0,Medium,Medium,Low,No
7873,7873,7874,L55053,L,300.7,312.4,1470,38.6,56,0,0,0,0,0,0,11.699999999999989,0,Medium,Medium,Low,No
7874,7874,7875,L55054,L,300.7,312.3,1548,37.9,58,0,0,0,0,0,0,11.600000000000023,0,Medium,Medium,Low,No
7875,7875,7876,L55055,L,300.7,312.3,1898,24.0,60,0,0,0,0,0,0,11.600000000000023,0,Low,High,Low,No
7876,7876,7877,H37290,H,300.7,312.2,1335,49.0,62,0,0,0,0,0,0,11.5,0,High,Medium,Low,No
7877,7877,7878,L55057,L,300.7,312.3,1420,53.8,67,0,0,0,0,0,0,11.600000000000023,0,High,Medium,Low,No
7878,7878,7879,L55058,L,300.7,312.3,1418,49.0,69,0,0,0,0,0,0,11.600000000000023,0,High,Medium,Low,No
7879,7879,7880,M22739,M,300.8,312.3,1535,40.3,71,0,0,0,0,0,0,11.5,0,Medium,Medium,Low,No
7880,7880,7881,H37294,H,300.7,312.4,1457,47.2,74,0,0,0,0,0,0,11.699999999999989,0,High,Medium,Low,No
7881,7881,7882,L55061,L,300.8,312.4,1493,39.1,79,0,0,0,0,0,0,11.599999999999966,0,Medium,Medium,Low,No
7882,7882,7883,H37296,H,300.7,312.3,1670,27.3,81,0,0,0,0,0,0,11.600000000000023,0,Medium,High,Medium,No
7883,7883,7884,H37297,H,300.7,312.3,1446,45.4,86,0,0,0,0,0,0,11.600000000000023,0,High,Medium,Medium,No
7884,7884,7885,L55064,L,300.8,312.4,1465,59.1,91,1,0,0,1,0,0,11.599999999999966,1,High,Medium,Medium,No
7885,7885,7886,L55065,L,300.7,312.3,1590,36.3,93,0,0,0,0,0,0,11.600000000000023,0,Medium,Medium,Medium,No
7886,7886,7887,M22746,M,300.6,312.2,2174,18.5,95,0,0,0,0,0,0,11.599999999999966,0,Low,High,Medium,No
7887,7887,7888,L55067,L,300.7,312.4,1590,37.9,98,0,0,0,0,0,0,11.699999999999989,0,Medium,Medium,Medium,No
7888,7888,7889,L55068,L,300.7,312.3,1577,33.2,100,0,0,0,0,0,0,11.600000000000023,0,Medium,Medium,Medium,No
7889,7889,7890,M22749,M,300.7,312.4,1371,61.7,102,0,0,0,0,0,0,11.699999999999989,0,High,Medium,Medium,No
7890,7890,7891,L55070,L,300.8,312.4,1767,25.6,105,0,0,0,0,0,0,11.599999999999966,0,High,High,Medium,No
7891,7891,7892,L55071,L,300.8,312.5,1517,39.2,107,0,0,0,0,0,0,11.699999999999989,0,Medium,Medium,Medium,No
7892,7892,7893,M22752,M,300.9,312.6,1555,40.6,109,0,0,0,0,0,0,11.700000000000045,0,Medium,Medium,Medium,No
7893,7893,7894,L55073,L,300.9,312.7,1416,43.8,112,0,0,0,0,0,0,11.800000000000011,0,Medium,Medium,Medium,No
7894,7894,7895,M22754,M,300.8,312.6,1588,35.6,114,0,0,0,0,0,0,11.800000000000011,0,Medium,Medium,Medium,No
7895,7895,7896,L55075,L,300.8,312.6,1422,50.0,117,0,0,0,0,0,0,11.800000000000011,0,High,Medium,Medium,No
7896,7896,7897,L55076,L,300.8,312.6,1376,53.6,119,0,0,0,0,0,0,11.800000000000011,0,High,Medium,Medium,No
7897,7897,7898,L55077,L,300.8,312.5,1434,50.7,121,0,0,0,0,0,0,11.699999999999989,0,High,Medium,Medium,No
7898,7898,7899,L55078,L,300.8,312.5,1423,47.3,123,0,0,0,0,0,0,11.699999999999989,0,High,Medium,Medium,No
7899,7899,7900,L55079,L,300.9,312.4,1364,52.5,125,0,0,0,0,0,0,11.5,0,High,Medium,Medium,No
7900,7900,7901,L55080,L,300.8,312.4,1825,23.8,127,0,0,0,0,0,0,11.599999999999966,0,Low,High,Medium,No
7901,7901,7902,L55081,L,300.8,312.4,1365,44.5,129,0,0,0,0,0,0,11.599999999999966,0,Medium,Medium,Medium,No
7902,7902,7903,M22762,M,300.7,312.3,1430,47.2,131,0,0,0,0,0,0,11.600000000000023,0,High,Medium,High,No
7903,7903,7904,L55083,L,300.8,312.3,1435,44.8,134,0,0,0,0,0,0,11.5,0,Medium,Medium,High,No
7904,7904,7905,M22764,M,300.8,312.4,1811,25.1,136,0,0,0,0,0,0,11.599999999999966,0,High,High,High,No
7905,7905,7906,M22765,M,300.8,312.4,1465,43.7,139,0,0,0,0,0,0,11.599999999999966,0,Medium,Medium,High,No
7906,7906,7907,L55086,L,300.9,312.4,1372,51.0,142,0,0,0,0,0,0,11.5,0,High,Medium,High,No
7907,7907,7908,L55087,L,300.8,312.3,1858,26.3,144,0,0,0,0,0,0,11.5,0,Medium,High,High,No
7908,7908,7909,L55088,L,300.7,312.3,1715,26.8,146,0,0,0,0,0,0,11.600000000000023,0,Medium,High,High,No
7909,7909,7910,L55089,L,300.7,312.2,1590,38.5,148,0,0,0,0,0,0,11.5,0,Medium,Medium,High,No
7910,7910,7911,M22770,M,300.8,312.2,1664,25.7,150,0,0,0,0,0,0,11.399999999999977,0,High,High,High,No
7911,7911,7912,L55091,L,300.7,312.1,1512,36.9,153,0,0,0,0,0,0,11.400000000000034,0,Medium,Medium,High,No
7912,7912,7913,L55092,L,300.7,312.1,1498,44.0,155,0,0,0,0,0,0,11.400000000000034,0,Medium,Medium,High,No
7913,7913,7914,L55093,L,300.7,312.1,1395,41.9,157,0,0,0,0,0,0,11.400000000000034,0,Medium,Medium,High,No
7914,7914,7915,H37328,H,300.7,312.1,1490,43.1,159,0,0,0,0,0,0,11.400000000000034,0,Medium,Medium,High,No
7915,7915,7916,H37329,H,300.8,312.1,1527,35.1,164,0,0,0,0,0,0,11.300000000000011,0,Medium,Medium,High,No
7916,7916,7917,L55096,L,300.8,312.1,1512,37.1,169,0,0,0,0,0,0,11.300000000000011,0,Medium,Medium,High,No
7917,7917,7918,L55097,L,300.9,312.1,1474,42.4,171,0,0,0,0,0,0,11.200000000000045,0,Medium,Medium,High,No
7918,7918,7919,L55098,L,300.8,312.1,1505,41.3,173,0,0,0,0,0,0,11.300000000000011,0,Medium,Medium,High,No
7919,7919,7920,L55099,L,300.8,312.0,1496,40.0,175,0,0,0,0,0,0,11.199999999999989,0,Medium,Medium,High,No
7920,7920,7921,L55100,L,300.8,312.0,1382,49.3,177,0,0,0,0,0,0,11.199999999999989,0,High,Medium,High,No
7921,7921,7922,L55101,L,300.7,311.9,1419,47.7,179,0,0,0,0,0,0,11.199999999999989,0,High,Medium,High,No
7922,7922,7923,L55102,L,300.7,311.9,1462,39.7,181,0,0,0,0,0,0,11.199999999999989,0,Medium,Medium,High,No
7923,7923,7924,M22783,M,300.8,312.0,1450,45.0,183,0,0,0,0,0,0,11.199999999999989,0,Medium,Medium,High,No
7924,7924,7925,H37338,H,300.7,311.9,1389,46.5,186,0,0,0,0,0,0,11.199999999999989,0,High,Medium,High,No
7925,7925,7926,M22785,M,300.7,311.9,1697,28.2,191,0,0,0,0,0,0,11.199999999999989,0,Medium,High,High,No
7926,7926,7927,L55106,L,300.7,311.9,1335,57.1,194,1,0,0,0,1,0,11.199999999999989,1,High,Medium,High,No
7927,7927,7928,L55107,L,300.7,311.9,1476,42.0,196,0,0,0,0,0,0,11.199999999999989,0,Medium,Medium,High,No
7928,7928,7929,L55108,L,300.6,311.7,1497,43.6,198,0,0,0,0,0,0,11.099999999999966,0,Medium,Medium,High,No
7929,7929,7930,M22789,M,300.6,311.6,1669,29.2,200,0,0,0,0,0,0,11.0,0,Medium,High,High,No
7930,7930,7931,L55110,L,300.6,311.6,1455,48.0,203,0,0,0,0,0,0,11.0,0,High,Medium,High,No
7931,7931,7932,L55111,L,300.7,311.7,1499,38.4,205,0,0,0,0,0,0,11.0,0,Medium,Medium,High,No
7932,7932,7933,L55112,L,300.7,311.8,1478,41.9,207,0,0,0,0,0,0,11.100000000000023,0,Medium,Medium,High,No
7933,7933,7934,L55113,L,300.8,311.8,1928,21.8,209,0,0,0,0,0,0,11.0,0,Low,High,High,No
7934,7934,7935,M22794,M,300.8,311.9,1621,28.3,211,0,0,0,0,0,0,11.099999999999966,0,Medium,Medium,High,No
7935,7935,7936,M22795,M,300.8,311.9,1356,44.3,214,0,0,0,0,0,0,11.099999999999966,0,Medium,Medium,High,No
7936,7936,7937,L55116,L,300.8,311.7,1490,46.4,217,0,0,0,0,0,0,10.899999999999977,0,High,Medium,High,No
7937,7937,7938,L55117,L,300.8,311.7,1578,31.4,219,0,0,0,0,0,0,10.899999999999977,0,Medium,Medium,High,No
7938,7938,7939,L55118,L,300.8,311.7,1681,31.3,221,0,0,0,0,0,0,10.899999999999977,0,Medium,High,High,No
7939,7939,7940,L55119,L,300.8,311.8,1417,43.4,223,0,0,0,0,0,0,11.0,0,Medium,Medium,High,No
7940,7940,7941,M22800,M,300.7,311.7,1532,40.0,0,0,0,0,0,0,0,11.0,0,Medium,Medium,Low,No
7941,7941,7942,M22801,M,300.7,311.7,1499,38.9,3,0,0,0,0,0,0,11.0,0,Medium,Medium,Low,No
7942,7942,7943,L55122,L,300.8,311.7,1432,45.8,6,0,0,0,0,0,0,10.899999999999977,0,High,Medium,Low,No
7943,7943,7944,L55123,L,300.8,311.7,1753,29.0,8,0,0,0,0,0,0,10.899999999999977,0,Medium,High,Low,No
7944,7944,7945,L55124,L,300.8,311.7,1414,49.0,10,0,0,0,0,0,0,10.899999999999977,0,High,Medium,Low,No
7945,7945,7946,L55125,L,300.8,311.7,1655,32.2,12,0,0,0,0,0,0,10.899999999999977,0,Medium,High,Low,No
7946,7946,7947,L55126,L,300.8,311.6,1516,35.6,14,0,0,0,0,0,0,10.800000000000011,0,Medium,Medium,Low,No
7947,7947,7948,L55127,L,300.8,311.7,1426,45.5,16,0,0,0,0,0,0,10.899999999999977,0,High,Medium,Low,No
7948,7948,7949,L55128,L,300.8,311.7,1479,39.4,18,0,0,0,0,0,0,10.899999999999977,0,Medium,Medium,Low,No
7949,7949,7950,M22809,M,300.7,311.5,1569,36.4,20,0,0,0,0,0,0,10.800000000000011,0,Medium,Medium,Low,No
7950,7950,7951,L55130,L,300.8,311.6,1568,36.0,23,0,0,0,0,0,0,10.800000000000011,0,Medium,Medium,Low,No
7951,7951,7952,M22811,M,300.9,311.8,1843,24.5,25,0,0,0,0,0,0,10.900000000000034,0,Low,High,Low,No
7952,7952,7953,M22812,M,300.9,311.9,1480,40.9,28,0,0,0,0,0,0,11.0,0,Medium,Medium,Low,No
7953,7953,7954,L55133,L,301.0,312.0,1447,36.8,31,0,0,0,0,0,0,11.0,0,Medium,Medium,Low,No
7954,7954,7955,L55134,L,301.0,311.9,1454,41.9,33,0,0,0,0,0,0,10.899999999999977,0,Medium,Medium,Low,No
7955,7955,7956,M22815,M,300.9,311.9,1310,56.1,35,0,0,0,0,0,0,11.0,0,High,Medium,Low,No
7956,7956,7957,H37370,H,300.9,311.9,1513,38.0,38,0,0,0,0,0,0,11.0,0,Medium,Medium,Low,No
7957,7957,7958,H37371,H,300.9,311.9,2140,16.5,43,0,0,0,0,0,0,11.0,0,Low,High,Low,No
7958,7958,7959,L55138,L,301.0,312.1,1377,49.9,48,0,0,0,0,0,0,11.100000000000023,0,High,Medium,Low,No
7959,7959,7960,L55139,L,301.0,312.1,1585,32.3,50,0,0,0,0,0,0,11.100000000000023,0,Medium,Medium,Low,No
7960,7960,7961,H37374,H,301.1,312.2,1491,42.6,52,0,0,0,0,0,0,11.099999999999966,0,Medium,Medium,Low,No
7961,7961,7962,L55141,L,301.0,312.2,1264,59.0,57,0,0,0,0,0,0,11.199999999999989,0,High,Medium,Low,No
7962,7962,7963,L55142,L,301.0,312.2,1372,47.0,59,0,0,0,0,0,0,11.199999999999989,0,High,Medium,Low,No
7963,7963,7964,L55143,L,301.0,312.2,1510,39.9,61,0,0,0,0,0,0,11.199999999999989,0,Medium,Medium,Low,No
7964,7964,7965,L55144,L,300.9,312.1,1423,40.2,63,0,0,0,0,0,0,11.200000000000045,0,Medium,Medium,Low,No
7965,7965,7966,L55145,L,301.1,312.3,1464,35.3,65,0,0,0,0,0,0,11.199999999999989,0,Medium,Medium,Low,No
7966,7966,7967,L55146,L,301.0,312.2,1602,35.9,67,0,0,0,0,0,0,11.199999999999989,0,Medium,Medium,Low,No
7967,7967,7968,M22827,M,301.0,312.2,1629,32.6,69,0,0,0,0,0,0,11.199999999999989,0,Medium,Medium,Low,No
7968,7968,7969,L55148,L,300.9,312.2,1811,23.2,72,0,0,0,0,0,0,11.300000000000011,0,Low,High,Low,No
7969,7969,7970,L55149,L,300.9,312.1,1711,28.8,74,0,0,0,0,0,0,11.200000000000045,0,Medium,High,Low,No
7970,7970,7971,M22830,M,300.9,312.1,1297,48.6,76,0,0,0,0,0,0,11.200000000000045,0,High,Medium,Low,No
7971,7971,7972,L55151,L,301.0,312.1,1405,46.1,79,0,0,0,0,0,0,11.100000000000023,0,High,Medium,Low,No
7972,7972,7973,L55152,L,301.1,312.2,1397,54.9,81,0,0,0,0,0,0,11.099999999999966,0,High,Medium,Medium,No
7973,7973,7974,L55153,L,301.1,312.3,1682,29.7,83,0,0,0,0,0,0,11.199999999999989,0,Medium,High,Medium,No
7974,7974,7975,L55154,L,301.2,312.3,1528,38.4,85,0,0,0,0,0,0,11.100000000000023,0,Medium,Medium,Medium,No
7975,7975,7976,M22835,M,301.2,312.3,1548,38.3,87,0,0,0,0,0,0,11.100000000000023,0,Medium,Medium,Medium,No
7976,7976,7977,H37390,H,301.2,312.4,1395,47.8,90,0,0,0,0,0,0,11.199999999999989,0,High,Medium,Medium,No
7977,7977,7978,L55157,L,301.2,312.4,1378,59.0,95,0,0,0,0,0,0,11.199999999999989,0,High,Medium,Medium,No
7978,7978,7979,L55158,L,301.2,312.4,1480,53.5,97,0,0,0,0,0,0,11.199999999999989,0,High,Medium,Medium,No
7979,7979,7980,M22839,M,301.2,312.4,1428,36.6,99,0,0,0,0,0,0,11.199999999999989,0,Medium,Medium,Medium,No
7980,7980,7981,M22840,M,301.2,312.4,1505,39.6,102,0,0,0,0,0,0,11.199999999999989,0,Medium,Medium,Medium,No
7981,7981,7982,L55161,L,301.0,312.3,1445,36.4,105,0,0,0,0,0,0,11.300000000000011,0,Medium,Medium,Medium,No
7982,7982,7983,L55162,L,301.0,312.3,1488,42.6,107,0,0,0,0,0,0,11.300000000000011,0,Medium,Medium,Medium,No
7983,7983,7984,L55163,L,301.0,312.2,1601,33.0,109,0,0,0,0,0,0,11.199999999999989,0,Medium,Medium,Medium,No
7984,7984,7985,L55164,L,301.0,312.3,1550,34.9,111,0,0,0,0,0,0,11.300000000000011,0,Medium,Medium,Medium,No
7985,7985,7986,L55165,L,301.0,312.2,1540,34.1,113,0,0,0,0,0,0,11.199999999999989,0,Medium,Medium,Medium,No
7986,7986,7987,L55166,L,301.1,312.3,1587,34.5,115,0,0,0,0,0,0,11.199999999999989,0,Medium,Medium,Medium,No
7987,7987,7988,H37401,H,301.0,312.2,1489,40.3,117,0,0,0,0,0,0,11.199999999999989,0,Medium,Medium,Medium,No
7988,7988,7989,L55168,L,301.1,312.3,1486,34.9,122,0,0,0,0,0,0,11.199999999999989,0,Medium,Medium,Medium,No
7989,7989,7990,L55169,L,301.1,312.4,1430,37.9,124,0,0,0,0,0,0,11.299999999999955,0,Medium,Medium,Medium,No
7990,7990,7991,M22850,M,301.1,312.4,1809,25.1,126,0,0,0,0,0,0,11.299999999999955,0,High,High,Medium,No
7991,7991,7992,L55171,L,301.1,312.3,1534,39.0,129,0,0,0,0,0,0,11.199999999999989,0,Medium,Medium,Medium,No
7992,7992,7993,M22852,M,301.1,312.3,1852,25.9,131,0,0,0,0,0,0,11.199999999999989,0,High,High,High,No
7993,7993,7994,L55173,L,301.1,312.3,1595,31.9,134,0,0,0,0,0,0,11.199999999999989,0,Medium,Medium,High,No
7994,7994,7995,L55174,L,301.0,312.3,1424,43.5,136,0,0,0,0,0,0,11.300000000000011,0,Medium,Medium,High,No
7995,7995,7996,L55175,L,301.0,312.2,1776,28.8,138,0,0,0,0,0,0,11.199999999999989,0,Medium,High,High,No
7996,7996,7997,M22856,M,301.0,312.2,1499,41.5,140,0,0,0,0,0,0,11.199999999999989,0,Medium,Medium,High,No
7997,7997,7998,M22857,M,301.0,312.2,2710,9.7,143,1,0,0,1,0,0,11.199999999999989,1,Low,High,High,No
7998,7998,7999,L55178,L,300.9,312.1,1359,51.7,146,0,0,0,0,0,0,11.200000000000045,0,High,Medium,High,No
7999,7999,8000,M22859,M,300.9,312.1,1617,31.0,148,0,0,0,0,0,0,11.200000000000045,0,Medium,Medium,High,No
8000,8000,8001,M22860,M,300.8,312.0,1443,53.3,151,0,0,0,0,0,0,11.199999999999989,0,High,Medium,High,No
8001,8001,8002,L55181,L,300.8,312.0,1374,50.2,154,0,0,0,0,0,0,11.199999999999989,0,High,Medium,High,No
8002,8002,8003,M22862,M,300.9,312.1,1851,23.0,156,0,0,0,0,0,0,11.200000000000045,0,Low,High,High,No
8003,8003,8004,M22863,M,300.8,312.0,1274,67.3,159,0,0,0,0,0,0,11.199999999999989,0,High,Medium,High,No
8004,8004,8005,L55184,L,300.9,312.0,1533,44.0,162,0,0,0,0,0,0,11.100000000000023,0,Medium,Medium,High,No
8005,8005,8006,L55185,L,300.8,312.0,1477,37.3,164,0,0,0,0,0,0,11.199999999999989,0,Medium,Medium,High,No
8006,8006,8007,L55186,L,300.9,312.1,1462,46.0,166,0,0,0,0,0,0,11.200000000000045,0,High,Medium,High,No
8007,8007,8008,M22867,M,301.0,312.1,1664,28.4,168,0,0,0,0,0,0,11.100000000000023,0,Medium,High,High,No
8008,8008,8009,L55188,L,300.8,311.9,1414,41.1,171,0,0,0,0,0,0,11.099999999999966,0,Medium,Medium,High,No
8009,8009,8010,H37423,H,300.9,312.0,2129,17.8,173,0,0,0,0,0,0,11.100000000000023,0,Low,High,High,No
8010,8010,8011,L55190,L,300.8,311.8,1323,61.1,178,0,0,0,0,0,0,11.0,0,High,Medium,High,No
8011,8011,8012,L55191,L,300.8,311.8,1427,43.3,180,0,0,0,0,0,0,11.0,0,Medium,Medium,High,No
8012,8012,8013,M22872,M,300.9,312.0,1375,56.1,182,0,0,0,0,0,0,11.100000000000023,0,High,Medium,High,No
8013,8013,8014,M22873,M,300.9,312.0,1402,50.7,185,0,0,0,0,0,0,11.100000000000023,0,High,Medium,High,No
8014,8014,8015,L55194,L,300.9,312.0,1500,44.2,188,0,0,0,0,0,0,11.100000000000023,0,Medium,Medium,High,No
8015,8015,8016,M22875,M,301.0,312.0,1558,37.5,190,0,0,0,0,0,0,11.0,0,Medium,Medium,High,No
8016,8016,8017,M22876,M,300.9,312.0,1447,41.4,193,0,0,0,0,0,0,11.100000000000023,0,Medium,Medium,High,No
8017,8017,8018,L55197,L,301.0,312.0,1518,39.3,196,0,0,0,0,0,0,11.0,0,Medium,Medium,High,No
8018,8018,8019,L55198,L,301.0,311.9,1889,23.5,198,0,0,0,0,0,0,10.899999999999977,0,Low,High,High,No
8019,8019,8020,L55199,L,301.0,312.1,1675,30.7,200,0,0,0,0,0,0,11.100000000000023,0,Medium,High,High,No
8020,8020,8021,H37434,H,300.9,312.0,1720,27.9,202,0,0,0,0,0,0,11.100000000000023,0,Medium,High,High,No
8021,8021,8022,M22881,M,301.0,312.0,1499,34.6,207,0,0,0,0,0,0,11.0,0,Medium,Medium,High,No
8022,8022,8023,L55202,L,300.9,312.0,1441,43.8,210,0,0,0,0,0,0,11.100000000000023,0,Medium,Medium,High,No
8023,8023,8024,H37437,H,300.9,312.0,1397,42.7,212,0,0,0,0,0,0,11.100000000000023,0,Medium,Medium,High,No
8024,8024,8025,L55204,L,300.9,312.0,1493,38.7,217,0,0,0,0,0,0,11.100000000000023,0,Medium,Medium,High,No
8025,8025,8026,M22885,M,300.8,312.0,1422,50.7,219,0,0,0,0,0,0,11.199999999999989,0,High,Medium,High,No
8026,8026,8027,L55206,L,300.7,311.9,1399,50.2,222,1,0,0,0,1,0,11.199999999999989,1,High,Medium,High,No
8027,8027,8028,L55207,L,300.6,311.9,1425,44.9,224,0,0,0,0,0,0,11.299999999999955,0,Medium,Medium,High,No
8028,8028,8029,L55208,L,300.6,311.8,1501,44.8,226,0,0,0,0,0,0,11.199999999999989,0,Medium,Medium,High,No
8029,8029,8030,M22889,M,300.6,311.9,1629,35.3,0,0,0,0,0,0,0,11.299999999999955,0,Medium,Medium,Low,No
8030,8030,8031,L55210,L,300.6,312.0,1490,42.2,3,0,0,0,0,0,0,11.399999999999977,0,Medium,Medium,Low,No
8031,8031,8032,L55211,L,300.7,312.0,1550,32.4,5,0,0,0,0,0,0,11.300000000000011,0,Medium,Medium,Low,No
8032,8032,8033,L55212,L,300.8,312.0,1416,46.5,7,0,0,0,0,0,0,11.199999999999989,0,High,Medium,Low,No
8033,8033,8034,L55213,L,300.7,311.9,1485,38.8,9,0,0,0,0,0,0,11.199999999999989,0,Medium,Medium,Low,No
8034,8034,8035,L55214,L,300.7,311.8,1564,36.8,11,0,0,0,0,0,0,11.100000000000023,0,Medium,Medium,Low,No
8035,8035,8036,L55215,L,300.7,311.7,1910,19.7,13,0,0,0,0,0,0,11.0,0,Low,High,Low,No
8036,8036,8037,L55216,L,300.7,311.7,1460,46.1,15,0,0,0,0,0,0,11.0,0,High,Medium,Low,No
8037,8037,8038,L55217,L,300.7,311.8,1603,34.1,17,0,0,0,0,0,0,11.100000000000023,0,Medium,Medium,Low,No
8038,8038,8039,L55218,L,300.7,311.8,1486,47.3,19,0,0,0,0,0,0,11.100000000000023,0,High,Medium,Low,No
8039,8039,8040,L55219,L,300.8,311.9,1560,31.8,21,0,0,0,0,0,0,11.099999999999966,0,Medium,Medium,Low,No
8040,8040,8041,L55220,L,300.8,311.9,1498,39.3,23,0,0,0,0,0,0,11.099999999999966,0,Medium,Medium,Low,No
8041,8041,8042,H37455,H,300.8,311.9,1431,48.5,25,0,0,0,0,0,0,11.099999999999966,0,High,Medium,Low,No
8042,8042,8043,L55222,L,300.8,311.9,1486,45.1,30,0,0,0,0,0,0,11.099999999999966,0,High,Medium,Low,No
8043,8043,8044,L55223,L,300.7,311.9,1486,35.8,32,0,0,0,0,0,0,11.199999999999989,0,Medium,Medium,Low,No
8044,8044,8045,L55224,L,300.7,311.8,1441,38.1,34,0,0,0,0,0,0,11.100000000000023,0,Medium,Medium,Low,No
8045,8045,8046,M22905,M,300.7,311.9,1366,55.1,36,0,0,0,0,0,0,11.199999999999989,0,High,Medium,Low,No
8046,8046,8047,L55226,L,300.6,311.8,1471,41.4,39,0,0,0,0,0,0,11.199999999999989,0,Medium,Medium,Low,No
8047,8047,8048,L55227,L,300.6,311.9,1463,38.2,41,0,0,0,0,0,0,11.299999999999955,0,Medium,Medium,Low,No
8048,8048,8049,L55228,L,300.6,311.9,1413,41.3,43,0,0,0,0,0,0,11.299999999999955,0,Medium,Medium,Low,No
8049,8049,8050,H37463,H,300.6,311.9,1604,30.5,45,0,0,0,0,0,0,11.299999999999955,0,Medium,Medium,Low,No
8050,8050,8051,L55230,L,300.7,312.0,1401,51.1,50,0,0,0,0,0,0,11.300000000000011,0,High,Medium,Low,No
8051,8051,8052,L55231,L,300.6,311.8,1652,27.2,52,0,0,0,0,0,0,11.199999999999989,0,Medium,High,Low,No
8052,8052,8053,L55232,L,300.5,311.9,1403,45.7,54,0,0,0,0,0,0,11.399999999999977,0,High,Medium,Low,No
8053,8053,8054,L55233,L,300.5,311.9,1887,21.7,56,0,0,0,0,0,0,11.399999999999977,0,Low,High,Low,No
8054,8054,8055,L55234,L,300.4,311.8,1405,47.9,58,0,0,0,0,0,0,11.400000000000034,0,High,Medium,Low,No
8055,8055,8056,H37469,H,300.2,311.6,1496,41.1,60,0,0,0,0,0,0,11.400000000000034,0,Medium,Medium,Low,No
8056,8056,8057,L55236,L,300.1,311.5,1499,43.4,65,0,0,0,0,0,0,11.399999999999977,0,Medium,Medium,Low,No
8057,8057,8058,L55237,L,300.2,311.5,1549,37.2,67,0,0,0,0,0,0,11.300000000000011,0,Medium,Medium,Low,No
8058,8058,8059,L55238,L,300.3,311.6,1515,44.9,69,0,0,0,0,0,0,11.300000000000011,0,Medium,Medium,Low,No
8059,8059,8060,L55239,L,300.2,311.6,1540,37.7,71,0,0,0,0,0,0,11.400000000000034,0,Medium,Medium,Low,No
8060,8060,8061,H37474,H,300.2,311.5,1426,44.3,73,0,0,0,0,0,0,11.300000000000011,0,Medium,Medium,Low,No
8061,8061,8062,M22921,M,300.2,311.6,1465,41.4,78,0,0,0,0,0,0,11.400000000000034,0,Medium,Medium,Low,No
8062,8062,8063,M22922,M,300.3,311.6,1359,54.1,81,0,0,0,0,0,0,11.300000000000011,0,High,Medium,Medium,No
8063,8063,8064,M22923,M,300.3,311.7,1551,36.4,84,0,0,0,0,0,0,11.399999999999977,0,Medium,Medium,Medium,No
8064,8064,8065,L55244,L,300.5,311.8,1596,34.8,87,0,0,0,0,0,0,11.300000000000011,0,Medium,Medium,Medium,No
8065,8065,8066,M22925,M,300.5,311.9,1670,26.3,89,0,0,0,0,0,0,11.399999999999977,0,Medium,High,Medium,No
8066,8066,8067,L55246,L,300.4,311.9,1868,21.3,92,0,0,0,0,0,0,11.5,0,Low,High,Medium,No
8067,8067,8068,M22927,M,300.6,312.0,1490,39.8,94,0,0,0,0,0,0,11.399999999999977,0,Medium,Medium,Medium,No
8068,8068,8069,M22928,M,300.5,311.9,1676,35.2,97,0,0,0,0,0,0,11.399999999999977,0,Medium,High,Medium,No
8069,8069,8070,M22929,M,300.5,311.9,1875,22.1,100,0,0,0,0,0,0,11.399999999999977,0,Low,High,Medium,No
8070,8070,8071,M22930,M,300.5,312.0,1867,23.0,103,0,0,0,0,0,0,11.5,0,Low,High,Medium,No
8071,8071,8072,L55251,L,300.5,312.0,1646,29.5,106,0,0,0,0,0,0,11.5,0,Medium,Medium,Medium,No
8072,8072,8073,H37486,H,300.5,312.0,1375,43.2,108,0,0,0,0,0,0,11.5,0,Medium,Medium,Medium,No
8073,8073,8074,L55253,L,300.5,312.0,1558,36.7,113,0,0,0,0,0,0,11.5,0,Medium,Medium,Medium,No
8074,8074,8075,L55254,L,300.4,312.0,1631,34.9,115,0,0,0,0,0,0,11.600000000000023,0,Medium,Medium,Medium,No
8075,8075,8076,L55255,L,300.4,312.0,1366,43.0,117,0,0,0,0,0,0,11.600000000000023,0,Medium,Medium,Medium,No
8076,8076,8077,L55256,L,300.3,311.8,1360,48.0,119,0,0,0,0,0,0,11.5,0,High,Medium,Medium,No
8077,8077,8078,L55257,L,300.3,311.8,1547,39.7,121,0,0,0,0,0,0,11.5,0,Medium,Medium,Medium,No
8078,8078,8079,L55258,L,300.3,311.7,1571,31.2,123,0,0,0,0,0,0,11.399999999999977,0,Medium,Medium,Medium,No
8079,8079,8080,L55259,L,300.2,311.5,1528,36.1,125,0,0,0,0,0,0,11.300000000000011,0,Medium,Medium,Medium,No
8080,8080,8081,H37494,H,300.2,311.5,1432,43.6,127,0,0,0,0,0,0,11.300000000000011,0,Medium,Medium,Medium,No
8081,8081,8082,L55261,L,300.2,311.6,1356,53.5,132,0,0,0,0,0,0,11.400000000000034,0,High,Medium,High,No
8082,8082,8083,H37496,H,300.1,311.5,1422,46.2,134,0,0,0,0,0,0,11.399999999999977,0,High,Medium,High,No
8083,8083,8084,L55263,L,300.1,311.4,1438,42.2,139,0,0,0,0,0,0,11.299999999999955,0,Medium,Medium,High,No
8084,8084,8085,L55264,L,300.2,311.4,1483,44.4,141,0,0,0,0,0,0,11.199999999999989,0,Medium,Medium,High,No
8085,8085,8086,L55265,L,300.2,311.4,1331,49.8,143,0,0,0,0,0,0,11.199999999999989,0,High,Medium,High,No
8086,8086,8087,L55266,L,300.2,311.4,1463,37.5,145,0,0,0,0,0,0,11.199999999999989,0,Medium,Medium,High,No
8087,8087,8088,L55267,L,300.1,311.4,1446,40.6,147,0,0,0,0,0,0,11.299999999999955,0,Medium,Medium,High,No
8088,8088,8089,L55268,L,300.1,311.4,1356,45.7,149,0,0,0,0,0,0,11.299999999999955,0,High,Medium,High,No
8089,8089,8090,L55269,L,300.1,311.3,1676,30.3,151,0,0,0,0,0,0,11.199999999999989,0,Medium,High,High,No
8090,8090,8091,L55270,L,300.1,311.4,1910,23.0,153,0,0,0,0,0,0,11.299999999999955,0,Low,High,High,No
8091,8091,8092,L55271,L,300.2,311.6,1375,56.9,155,0,0,0,0,0,0,11.400000000000034,0,High,Medium,High,No
8092,8092,8093,M22952,M,300.2,311.6,1513,40.8,157,0,0,0,0,0,0,11.400000000000034,0,Medium,Medium,High,No
8093,8093,8094,L55273,L,300.2,311.6,1511,35.7,160,0,0,0,0,0,0,11.400000000000034,0,Medium,Medium,High,No
8094,8094,8095,H37508,H,300.2,311.6,1662,28.8,162,0,0,0,0,0,0,11.400000000000034,0,Medium,High,High,No
8095,8095,8096,L55275,L,300.2,311.7,1493,48.3,167,0,0,0,0,0,0,11.5,0,High,Medium,High,No
8096,8096,8097,M22956,M,300.2,311.7,1555,37.4,169,0,0,0,0,0,0,11.5,0,Medium,Medium,High,No
8097,8097,8098,L55277,L,300.3,311.7,1452,41.5,172,0,0,0,0,0,0,11.399999999999977,0,Medium,Medium,High,No
8098,8098,8099,L55278,L,300.2,311.6,1500,39.0,174,0,0,0,0,0,0,11.400000000000034,0,Medium,Medium,High,No
8099,8099,8100,L55279,L,300.2,311.7,1603,30.5,176,0,0,0,0,0,0,11.5,0,Medium,Medium,High,No
8100,8100,8101,L55280,L,300.3,311.7,1682,27.8,178,0,0,0,0,0,0,11.399999999999977,0,Medium,High,High,No
8101,8101,8102,L55281,L,300.3,311.8,1567,37.7,180,0,0,0,0,0,0,11.5,0,Medium,Medium,High,No
8102,8102,8103,L55282,L,300.3,311.8,1413,46.0,182,0,0,0,0,0,0,11.5,0,High,Medium,High,No
8103,8103,8104,M22963,M,300.3,311.9,1429,41.6,184,0,0,0,0,0,0,11.599999999999966,0,Medium,Medium,High,No
8104,8104,8105,L55284,L,300.3,311.9,1692,31.5,187,0,0,0,0,0,0,11.599999999999966,0,Medium,High,High,No
8105,8105,8106,L55285,L,300.4,311.9,1476,48.7,189,0,0,0,0,0,0,11.5,0,High,Medium,High,No
8106,8106,8107,M22966,M,300.4,312.0,1596,30.4,191,0,0,0,0,0,0,11.600000000000023,0,Medium,Medium,High,No
8107,8107,8108,H37521,H,300.3,311.9,1390,49.0,194,0,0,0,0,0,0,11.599999999999966,0,High,Medium,High,No
8108,8108,8109,M22968,M,300.3,311.8,1607,33.7,199,0,0,0,0,0,0,11.5,0,Medium,Medium,High,No
8109,8109,8110,L55289,L,300.3,311.7,1821,26.3,202,0,0,0,0,0,0,11.399999999999977,0,Medium,High,High,No
8110,8110,8111,H37524,H,300.3,311.8,2141,18.5,204,0,0,0,0,0,0,11.5,0,Low,High,High,No
8111,8111,8112,M22971,M,300.4,311.8,1553,33.1,209,1,1,0,0,0,0,11.400000000000034,1,Medium,Medium,High,No
8112,8112,8113,M22972,M,300.4,311.8,1442,45.1,0,0,0,0,0,0,0,11.400000000000034,0,High,Medium,Low,No
8113,8113,8114,L55293,L,300.4,311.7,1459,45.6,3,0,0,0,0,0,0,11.300000000000011,0,High,Medium,Low,No
8114,8114,8115,H37528,H,300.4,311.8,2496,13.5,5,0,0,0,0,0,0,11.400000000000034,0,Low,High,Low,No
8115,8115,8116,L55295,L,300.4,311.8,1367,57.2,10,0,0,0,0,0,0,11.400000000000034,0,High,Medium,Low,No
8116,8116,8117,L55296,L,300.3,311.8,2004,19.6,12,0,0,0,0,0,0,11.5,0,Low,High,Low,No
8117,8117,8118,L55297,L,300.3,311.7,1406,47.5,14,0,0,0,0,0,0,11.399999999999977,0,High,Medium,Low,No
8118,8118,8119,L55298,L,300.3,311.8,1548,33.0,16,0,0,0,0,0,0,11.5,0,Medium,Medium,Low,No
8119,8119,8120,L55299,L,300.3,311.7,1333,55.2,18,0,0,0,0,0,0,11.399999999999977,0,High,Medium,Low,No
8120,8120,8121,L55300,L,300.2,311.6,1767,26.4,20,0,0,0,0,0,0,11.400000000000034,0,Medium,High,Low,No
8121,8121,8122,L55301,L,300.2,311.6,1827,27.0,22,0,0,0,0,0,0,11.400000000000034,0,Medium,High,Low,No
8122,8122,8123,M22982,M,300.2,311.6,1533,46.4,24,0,0,0,0,0,0,11.400000000000034,0,High,Medium,Low,No
8123,8123,8124,H37537,H,300.2,311.5,1515,36.8,27,0,0,0,0,0,0,11.300000000000011,0,Medium,Medium,Low,No
8124,8124,8125,L55304,L,300.2,311.4,1568,41.0,32,0,0,0,0,0,0,11.199999999999989,0,Medium,Medium,Low,No
8125,8125,8126,L55305,L,300.2,311.4,1452,47.8,34,0,0,0,0,0,0,11.199999999999989,0,High,Medium,Low,No
8126,8126,8127,L55306,L,300.2,311.4,1433,37.9,36,0,0,0,0,0,0,11.199999999999989,0,Medium,Medium,Low,No
8127,8127,8128,M22987,M,300.1,311.3,1650,33.8,38,0,0,0,0,0,0,11.199999999999989,0,Medium,Medium,Low,No
8128,8128,8129,L55308,L,300.1,311.4,1629,31.3,41,0,0,0,0,0,0,11.299999999999955,0,Medium,Medium,Low,No
8129,8129,8130,L55309,L,300.0,311.3,1520,39.2,43,0,0,0,0,0,0,11.300000000000011,0,Medium,Medium,Low,No
8130,8130,8131,H37544,H,300.0,311.2,1393,43.1,45,0,0,0,0,0,0,11.199999999999989,0,Medium,Medium,Low,No
8131,8131,8132,H37545,H,299.9,311.2,1364,49.6,50,0,0,0,0,0,0,11.300000000000011,0,High,Medium,Low,No
8132,8132,8133,M22992,M,299.9,311.3,1389,50.0,55,0,0,0,0,0,0,11.400000000000034,0,High,Medium,Low,No
8133,8133,8134,L55313,L,299.8,311.1,1466,46.1,58,0,0,0,0,0,0,11.300000000000011,0,High,Medium,Low,No
8134,8134,8135,L55314,L,299.7,311.1,1650,32.4,60,0,0,0,0,0,0,11.400000000000034,0,Medium,Medium,Low,No
8135,8135,8136,L55315,L,299.6,311.0,1554,36.3,62,0,0,0,0,0,0,11.399999999999977,0,Medium,Medium,Low,No
8136,8136,8137,M22996,M,299.6,310.9,1474,39.7,64,0,0,0,0,0,0,11.299999999999955,0,Medium,Medium,Low,No
8137,8137,8138,H37551,H,299.5,310.8,1600,32.4,67,0,0,0,0,0,0,11.300000000000011,0,Medium,Medium,Low,No
8138,8138,8139,L55318,L,299.5,310.8,1356,54.9,72,0,0,0,0,0,0,11.300000000000011,0,High,Medium,Low,No
8139,8139,8140,L55319,L,299.5,310.8,1571,38.2,74,0,0,0,0,0,0,11.300000000000011,0,Medium,Medium,Low,No
8140,8140,8141,L55320,L,299.6,310.9,1658,28.0,76,0,0,0,0,0,0,11.299999999999955,0,Medium,High,Low,No
8141,8141,8142,L55321,L,299.6,310.8,1393,49.9,78,0,0,0,0,0,0,11.199999999999989,0,High,Medium,Low,No
8142,8142,8143,M23002,M,299.7,311.0,1448,49.8,80,0,0,0,0,0,0,11.300000000000011,0,High,Medium,Low,No
8143,8143,8144,L55323,L,299.7,310.9,1477,40.4,83,0,0,0,0,0,0,11.199999999999989,0,Medium,Medium,Medium,No
8144,8144,8145,M23004,M,299.7,311.0,1506,42.7,85,0,0,0,0,0,0,11.300000000000011,0,Medium,Medium,Medium,No
8145,8145,8146,M23005,M,299.7,310.9,1685,32.1,88,0,0,0,0,0,0,11.199999999999989,0,Medium,High,Medium,No
8146,8146,8147,L55326,L,299.6,310.9,1533,31.8,91,0,0,0,0,0,0,11.299999999999955,0,Medium,Medium,Medium,No
8147,8147,8148,L55327,L,299.5,310.8,1447,41.0,93,0,0,0,0,0,0,11.300000000000011,0,Medium,Medium,Medium,No
8148,8148,8149,M23008,M,299.5,310.7,1488,39.5,95,0,0,0,0,0,0,11.199999999999989,0,Medium,Medium,Medium,No
8149,8149,8150,M23009,M,299.6,310.8,1427,50.4,98,0,0,0,0,0,0,11.199999999999989,0,High,Medium,Medium,No
8150,8150,8151,M23010,M,299.5,310.7,1424,41.3,101,0,0,0,0,0,0,11.199999999999989,0,Medium,Medium,Medium,No
8151,8151,8152,L55331,L,299.5,310.7,1472,40.9,104,0,0,0,0,0,0,11.199999999999989,0,Medium,Medium,Medium,No
8152,8152,8153,L55332,L,299.5,310.7,1438,45.7,106,0,0,0,0,0,0,11.199999999999989,0,High,Medium,Medium,No
8153,8153,8154,L55333,L,299.6,310.8,1507,42.4,108,0,0,0,0,0,0,11.199999999999989,0,Medium,Medium,Medium,No
8154,8154,8155,L55334,L,299.6,310.7,1393,52.1,110,0,0,0,0,0,0,11.099999999999966,0,High,Medium,Medium,No
8155,8155,8156,L55335,L,299.5,310.8,1283,52.4,112,0,0,0,0,0,0,11.300000000000011,0,High,Medium,Medium,No
8156,8156,8157,L55336,L,299.6,310.8,1644,30.9,114,0,0,0,0,0,0,11.199999999999989,0,Medium,Medium,Medium,No
8157,8157,8158,L55337,L,299.6,310.8,1498,46.9,116,0,0,0,0,0,0,11.199999999999989,0,High,Medium,Medium,No
8158,8158,8159,L55338,L,299.6,310.8,1400,40.8,118,0,0,0,0,0,0,11.199999999999989,0,Medium,Medium,Medium,No
8159,8159,8160,H37573,H,299.6,310.9,1679,31.2,120,0,0,0,0,0,0,11.299999999999955,0,Medium,High,Medium,No
8160,8160,8161,M23020,M,299.7,311.1,1618,30.3,125,0,0,0,0,0,0,11.400000000000034,0,Medium,Medium,Medium,No
8161,8161,8162,H37575,H,299.6,311.0,1714,30.2,128,0,0,0,0,0,0,11.399999999999977,0,Medium,High,Medium,No
8162,8162,8163,L55342,L,299.6,311.0,1574,35.0,133,0,0,0,0,0,0,11.399999999999977,0,Medium,Medium,High,No
8163,8163,8164,L55343,L,299.7,311.1,1574,36.4,135,0,0,0,0,0,0,11.400000000000034,0,Medium,Medium,High,No
8164,8164,8165,L55344,L,299.6,310.9,1472,40.9,137,0,0,0,0,0,0,11.299999999999955,0,Medium,Medium,High,No
8165,8165,8166,L55345,L,299.6,311.0,1552,33.2,139,0,0,0,0,0,0,11.399999999999977,0,Medium,Medium,High,No
8166,8166,8167,L55346,L,299.7,311.1,1603,31.4,141,0,0,0,0,0,0,11.400000000000034,0,Medium,Medium,High,No
8167,8167,8168,H37581,H,299.7,311.1,1353,47.1,143,0,0,0,0,0,0,11.400000000000034,0,High,Medium,High,No
8168,8168,8169,L55348,L,299.7,311.1,1690,30.6,148,0,0,0,0,0,0,11.400000000000034,0,Medium,High,High,No
8169,8169,8170,M23029,M,299.8,311.2,1745,26.3,150,0,0,0,0,0,0,11.399999999999977,0,Medium,High,High,No
8170,8170,8171,L55350,L,299.9,311.3,1522,45.7,153,0,0,0,0,0,0,11.400000000000034,0,High,Medium,High,No
8171,8171,8172,H37585,H,300.0,311.4,1641,34.5,155,0,0,0,0,0,0,11.399999999999977,0,Medium,Medium,High,No
8172,8172,8173,L55352,L,299.9,311.4,1596,28.9,160,0,0,0,0,0,0,11.5,0,Medium,Medium,High,No
8173,8173,8174,H37587,H,299.9,311.4,1497,37.0,162,0,0,0,0,0,0,11.5,0,Medium,Medium,High,No
8174,8174,8175,L55354,L,299.9,311.3,1371,52.3,167,0,0,0,0,0,0,11.400000000000034,0,High,Medium,High,No
8175,8175,8176,M23035,M,299.9,311.3,1445,41.2,169,0,0,0,0,0,0,11.400000000000034,0,Medium,Medium,High,No
8176,8176,8177,L55356,L,299.8,311.2,1564,40.0,172,0,0,0,0,0,0,11.399999999999977,0,Medium,Medium,High,No
8177,8177,8178,L55357,L,299.7,311.1,1439,44.9,174,0,0,0,0,0,0,11.400000000000034,0,Medium,Medium,High,No
8178,8178,8179,L55358,L,299.7,311.2,1352,52.1,176,0,0,0,0,0,0,11.5,0,High,Medium,High,No
8179,8179,8180,L55359,L,299.8,311.3,1560,35.4,178,0,0,0,0,0,0,11.5,0,Medium,Medium,High,No
8180,8180,8181,M23040,M,299.7,311.2,1616,42.3,180,0,0,0,0,0,0,11.5,0,Medium,Medium,High,No
8181,8181,8182,L55361,L,299.7,311.2,1835,23.7,183,0,0,0,0,0,0,11.5,0,Low,High,High,No
8182,8182,8183,M23042,M,299.7,311.1,1649,32.7,185,0,0,0,0,0,0,11.400000000000034,0,Medium,Medium,High,No
8183,8183,8184,L55363,L,299.8,311.1,1452,47.3,188,0,0,0,0,0,0,11.300000000000011,0,High,Medium,High,No
8184,8184,8185,L55364,L,299.8,311.1,2144,17.7,190,0,0,0,0,0,0,11.300000000000011,0,Low,High,High,No
8185,8185,8186,L55365,L,299.7,311.1,1554,41.0,192,0,0,0,0,0,0,11.400000000000034,0,Medium,Medium,High,No
8186,8186,8187,L55366,L,299.7,311.0,1827,25.4,194,0,0,0,0,0,0,11.300000000000011,0,High,High,High,No
8187,8187,8188,L55367,L,299.6,310.9,1448,46.3,196,0,0,0,0,0,0,11.299999999999955,0,High,Medium,High,No
8188,8188,8189,M23048,M,299.6,310.9,1530,38.8,198,0,0,0,0,0,0,11.299999999999955,0,Medium,Medium,High,No
8189,8189,8190,L55369,L,299.7,311.0,1983,21.0,201,0,0,0,0,0,0,11.300000000000011,0,Low,High,High,No
8190,8190,8191,M23050,M,299.7,310.9,1620,37.2,203,0,0,0,0,0,0,11.199999999999989,0,Medium,Medium,High,No
8191,8191,8192,M23051,M,299.6,310.9,1630,29.8,206,0,0,0,0,0,0,11.299999999999955,0,Medium,Medium,High,No
8192,8192,8193,L55372,L,299.6,310.9,1229,65.2,209,1,0,0,0,1,0,11.299999999999955,1,High,Low,High,No
8193,8193,8194,L55373,L,299.5,310.8,1873,22.3,211,0,0,0,0,0,0,11.300000000000011,0,Low,High,High,No
8194,8194,8195,L55374,L,299.4,310.7,1426,45.7,213,0,0,0,0,0,0,11.300000000000011,0,High,Medium,High,No
8195,8195,8196,L55375,L,299.4,310.8,1376,53.9,215,1,0,0,0,1,0,11.400000000000034,1,High,Medium,High,No
8196,8196,8197,L55376,L,299.4,310.8,1622,33.6,217,0,0,0,0,0,0,11.400000000000034,0,Medium,Medium,High,No
8197,8197,8198,M23057,M,299.4,310.7,1492,45.7,219,0,0,0,0,0,0,11.300000000000011,0,High,Medium,High,No
8198,8198,8199,M23058,M,299.3,310.7,1374,48.9,222,0,0,0,0,0,0,11.399999999999977,0,High,Medium,High,No
8199,8199,8200,L55379,L,299.2,310.7,1737,27.0,225,1,1,0,0,0,0,11.5,1,Medium,High,High,No
8200,8200,8201,L55380,L,299.3,310.8,1426,42.4,0,0,0,0,0,0,0,11.5,0,Medium,Medium,Low,No
8201,8201,8202,M23061,M,299.3,310.9,1826,25.1,2,0,0,0,0,0,0,11.599999999999966,0,High,High,Low,No
8202,8202,8203,L55382,L,299.3,310.9,1669,32.4,5,0,0,0,0,0,0,11.599999999999966,0,Medium,High,Low,No
8203,8203,8204,M23063,M,299.4,310.9,1473,40.1,7,0,0,0,0,0,0,11.5,0,Medium,Medium,Low,No
8204,8204,8205,L55384,L,299.4,310.9,1751,27.8,10,0,0,0,0,0,0,11.5,0,Medium,High,Low,No
8205,8205,8206,M23065,M,299.4,310.9,1446,47.3,12,0,0,0,0,0,0,11.5,0,High,Medium,Low,No
8206,8206,8207,L55386,L,299.3,310.8,1483,43.5,15,0,0,0,0,0,0,11.5,0,Medium,Medium,Low,No
8207,8207,8208,L55387,L,299.2,310.7,1535,42.6,17,0,0,0,0,0,0,11.5,0,Medium,Medium,Low,No
8208,8208,8209,L55388,L,299.2,310.7,1477,44.0,19,0,0,0,0,0,0,11.5,0,Medium,Medium,Low,No
8209,8209,8210,L55389,L,299.3,310.8,1391,46.9,21,0,0,0,0,0,0,11.5,0,High,Medium,Low,No
8210,8210,8211,H37624,H,299.2,310.7,1636,29.4,23,0,0,0,0,0,0,11.5,0,Medium,Medium,Low,No
8211,8211,8212,L55391,L,299.2,310.6,1675,33.3,28,0,0,0,0,0,0,11.400000000000034,0,Medium,High,Low,No
8212,8212,8213,H37626,H,299.2,310.5,1329,48.9,30,0,0,0,0,0,0,11.300000000000011,0,High,Medium,Low,No
8213,8213,8214,M23073,M,299.2,310.5,1548,33.5,35,0,0,0,0,0,0,11.300000000000011,0,Medium,Medium,Low,No
8214,8214,8215,L55394,L,299.2,310.5,1391,45.8,38,0,0,0,0,0,0,11.300000000000011,0,High,Medium,Low,No
8215,8215,8216,L55395,L,299.1,310.5,1437,43.1,40,0,0,0,0,0,0,11.399999999999977,0,Medium,Medium,Low,No
8216,8216,8217,L55396,L,299.2,310.6,1370,61.9,42,0,0,0,0,0,0,11.400000000000034,0,High,Medium,Low,No
8217,8217,8218,L55397,L,299.1,310.6,1577,37.1,44,0,0,0,0,0,0,11.5,0,Medium,Medium,Low,No
8218,8218,8219,L55398,L,299.1,310.5,1485,37.8,46,0,0,0,0,0,0,11.399999999999977,0,Medium,Medium,Low,No
8219,8219,8220,L55399,L,299.0,310.4,1504,34.3,48,0,0,0,0,0,0,11.399999999999977,0,Medium,Medium,Low,No
8220,8220,8221,M23080,M,298.9,310.3,1551,35.2,50,0,0,0,0,0,0,11.400000000000034,0,Medium,Medium,Low,No
8221,8221,8222,M23081,M,299.1,310.5,1428,43.0,53,0,0,0,0,0,0,11.399999999999977,0,Medium,Medium,Low,No
8222,8222,8223,L55402,L,299.0,310.5,1755,27.9,56,0,0,0,0,0,0,11.5,0,Medium,High,Low,No
8223,8223,8224,L55403,L,299.1,310.5,1329,54.9,58,0,0,0,0,0,0,11.399999999999977,0,High,Medium,Low,No
8224,8224,8225,L55404,L,299.1,310.5,1496,35.2,60,0,0,0,0,0,0,11.399999999999977,0,Medium,Medium,Low,No
8225,8225,8226,L55405,L,299.1,310.5,1532,36.6,62,0,0,0,0,0,0,11.399999999999977,0,Medium,Medium,Low,No
8226,8226,8227,L55406,L,299.1,310.5,1389,61.4,64,0,0,0,0,0,0,11.399999999999977,0,High,Medium,Low,No
8227,8227,8228,M23087,M,299.1,310.4,1524,51.4,66,0,0,0,0,0,0,11.299999999999955,0,High,Medium,Low,No
8228,8228,8229,M23088,M,299.1,310.4,1422,49.3,69,0,0,0,0,0,0,11.299999999999955,0,High,Medium,Low,No
8229,8229,8230,L55409,L,299.1,310.5,1739,27.4,72,0,0,0,0,0,0,11.399999999999977,0,Medium,High,Low,No
8230,8230,8231,L55410,L,299.1,310.5,1736,26.9,74,0,0,0,0,0,0,11.399999999999977,0,Medium,High,Low,No
8231,8231,8232,L55411,L,299.1,310.5,1419,48.8,76,0,0,0,0,0,0,11.399999999999977,0,High,Medium,Low,No
8232,8232,8233,L55412,L,299.1,310.6,1326,49.7,78,0,0,0,0,0,0,11.5,0,High,Medium,Low,No
8233,8233,8234,M23093,M,299.1,310.6,1449,43.2,80,0,0,0,0,0,0,11.5,0,Medium,Medium,Low,No
8234,8234,8235,L55414,L,299.2,310.6,1534,39.7,83,0,0,0,0,0,0,11.400000000000034,0,Medium,Medium,Medium,No
8235,8235,8236,M23095,M,299.2,310.6,1443,50.9,85,0,0,0,0,0,0,11.400000000000034,0,High,Medium,Medium,No
8236,8236,8237,L55416,L,299.2,310.6,1498,41.1,88,0,0,0,0,0,0,11.400000000000034,0,Medium,Medium,Medium,No
8237,8237,8238,L55417,L,299.1,310.6,1796,26.0,90,0,0,0,0,0,0,11.5,0,Medium,High,Medium,No
8238,8238,8239,L55418,L,299.1,310.4,1519,45.3,92,0,0,0,0,0,0,11.299999999999955,0,High,Medium,Medium,No
8239,8239,8240,L55419,L,299.0,310.4,1339,49.6,94,0,0,0,0,0,0,11.399999999999977,0,High,Medium,Medium,No
8240,8240,8241,L55420,L,299.0,310.4,1483,41.5,96,0,0,0,0,0,0,11.399999999999977,0,Medium,Medium,Medium,No
8241,8241,8242,M23101,M,298.9,310.2,2099,20.0,98,0,0,0,0,0,0,11.300000000000011,0,Low,High,Medium,No
8242,8242,8243,M23102,M,299.0,310.3,1689,29.7,101,0,0,0,0,0,0,11.300000000000011,0,Medium,High,Medium,No
8243,8243,8244,H37657,H,299.1,310.4,1369,54.5,104,0,0,0,0,0,0,11.299999999999955,0,High,Medium,Medium,No
8244,8244,8245,L55424,L,299.0,310.4,1512,38.8,109,0,0,0,0,0,0,11.399999999999977,0,Medium,Medium,Medium,No
8245,8245,8246,M23105,M,299.0,310.3,1303,68.6,111,1,0,0,1,0,0,11.300000000000011,1,High,Medium,Medium,No
8246,8246,8247,L55426,L,299.0,310.3,1552,39.9,114,0,0,0,0,0,0,11.300000000000011,0,Medium,Medium,Medium,No
8247,8247,8248,L55427,L,299.0,310.4,1713,28.0,116,0,0,0,0,0,0,11.399999999999977,0,Medium,High,Medium,No
8248,8248,8249,L55428,L,298.9,310.3,1456,44.1,118,0,0,0,0,0,0,11.400000000000034,0,Medium,Medium,Medium,No
8249,8249,8250,L55429,L,299.0,310.4,1524,39.8,120,0,0,0,0,0,0,11.399999999999977,0,Medium,Medium,Medium,No
8250,8250,8251,M23110,M,299.0,310.4,1394,45.2,122,0,0,0,0,0,0,11.399999999999977,0,High,Medium,Medium,No
8251,8251,8252,L55431,L,299.0,310.4,1981,21.2,125,0,0,0,0,0,0,11.399999999999977,0,Low,High,Medium,No
8252,8252,8253,L55432,L,299.0,310.4,1565,36.1,127,0,0,0,0,0,0,11.399999999999977,0,Medium,Medium,Medium,No
8253,8253,8254,L55433,L,299.1,310.4,1657,31.0,129,0,0,0,0,0,0,11.299999999999955,0,Medium,High,Medium,No
8254,8254,8255,M23114,M,299.0,310.4,1625,37.1,131,0,0,0,0,0,0,11.399999999999977,0,Medium,Medium,High,No
8255,8255,8256,L55435,L,299.0,310.4,1606,31.1,134,0,0,0,0,0,0,11.399999999999977,0,Medium,Medium,High,No
8256,8256,8257,H37670,H,299.0,310.5,1336,56.8,136,0,0,0,0,0,0,11.5,0,High,Medium,High,No
8257,8257,8258,M23117,M,299.0,310.6,1587,34.2,141,0,0,0,0,0,0,11.600000000000023,0,Medium,Medium,High,No
8258,8258,8259,L55438,L,299.1,310.6,1602,39.7,144,0,0,0,0,0,0,11.5,0,Medium,Medium,High,No
8259,8259,8260,L55439,L,299.1,310.5,1471,38.4,146,0,0,0,0,0,0,11.399999999999977,0,Medium,Medium,High,No
8260,8260,8261,H37674,H,299.1,310.6,1332,48.0,148,0,0,0,0,0,0,11.5,0,High,Medium,High,No
8261,8261,8262,H37675,H,299.2,310.6,1434,48.4,153,0,0,0,0,0,0,11.400000000000034,0,High,Medium,High,No
8262,8262,8263,L55442,L,299.1,310.6,1921,23.9,158,0,0,0,0,0,0,11.5,0,Low,High,High,No
8263,8263,8264,H37677,H,299.2,310.6,1704,30.6,160,0,0,0,0,0,0,11.400000000000034,0,Medium,High,High,No
8264,8264,8265,M23124,M,299.1,310.6,1397,49.5,165,0,0,0,0,0,0,11.5,0,High,Medium,High,No
8265,8265,8266,H37679,H,299.1,310.6,1791,28.0,168,0,0,0,0,0,0,11.5,0,Medium,High,High,No
8266,8266,8267,L55446,L,299.1,310.6,1818,24.1,173,0,0,0,0,0,0,11.5,0,Low,High,High,No
8267,8267,8268,L55447,L,299.2,310.7,1540,36.3,175,0,0,0,0,0,0,11.5,0,Medium,Medium,High,No
8268,8268,8269,M23128,M,299.2,310.8,1502,39.8,177,0,0,0,0,0,0,11.600000000000023,0,Medium,Medium,High,No
8269,8269,8270,H37683,H,299.2,310.8,1761,30.4,180,0,0,0,0,0,0,11.600000000000023,0,Medium,High,High,No
8270,8270,8271,M23130,M,299.1,310.8,1517,38.4,185,0,0,0,0,0,0,11.699999999999989,0,Medium,Medium,High,No
8271,8271,8272,L55451,L,299.1,310.7,1309,51.1,188,0,0,0,0,0,0,11.599999999999966,0,High,Medium,High,No
8272,8272,8273,L55452,L,298.9,310.6,1363,52.6,190,0,0,0,0,0,0,11.700000000000045,0,High,Medium,High,No
8273,8273,8274,M23133,M,299.0,310.6,1787,22.2,192,0,0,0,0,0,0,11.600000000000023,0,Low,High,High,No
8274,8274,8275,L55454,L,298.9,310.5,1640,29.2,195,0,0,0,0,0,0,11.600000000000023,0,Medium,Medium,High,No
8275,8275,8276,M23135,M,298.9,310.6,1720,25.3,197,0,0,0,0,0,0,11.700000000000045,0,High,High,High,No
8276,8276,8277,L55456,L,298.8,310.5,1384,52.8,200,0,0,0,0,0,0,11.699999999999989,0,High,Medium,High,No
8277,8277,8278,H37691,H,298.8,310.5,1294,55.8,202,0,0,0,0,0,0,11.699999999999989,0,High,Medium,High,No
8278,8278,8279,L55458,L,298.8,310.5,1464,46.4,207,0,0,0,0,0,0,11.699999999999989,0,High,Medium,High,No
8279,8279,8280,L55459,L,298.8,310.6,1803,25.4,209,0,0,0,0,0,0,11.800000000000011,0,High,High,High,No
8280,8280,8281,L55460,L,298.8,310.6,1602,39.1,211,0,0,0,0,0,0,11.800000000000011,0,Medium,Medium,High,No
8281,8281,8282,H37695,H,298.9,310.6,1519,38.8,213,0,0,0,0,0,0,11.700000000000045,0,Medium,Medium,High,No
8282,8282,8283,M23142,M,298.9,310.7,1638,33.6,218,0,0,0,0,0,0,11.800000000000011,0,Medium,Medium,High,No
8283,8283,8284,H37697,H,298.9,310.6,1615,33.0,221,0,0,0,0,0,0,11.700000000000045,0,Medium,Medium,High,No
8284,8284,8285,L55464,L,298.8,310.6,1651,33.3,0,0,0,0,0,0,0,11.800000000000011,0,Medium,High,Low,No
8285,8285,8286,L55465,L,298.9,310.6,1387,52.7,2,0,0,0,0,0,0,11.700000000000045,0,High,Medium,Low,No
8286,8286,8287,M23146,M,298.8,310.5,1678,32.8,4,0,0,0,0,0,0,11.699999999999989,0,Medium,High,Low,No
8287,8287,8288,L55467,L,298.9,310.6,1585,38.1,7,0,0,0,0,0,0,11.700000000000045,0,Medium,Medium,Low,No
8288,8288,8289,M23148,M,298.8,310.6,1640,33.8,9,0,0,0,0,0,0,11.800000000000011,0,Medium,Medium,Low,No
8289,8289,8290,L55469,L,298.9,310.6,1406,43.8,12,0,0,0,0,0,0,11.700000000000045,0,Medium,Medium,Low,No
8290,8290,8291,M23150,M,298.9,310.6,1679,35.8,14,0,0,0,0,0,0,11.700000000000045,0,Medium,High,Low,No
8291,8291,8292,L55471,L,298.9,310.5,1717,26.9,17,0,0,0,0,0,0,11.600000000000023,0,Medium,High,Low,No
8292,8292,8293,H37706,H,298.9,310.5,1429,39.9,19,0,0,0,0,0,0,11.600000000000023,0,Medium,Medium,Low,No
8293,8293,8294,M23153,M,298.9,310.4,1533,44.4,24,0,0,0,0,0,0,11.5,0,Medium,Medium,Low,No
8294,8294,8295,M23154,M,298.9,310.5,1525,38.5,27,0,0,0,0,0,0,11.600000000000023,0,Medium,Medium,Low,No
8295,8295,8296,L55475,L,298.9,310.4,1739,26.3,30,0,0,0,0,0,0,11.5,0,Medium,High,Low,No
8296,8296,8297,L55476,L,298.9,310.3,1436,39.0,32,0,0,0,0,0,0,11.400000000000034,0,Medium,Medium,Low,No
8297,8297,8298,M23157,M,298.8,310.2,1595,33.1,34,0,0,0,0,0,0,11.399999999999977,0,Medium,Medium,Low,No
8298,8298,8299,H37712,H,298.7,310.1,1435,45.6,37,0,0,0,0,0,0,11.400000000000034,0,High,Medium,Low,No
8299,8299,8300,L55479,L,298.7,310.0,1637,31.8,42,0,0,0,0,0,0,11.300000000000011,0,Medium,Medium,Low,No
8300,8300,8301,L55480,L,298.7,310.1,1558,37.6,44,0,0,0,0,0,0,11.400000000000034,0,Medium,Medium,Low,No
8301,8301,8302,M23161,M,298.7,310.1,1644,34.1,46,0,0,0,0,0,0,11.400000000000034,0,Medium,Medium,Low,No
8302,8302,8303,L55482,L,298.7,310.1,1641,31.1,49,0,0,0,0,0,0,11.400000000000034,0,Medium,Medium,Low,No
8303,8303,8304,L55483,L,298.8,310.2,1504,41.0,51,0,0,0,0,0,0,11.399999999999977,0,Medium,Medium,Low,No
8304,8304,8305,M23164,M,298.7,310.1,1506,50.7,53,0,0,0,0,0,0,11.400000000000034,0,High,Medium,Low,No
8305,8305,8306,H37719,H,298.8,310.1,1380,44.0,56,0,0,0,0,0,0,11.300000000000011,0,Medium,Medium,Low,No
8306,8306,8307,M23166,M,298.7,310.1,1549,42.5,61,0,0,0,0,0,0,11.400000000000034,0,Medium,Medium,Low,No
8307,8307,8308,M23167,M,298.7,310.1,1402,69.7,64,1,0,0,1,0,0,11.400000000000034,1,High,Medium,Low,No
8308,8308,8309,L55488,L,298.7,310.1,1401,45.3,67,0,0,0,0,0,0,11.400000000000034,0,High,Medium,Low,No
8309,8309,8310,M23169,M,298.7,310.0,1459,40.2,69,0,0,0,0,0,0,11.300000000000011,0,Medium,Medium,Low,No
8310,8310,8311,L55490,L,298.7,309.9,1465,39.7,72,0,0,0,0,0,0,11.199999999999989,0,Medium,Medium,Low,No
8311,8311,8312,M23171,M,298.8,310.0,1295,52.7,74,0,0,0,0,0,0,11.199999999999989,0,High,Medium,Low,No
8312,8312,8313,M23172,M,298.8,310.0,1529,38.5,77,0,0,0,0,0,0,11.199999999999989,0,Medium,Medium,Low,No
8313,8313,8314,M23173,M,298.8,310.0,1484,44.9,80,0,0,0,0,0,0,11.199999999999989,0,Medium,Medium,Low,No
8314,8314,8315,L55494,L,298.8,309.9,1739,30.6,83,0,0,0,0,0,0,11.099999999999966,0,Medium,High,Medium,No
8315,8315,8316,H37729,H,298.7,309.8,1422,40.7,85,0,0,0,0,0,0,11.100000000000023,0,Medium,Medium,Medium,No
8316,8316,8317,L55496,L,298.8,309.8,1463,40.0,90,0,0,0,0,0,0,11.0,0,Medium,Medium,Medium,No
8317,8317,8318,L55497,L,298.7,309.7,1667,30.4,92,0,0,0,0,0,0,11.0,0,Medium,High,Medium,No
8318,8318,8319,H37732,H,298.7,309.7,1565,39.3,94,0,0,0,0,0,0,11.0,0,Medium,Medium,Medium,No
8319,8319,8320,L55499,L,298.7,309.7,1393,45.7,99,0,0,0,0,0,0,11.0,0,High,Medium,Medium,No
8320,8320,8321,M23180,M,298.8,309.7,1453,47.7,101,0,0,0,0,0,0,10.899999999999977,0,High,Medium,Medium,No
8321,8321,8322,L55501,L,298.8,309.6,1442,50.0,104,0,0,0,0,0,0,10.800000000000011,0,High,Medium,Medium,No
8322,8322,8323,L55502,L,298.7,309.6,1364,44.9,106,0,0,0,0,0,0,10.900000000000034,0,Medium,Medium,Medium,No
8323,8323,8324,H37737,H,298.7,309.5,1453,40.4,108,0,0,0,0,0,0,10.800000000000011,0,Medium,Medium,Medium,No
8324,8324,8325,M23184,M,298.7,309.5,1394,46.0,113,0,0,0,0,0,0,10.800000000000011,0,High,Medium,Medium,No
8325,8325,8326,M23185,M,298.7,309.5,1500,38.8,116,0,0,0,0,0,0,10.800000000000011,0,Medium,Medium,Medium,No
8326,8326,8327,H37740,H,298.6,309.5,1523,34.2,119,0,0,0,0,0,0,10.899999999999977,0,Medium,Medium,Medium,No
8327,8327,8328,M23187,M,298.7,309.6,1254,57.1,124,0,0,0,0,0,0,10.900000000000034,0,High,Medium,Medium,No
8328,8328,8329,L55508,L,298.6,309.5,1325,52.2,127,0,0,0,0,0,0,10.899999999999977,0,High,Medium,Medium,No
8329,8329,8330,L55509,L,298.8,309.7,1424,49.6,129,0,0,0,0,0,0,10.899999999999977,0,High,Medium,Medium,No
8330,8330,8331,L55510,L,298.8,309.7,1505,39.0,131,0,0,0,0,0,0,10.899999999999977,0,Medium,Medium,High,No
8331,8331,8332,M23191,M,298.8,309.7,1392,48.7,133,0,0,0,0,0,0,10.899999999999977,0,High,Medium,High,No
8332,8332,8333,L55512,L,298.8,309.7,1529,44.0,136,0,0,0,0,0,0,10.899999999999977,0,Medium,Medium,High,No
8333,8333,8334,M23193,M,298.8,309.7,1477,48.5,138,0,0,0,0,0,0,10.899999999999977,0,High,Medium,High,No
8334,8334,8335,M23194,M,298.8,309.7,1459,47.3,141,0,0,0,0,0,0,10.899999999999977,0,High,Medium,High,No
8335,8335,8336,M23195,M,299.0,309.8,2240,15.9,144,0,0,0,0,0,0,10.800000000000011,0,Low,High,High,No
8336,8336,8337,L55516,L,298.9,309.7,1449,48.8,147,0,0,0,0,0,0,10.800000000000011,0,High,Medium,High,No
8337,8337,8338,M23197,M,298.8,309.7,1589,35.3,149,0,0,0,0,0,0,10.899999999999977,0,Medium,Medium,High,No
8338,8338,8339,L55518,L,298.8,309.7,1740,28.5,152,0,0,0,0,0,0,10.899999999999977,0,Medium,High,High,No
8339,8339,8340,M23199,M,298.8,309.7,1499,40.3,154,0,0,0,0,0,0,10.899999999999977,0,Medium,Medium,High,No
8340,8340,8341,M23200,M,298.8,309.7,1480,38.1,157,0,0,0,0,0,0,10.899999999999977,0,Medium,Medium,High,No
8341,8341,8342,L55521,L,298.8,309.7,1751,29.6,160,0,0,0,0,0,0,10.899999999999977,0,Medium,High,High,No
8342,8342,8343,L55522,L,298.7,309.7,1510,40.6,162,0,0,0,0,0,0,11.0,0,Medium,Medium,High,No
8343,8343,8344,H37757,H,298.8,309.8,1437,48.2,164,0,0,0,0,0,0,11.0,0,High,Medium,High,No
8344,8344,8345,L55524,L,298.8,309.7,1609,40.4,169,0,0,0,0,0,0,10.899999999999977,0,Medium,Medium,High,No
8345,8345,8346,H37759,H,298.8,309.8,1490,35.9,171,0,0,0,0,0,0,11.0,0,Medium,Medium,High,No
8346,8346,8347,L55526,L,298.7,309.7,1601,35.7,176,0,0,0,0,0,0,11.0,0,Medium,Medium,High,No
8347,8347,8348,L55527,L,298.7,309.6,1665,31.1,178,0,0,0,0,0,0,10.900000000000034,0,Medium,High,High,No
8348,8348,8349,M23208,M,298.7,309.6,1452,42.7,180,0,0,0,0,0,0,10.900000000000034,0,Medium,Medium,High,No
8349,8349,8350,M23209,M,298.7,309.5,1487,33.6,183,0,0,0,0,0,0,10.800000000000011,0,Medium,Medium,High,No
8350,8350,8351,M23210,M,298.7,309.6,1382,48.1,186,0,0,0,0,0,0,10.900000000000034,0,High,Medium,High,No
8351,8351,8352,M23211,M,298.7,309.6,1686,26.2,189,0,0,0,0,0,0,10.900000000000034,0,Medium,High,High,No
8352,8352,8353,L55532,L,298.6,309.6,1491,36.9,192,0,0,0,0,0,0,11.0,0,Medium,Medium,High,No
8353,8353,8354,L55533,L,298.7,309.6,1442,55.6,194,0,0,0,0,0,0,10.900000000000034,0,High,Medium,High,No
8354,8354,8355,L55534,L,298.6,309.6,1390,50.3,196,0,0,0,0,0,0,11.0,0,High,Medium,High,No
8355,8355,8356,L55535,L,298.7,309.6,1502,46.7,198,0,0,0,0,0,0,10.900000000000034,0,High,Medium,High,No
8356,8356,8357,M23216,M,298.6,309.6,1344,59.4,200,0,0,0,0,0,0,11.0,0,High,Medium,High,No
8357,8357,8358,L55537,L,298.5,309.5,1385,46.3,203,1,1,0,0,0,0,11.0,1,High,Medium,High,No
8358,8358,8359,L55538,L,298.7,309.7,1547,37.4,0,0,0,0,0,0,0,11.0,0,Medium,Medium,Low,No
8359,8359,8360,M23219,M,298.6,309.6,1525,42.4,2,0,0,0,0,0,0,11.0,0,Medium,Medium,Low,No
8360,8360,8361,L55540,L,298.6,309.6,1540,35.8,5,0,0,0,0,0,0,11.0,0,Medium,Medium,Low,No
8361,8361,8362,L55541,L,298.6,309.5,1450,44.3,7,0,0,0,0,0,0,10.899999999999977,0,Medium,Medium,Low,No
8362,8362,8363,L55542,L,298.6,309.6,1353,62.5,9,0,0,0,0,0,0,11.0,0,High,Medium,Low,No
8363,8363,8364,L55543,L,298.8,309.7,1582,45.0,11,0,0,0,0,0,0,10.899999999999977,0,Medium,Medium,Low,No
8364,8364,8365,L55544,L,298.9,309.8,1396,49.0,13,0,0,0,0,0,0,10.900000000000034,0,High,Medium,Low,No
8365,8365,8366,M23225,M,298.8,309.8,1551,36.6,15,0,0,0,0,0,0,11.0,0,Medium,Medium,Low,No
8366,8366,8367,M23226,M,298.9,309.8,1836,22.8,18,0,0,0,0,0,0,10.900000000000034,0,Low,High,Low,No
8367,8367,8368,L55547,L,298.9,309.8,1390,49.9,21,0,0,0,0,0,0,10.900000000000034,0,High,Medium,Low,No
8368,8368,8369,L55548,L,298.9,309.8,1534,42.1,23,0,0,0,0,0,0,10.900000000000034,0,Medium,Medium,Low,No
8369,8369,8370,L55549,L,298.8,309.7,1953,20.6,25,0,0,0,0,0,0,10.899999999999977,0,Low,High,Low,No
8370,8370,8371,L55550,L,298.8,309.8,1634,33.6,27,0,0,0,0,0,0,11.0,0,Medium,Medium,Low,No
8371,8371,8372,L55551,L,298.7,309.7,1881,21.7,29,0,0,0,0,0,0,11.0,0,Low,High,Low,No
8372,8372,8373,M23232,M,298.8,309.7,1448,44.8,31,0,0,0,0,0,0,10.899999999999977,0,Medium,Medium,Low,No
8373,8373,8374,M23233,M,298.7,309.7,1362,50.5,34,0,0,0,0,0,0,11.0,0,High,Medium,Low,No
8374,8374,8375,L55554,L,298.8,309.7,1225,63.4,37,0,0,0,0,0,0,10.899999999999977,0,High,Low,Low,No
8375,8375,8376,M23235,M,298.8,309.6,1384,48.2,39,0,0,0,0,0,0,10.800000000000011,0,High,Medium,Low,No
8376,8376,8377,L55556,L,298.8,309.8,1334,49.3,42,0,0,0,0,0,0,11.0,0,High,Medium,Low,No
8377,8377,8378,L55557,L,298.8,309.7,1336,50.3,44,0,0,0,0,0,0,10.899999999999977,0,High,Medium,Low,No
8378,8378,8379,M23238,M,298.8,309.9,1331,61.6,46,0,0,0,0,0,0,11.099999999999966,0,High,Medium,Low,No
8379,8379,8380,L55559,L,298.8,309.9,1629,31.9,49,0,0,0,0,0,0,11.099999999999966,0,Medium,Medium,Low,No
8380,8380,8381,L55560,L,298.9,310.0,1776,25.7,51,0,0,0,0,0,0,11.100000000000023,0,High,High,Low,No
8381,8381,8382,H37795,H,298.8,310.0,1530,38.3,53,0,0,0,0,0,0,11.199999999999989,0,Medium,Medium,Low,No
8382,8382,8383,L55562,L,298.9,310.0,1719,27.3,58,0,0,0,0,0,0,11.100000000000023,0,Medium,High,Low,No
8383,8383,8384,M23243,M,298.8,309.9,1495,35.2,60,0,0,0,0,0,0,11.099999999999966,0,Medium,Medium,Low,No
8384,8384,8385,L55564,L,298.8,309.7,1450,43.1,63,0,0,0,0,0,0,10.899999999999977,0,Medium,Medium,Low,No
8385,8385,8386,H37799,H,298.8,309.8,1563,38.8,65,0,0,0,0,0,0,11.0,0,Medium,Medium,Low,No
8386,8386,8387,M23246,M,298.9,309.9,1501,37.1,70,0,0,0,0,0,0,11.0,0,Medium,Medium,Low,No
8387,8387,8388,L55567,L,298.8,309.9,1351,47.2,73,0,0,0,0,0,0,11.099999999999966,0,High,Medium,Low,No
8388,8388,8389,L55568,L,298.9,309.9,1365,46.5,75,0,0,0,0,0,0,11.0,0,High,Medium,Low,No
8389,8389,8390,L55569,L,298.8,309.9,1525,39.7,77,0,0,0,0,0,0,11.099999999999966,0,Medium,Medium,Low,No
8390,8390,8391,M23250,M,298.8,309.8,1288,61.9,79,0,0,0,0,0,0,11.0,0,High,Medium,Low,No
8391,8391,8392,L55571,L,298.6,309.6,1423,42.7,82,0,0,0,0,0,0,11.0,0,Medium,Medium,Medium,No
8392,8392,8393,M23252,M,298.5,309.6,1502,39.4,84,0,0,0,0,0,0,11.100000000000023,0,Medium,Medium,Medium,No
8393,8393,8394,L55573,L,298.5,309.5,1428,43.5,87,0,0,0,0,0,0,11.0,0,Medium,Medium,Medium,No
8394,8394,8395,M23254,M,298.6,309.5,1566,38.1,89,0,0,0,0,0,0,10.899999999999977,0,Medium,Medium,Medium,No
8395,8395,8396,M23255,M,298.5,309.5,1483,44.8,92,0,0,0,0,0,0,11.0,0,Medium,Medium,Medium,No
8396,8396,8397,H37810,H,298.6,309.6,1593,33.3,95,0,0,0,0,0,0,11.0,0,Medium,Medium,Medium,No
8397,8397,8398,L55577,L,298.5,309.6,1724,26.4,100,0,0,0,0,0,0,11.100000000000023,0,Medium,High,Medium,No
8398,8398,8399,L55578,L,298.5,309.7,2617,12.1,102,1,0,0,1,0,0,11.199999999999989,1,Low,High,Medium,No
8399,8399,8400,L55579,L,298.6,309.7,1294,59.4,104,0,0,0,0,0,0,11.099999999999966,0,High,Medium,Medium,No
8400,8400,8401,L55580,L,298.6,309.6,1533,40.7,106,0,0,0,0,0,0,11.0,0,Medium,Medium,Medium,No
8401,8401,8402,H37815,H,298.5,309.4,1671,31.8,108,0,0,0,0,0,0,10.899999999999977,0,Medium,High,Medium,No
8402,8402,8403,L55582,L,298.5,309.5,1370,52.4,113,0,0,0,0,0,0,11.0,0,High,Medium,Medium,No
8403,8403,8404,L55583,L,298.5,309.6,1462,45.1,115,0,0,0,0,0,0,11.100000000000023,0,High,Medium,Medium,No
8404,8404,8405,L55584,L,298.4,309.5,1545,36.6,117,0,0,0,0,0,0,11.100000000000023,0,Medium,Medium,Medium,No
8405,8405,8406,M23265,M,298.4,309.5,1484,41.7,119,0,0,0,0,0,0,11.100000000000023,0,Medium,Medium,Medium,No
8406,8406,8407,M23266,M,298.4,309.5,1344,45.3,122,0,0,0,0,0,0,11.100000000000023,0,High,Medium,Medium,No
8407,8407,8408,L55587,L,298.4,309.5,1357,50.1,125,0,0,0,0,0,0,11.100000000000023,0,High,Medium,Medium,No
8408,8408,8409,M23268,M,298.5,309.6,1572,33.0,127,0,0,0,0,0,0,11.100000000000023,0,Medium,Medium,Medium,No
8409,8409,8410,L55589,L,298.5,309.6,1861,26.9,130,0,0,0,0,0,0,11.100000000000023,0,Medium,High,Medium,No
8410,8410,8411,L55590,L,298.5,309.5,1548,44.5,132,0,0,0,0,0,0,11.0,0,Medium,Medium,High,No
8411,8411,8412,L55591,L,298.6,309.8,1496,37.7,134,0,0,0,0,0,0,11.199999999999989,0,Medium,Medium,High,No
8412,8412,8413,M23272,M,298.6,309.7,1314,49.7,136,0,0,0,0,0,0,11.099999999999966,0,High,Medium,High,No
8413,8413,8414,M23273,M,298.6,309.7,1422,49.7,139,0,0,0,0,0,0,11.099999999999966,0,High,Medium,High,No
8414,8414,8415,L55594,L,298.6,309.8,1842,20.1,142,0,0,0,0,0,0,11.199999999999989,0,Low,High,High,No
8415,8415,8416,M23275,M,298.7,309.9,1434,53.0,144,0,0,0,0,0,0,11.199999999999989,0,High,Medium,High,No
8416,8416,8417,M23276,M,298.8,310.1,1585,31.3,147,0,0,0,0,0,0,11.300000000000011,0,Medium,Medium,High,No
8417,8417,8418,H37831,H,298.8,310.1,1704,30.7,150,0,0,0,0,0,0,11.300000000000011,0,Medium,High,High,No
8418,8418,8419,L55598,L,298.9,310.2,1971,23.2,155,0,0,0,0,0,0,11.300000000000011,0,Low,High,High,No
8419,8419,8420,L55599,L,299.0,310.3,1431,39.9,157,0,0,0,0,0,0,11.300000000000011,0,Medium,Medium,High,No
8420,8420,8421,L55600,L,298.9,310.4,1546,37.7,159,0,0,0,0,0,0,11.5,0,Medium,Medium,High,No
8421,8421,8422,L55601,L,298.9,310.3,1496,36.3,161,0,0,0,0,0,0,11.400000000000034,0,Medium,Medium,High,No
8422,8422,8423,H37836,H,298.9,310.3,1243,63.0,163,0,0,0,0,0,0,11.400000000000034,0,High,Low,High,No
8423,8423,8424,L55603,L,299.0,310.4,1452,46.2,168,0,0,0,0,0,0,11.399999999999977,0,High,Medium,High,No
8424,8424,8425,L55604,L,299.1,310.6,1380,44.7,170,0,0,0,0,0,0,11.5,0,Medium,Medium,High,No
8425,8425,8426,L55605,L,299.2,310.6,1567,38.4,172,0,0,0,0,0,0,11.400000000000034,0,Medium,Medium,High,No
8426,8426,8427,L55606,L,299.1,310.5,1628,35.9,174,0,0,0,0,0,0,11.399999999999977,0,Medium,Medium,High,No
8427,8427,8428,L55607,L,299.1,310.4,1505,46.1,176,0,0,0,0,0,0,11.299999999999955,0,High,Medium,High,No
8428,8428,8429,M23288,M,299.0,310.3,1827,28.0,178,0,0,0,0,0,0,11.300000000000011,0,Medium,High,High,No
8429,8429,8430,L55609,L,299.0,310.3,1577,40.0,181,0,0,0,0,0,0,11.300000000000011,0,Medium,Medium,High,No
8430,8430,8431,L55610,L,298.9,310.2,1304,57.2,183,0,0,0,0,0,0,11.300000000000011,0,High,Medium,High,No
8431,8431,8432,H37845,H,298.9,310.1,1324,54.6,185,0,0,0,0,0,0,11.200000000000045,0,High,Medium,High,No
8432,8432,8433,L55612,L,298.8,310.0,1537,39.9,190,0,0,0,0,0,0,11.199999999999989,0,Medium,Medium,High,No
8433,8433,8434,M23293,M,298.8,310.1,1501,48.7,192,0,0,0,0,0,0,11.300000000000011,0,High,Medium,High,No
8434,8434,8435,M23294,M,298.7,309.9,1654,29.1,195,0,0,0,0,0,0,11.199999999999989,0,Medium,High,High,No
8435,8435,8436,M23295,M,298.7,310.0,1519,38.1,198,0,0,0,0,0,0,11.300000000000011,0,Medium,Medium,High,No
8436,8436,8437,L55616,L,298.7,309.9,1371,51.3,201,0,0,0,0,0,0,11.199999999999989,0,High,Medium,High,No
8437,8437,8438,L55617,L,298.7,309.8,1181,65.9,203,1,0,0,0,1,0,11.100000000000023,1,High,Low,High,No
8438,8438,8439,L55618,L,298.6,309.8,1469,42.8,205,0,0,0,0,0,0,11.199999999999989,0,Medium,Medium,High,No
8439,8439,8440,L55619,L,298.6,309.8,1637,34.6,207,0,0,0,0,0,0,11.199999999999989,0,Medium,Medium,High,No
8440,8440,8441,L55620,L,298.6,309.8,1370,56.0,0,0,0,0,0,0,0,11.199999999999989,0,High,Medium,Low,No
8441,8441,8442,L55621,L,298.6,309.9,1630,30.6,2,0,0,0,0,0,0,11.299999999999955,0,Medium,Medium,Low,No
8442,8442,8443,L55622,L,298.6,310.0,1517,39.0,4,0,0,0,0,0,0,11.399999999999977,0,Medium,Medium,Low,No
8443,8443,8444,M23303,M,298.6,309.9,1668,32.3,6,0,0,0,0,0,0,11.299999999999955,0,Medium,High,Low,No
8444,8444,8445,M23304,M,298.6,309.9,1818,24.9,9,0,0,0,0,0,0,11.299999999999955,0,Low,High,Low,No
8445,8445,8446,M23305,M,298.6,310.0,1541,36.9,12,0,0,0,0,0,0,11.399999999999977,0,Medium,Medium,Low,No
8446,8446,8447,L55626,L,298.5,309.9,1482,42.1,15,0,0,0,0,0,0,11.399999999999977,0,Medium,Medium,Low,No
8447,8447,8448,L55627,L,298.6,310.1,1439,49.9,17,0,0,0,0,0,0,11.5,0,High,Medium,Low,No
8448,8448,8449,L55628,L,298.5,310.0,1492,41.2,19,0,0,0,0,0,0,11.5,0,Medium,Medium,Low,No
8449,8449,8450,L55629,L,298.4,309.9,1725,27.8,21,0,0,0,0,0,0,11.5,0,Medium,High,Low,No
8450,8450,8451,L55630,L,298.4,310.0,1559,44.2,23,0,0,0,0,0,0,11.600000000000023,0,Medium,Medium,Low,No
8451,8451,8452,L55631,L,298.5,310.0,1435,42.5,25,0,0,0,0,0,0,11.5,0,Medium,Medium,Low,No
8452,8452,8453,M23312,M,298.6,310.0,1512,37.5,27,0,0,0,0,0,0,11.399999999999977,0,Medium,Medium,Low,No
8453,8453,8454,L55633,L,298.6,309.9,1564,37.1,30,0,0,0,0,0,0,11.299999999999955,0,Medium,Medium,Low,No
8454,8454,8455,L55634,L,298.6,310.0,1522,40.3,32,0,0,0,0,0,0,11.399999999999977,0,Medium,Medium,Low,No
8455,8455,8456,L55635,L,298.6,309.9,1356,59.5,34,0,0,0,0,0,0,11.299999999999955,0,High,Medium,Low,No
8456,8456,8457,L55636,L,298.6,309.9,1556,38.6,36,0,0,0,0,0,0,11.299999999999955,0,Medium,Medium,Low,No
8457,8457,8458,L55637,L,298.6,309.9,1393,45.5,38,0,0,0,0,0,0,11.299999999999955,0,High,Medium,Low,No
8458,8458,8459,L55638,L,298.7,309.9,1753,26.8,40,0,0,0,0,0,0,11.199999999999989,0,Medium,High,Low,No
8459,8459,8460,L55639,L,298.7,309.9,1651,29.5,42,0,0,0,0,0,0,11.199999999999989,0,Medium,High,Low,No
8460,8460,8461,L55640,L,298.7,309.9,1372,54.7,44,0,0,0,0,0,0,11.199999999999989,0,High,Medium,Low,No
8461,8461,8462,L55641,L,298.7,309.9,1446,43.3,46,0,0,0,0,0,0,11.199999999999989,0,Medium,Medium,Low,No
8462,8462,8463,M23322,M,298.7,309.8,1501,44.7,48,0,0,0,0,0,0,11.100000000000023,0,Medium,Medium,Low,No
8463,8463,8464,M23323,M,298.7,309.9,1411,45.1,51,0,0,0,0,0,0,11.199999999999989,0,High,Medium,Low,No
8464,8464,8465,H37878,H,298.6,309.7,1672,27.5,54,0,0,0,0,0,0,11.099999999999966,0,Medium,High,Low,No
8465,8465,8466,M23325,M,298.7,309.8,1475,40.5,59,0,0,0,0,0,0,11.100000000000023,0,Medium,Medium,Low,No
8466,8466,8467,L55646,L,298.7,309.8,1469,38.4,62,0,0,0,0,0,0,11.100000000000023,0,Medium,Medium,Low,No
8467,8467,8468,L55647,L,298.6,309.8,1704,28.3,64,0,0,0,0,0,0,11.199999999999989,0,Medium,High,Low,No
8468,8468,8469,H37882,H,298.6,309.7,1463,39.1,66,0,0,0,0,0,0,11.099999999999966,0,Medium,Medium,Low,No
8469,8469,8470,M23329,M,298.6,309.7,1280,64.1,71,0,0,0,0,0,0,11.099999999999966,0,High,Medium,Low,No
8470,8470,8471,L55650,L,298.7,309.9,1464,38.0,74,0,0,0,0,0,0,11.199999999999989,0,Medium,Medium,Low,No
8471,8471,8472,L55651,L,298.6,309.8,1332,46.4,76,0,0,0,0,0,0,11.199999999999989,0,High,Medium,Low,No
8472,8472,8473,L55652,L,298.5,309.7,1634,37.8,78,0,0,0,0,0,0,11.199999999999989,0,Medium,Medium,Low,No
8473,8473,8474,M23333,M,298.6,309.8,1430,43.1,80,0,0,0,0,0,0,11.199999999999989,0,Medium,Medium,Low,No
8474,8474,8475,M23334,M,298.5,309.7,1523,44.6,83,0,0,0,0,0,0,11.199999999999989,0,Medium,Medium,Medium,No
8475,8475,8476,M23335,M,298.5,309.7,1557,37.7,86,0,0,0,0,0,0,11.199999999999989,0,Medium,Medium,Medium,No
8476,8476,8477,L55656,L,298.5,309.6,1585,32.2,89,0,0,0,0,0,0,11.100000000000023,0,Medium,Medium,Medium,No
8477,8477,8478,H37891,H,298.5,309.6,1579,33.5,91,0,0,0,0,0,0,11.100000000000023,0,Medium,Medium,Medium,No
8478,8478,8479,M23338,M,298.5,309.7,1354,60.8,96,0,0,0,0,0,0,11.199999999999989,0,High,Medium,Medium,No
8479,8479,8480,L55659,L,298.6,309.7,1627,33.4,99,0,0,0,0,0,0,11.099999999999966,0,Medium,Medium,Medium,No
8480,8480,8481,L55660,L,298.4,309.6,1477,35.6,101,0,0,0,0,0,0,11.200000000000045,0,Medium,Medium,Medium,No
8481,8481,8482,M23341,M,298.3,309.4,1595,29.0,103,0,0,0,0,0,0,11.099999999999966,0,Medium,Medium,Medium,No
8482,8482,8483,L55662,L,298.4,309.5,1520,38.1,106,0,0,0,0,0,0,11.100000000000023,0,Medium,Medium,Medium,No
8483,8483,8484,L55663,L,298.3,309.4,1618,31.5,108,0,0,0,0,0,0,11.099999999999966,0,Medium,Medium,Medium,No
8484,8484,8485,L55664,L,298.4,309.5,1397,50.3,110,0,0,0,0,0,0,11.100000000000023,0,High,Medium,Medium,No
8485,8485,8486,L55665,L,298.4,309.5,1450,47.9,112,0,0,0,0,0,0,11.100000000000023,0,High,Medium,Medium,No
8486,8486,8487,M23346,M,298.5,309.5,1501,40.2,114,0,0,0,0,0,0,11.0,0,Medium,Medium,Medium,No
8487,8487,8488,L55667,L,298.4,309.4,1392,50.1,117,0,0,0,0,0,0,11.0,0,High,Medium,Medium,No
8488,8488,8489,L55668,L,298.4,309.4,1385,43.2,119,0,0,0,0,0,0,11.0,0,Medium,Medium,Medium,No
8489,8489,8490,L55669,L,298.4,309.4,1461,46.3,121,0,0,0,0,0,0,11.0,0,High,Medium,Medium,No
8490,8490,8491,M23350,M,298.5,309.6,1364,58.7,123,0,0,0,0,0,0,11.100000000000023,0,High,Medium,Medium,No
8491,8491,8492,L55671,L,298.5,309.5,1579,38.6,126,0,0,0,0,0,0,11.0,0,Medium,Medium,Medium,No
8492,8492,8493,M23352,M,298.4,309.5,1514,38.8,128,0,0,0,0,0,0,11.100000000000023,0,Medium,Medium,Medium,No
8493,8493,8494,M23353,M,298.3,309.5,1560,36.9,131,0,0,0,0,0,0,11.199999999999989,0,Medium,Medium,High,No
8494,8494,8495,L55674,L,298.3,309.5,1542,36.7,134,0,0,0,0,0,0,11.199999999999989,0,Medium,Medium,High,No
8495,8495,8496,L55675,L,298.3,309.4,1668,27.1,136,0,0,0,0,0,0,11.099999999999966,0,Medium,High,High,No
8496,8496,8497,M23356,M,298.3,309.4,1816,22.6,138,0,0,0,0,0,0,11.099999999999966,0,Low,High,High,No
8497,8497,8498,M23357,M,298.3,309.4,1509,34.2,141,0,0,0,0,0,0,11.099999999999966,0,Medium,Medium,High,No
8498,8498,8499,L55678,L,298.4,309.6,1479,37.8,144,0,0,0,0,0,0,11.200000000000045,0,Medium,Medium,High,No
8499,8499,8500,L55679,L,298.4,309.6,1655,30.2,146,0,0,0,0,0,0,11.200000000000045,0,Medium,High,High,No
8500,8500,8501,L55680,L,298.3,309.5,1711,30.3,148,0,0,0,0,0,0,11.199999999999989,0,Medium,High,High,No
8501,8501,8502,L55681,L,298.4,309.7,1581,34.6,150,0,0,0,0,0,0,11.300000000000011,0,Medium,Medium,High,No
8502,8502,8503,H37916,H,298.6,309.8,1279,55.9,152,0,0,0,0,0,0,11.199999999999989,0,High,Medium,High,No
8503,8503,8504,L55683,L,298.5,309.8,1468,40.9,157,0,0,0,0,0,0,11.300000000000011,0,Medium,Medium,High,No
8504,8504,8505,L55684,L,298.4,309.7,1419,41.3,159,0,0,0,0,0,0,11.300000000000011,0,Medium,Medium,High,No
8505,8505,8506,L55685,L,298.4,309.7,1530,38.6,161,0,0,0,0,0,0,11.300000000000011,0,Medium,Medium,High,No
8506,8506,8507,L55686,L,298.4,309.6,1710,27.3,163,1,0,0,0,0,0,11.200000000000045,0,Medium,High,High,No
8507,8507,8508,L55687,L,298.4,309.7,1518,39.8,165,0,0,0,0,0,0,11.300000000000011,0,Medium,Medium,High,No
8508,8508,8509,M23368,M,298.4,309.7,1679,33.3,167,0,0,0,0,0,0,11.300000000000011,0,Medium,High,High,No
8509,8509,8510,M23369,M,298.4,309.7,1870,22.5,170,0,0,0,0,0,0,11.300000000000011,0,Low,High,High,No
8510,8510,8511,L55690,L,298.3,309.7,1484,44.3,173,0,0,0,0,0,0,11.399999999999977,0,Medium,Medium,High,No
8511,8511,8512,L55691,L,298.4,309.7,1457,44.2,175,0,0,0,0,0,0,11.300000000000011,0,Medium,Medium,High,No
8512,8512,8513,H37926,H,298.3,309.6,1546,36.2,177,0,0,0,0,0,0,11.300000000000011,0,Medium,Medium,High,No
8513,8513,8514,M23373,M,298.2,309.5,1478,36.5,182,0,0,0,0,0,0,11.300000000000011,0,Medium,Medium,High,No
8514,8514,8515,L55694,L,298.2,309.4,1447,47.1,185,0,0,0,0,0,0,11.199999999999989,0,High,Medium,High,No
8515,8515,8516,L55695,L,298.2,309.4,1443,45.4,187,0,0,0,0,0,0,11.199999999999989,0,High,Medium,High,No
8516,8516,8517,L55696,L,298.3,309.6,1527,30.9,189,0,0,0,0,0,0,11.300000000000011,0,Medium,Medium,High,No
8517,8517,8518,M23377,M,298.3,309.6,1469,54.8,191,0,0,0,0,0,0,11.300000000000011,0,High,Medium,High,No
8518,8518,8519,M23378,M,298.3,309.6,1681,27.1,194,0,0,0,0,0,0,11.300000000000011,0,Medium,High,High,No
8519,8519,8520,L55699,L,298.3,309.6,1420,44.1,197,0,0,0,0,0,0,11.300000000000011,0,Medium,Medium,High,No
8520,8520,8521,M23380,M,298.3,309.5,1543,49.9,199,0,0,0,0,0,0,11.199999999999989,0,High,Medium,High,No
8521,8521,8522,L55701,L,298.4,309.5,1376,50.4,202,0,0,0,0,0,0,11.100000000000023,0,High,Medium,High,No
8522,8522,8523,H37936,H,298.3,309.4,1631,29.8,0,0,0,0,0,0,0,11.099999999999966,0,Medium,Medium,Low,No
8523,8523,8524,H37937,H,298.3,309.3,1529,41.7,5,0,0,0,0,0,0,11.0,0,Medium,Medium,Low,No
8524,8524,8525,L55704,L,298.3,309.4,1468,46.2,10,0,0,0,0,0,0,11.099999999999966,0,High,Medium,Low,No
8525,8525,8526,L55705,L,298.3,309.4,1378,52.3,12,0,0,0,0,0,0,11.099999999999966,0,High,Medium,Low,No
8526,8526,8527,L55706,L,298.3,309.3,1401,51.9,14,0,0,0,0,0,0,11.0,0,High,Medium,Low,No
8527,8527,8528,L55707,L,298.4,309.3,1531,37.4,16,0,0,0,0,0,0,10.900000000000034,0,Medium,Medium,Low,No
8528,8528,8529,L55708,L,298.4,309.3,1512,35.8,18,0,0,0,0,0,0,10.900000000000034,0,Medium,Medium,Low,No
8529,8529,8530,M23389,M,298.5,309.4,1522,47.4,20,0,0,0,0,0,0,10.899999999999977,0,High,Medium,Low,No
8530,8530,8531,M23390,M,298.5,309.3,1615,31.8,23,0,0,0,0,0,0,10.800000000000011,0,Medium,Medium,Low,No
8531,8531,8532,L55711,L,298.6,309.3,1449,46.5,26,0,0,0,0,0,0,10.699999999999989,0,High,Medium,Low,No
8532,8532,8533,L55712,L,298.6,309.4,1315,55.5,28,0,0,0,0,0,0,10.799999999999955,0,High,Medium,Low,No
8533,8533,8534,M23393,M,298.6,309.4,1465,41.1,30,0,0,0,0,0,0,10.799999999999955,0,Medium,Medium,Low,No
8534,8534,8535,M23394,M,298.6,309.5,1404,43.3,33,0,0,0,0,0,0,10.899999999999977,0,Medium,Medium,Low,No
8535,8535,8536,L55715,L,298.6,309.5,1547,44.8,36,0,0,0,0,0,0,10.899999999999977,0,Medium,Medium,Low,No
8536,8536,8537,M23396,M,298.6,309.5,1426,45.4,38,0,0,0,0,0,0,10.899999999999977,0,High,Medium,Low,No
8537,8537,8538,L55717,L,298.6,309.5,1730,30.2,41,0,0,0,0,0,0,10.899999999999977,0,Medium,High,Low,No
8538,8538,8539,L55718,L,298.5,309.4,1548,37.7,43,0,0,0,0,0,0,10.899999999999977,0,Medium,Medium,Low,No
8539,8539,8540,L55719,L,298.5,309.4,1517,40.2,45,0,0,0,0,0,0,10.899999999999977,0,Medium,Medium,Low,No
8540,8540,8541,L55720,L,298.6,309.5,1687,29.3,47,0,0,0,0,0,0,10.899999999999977,0,Medium,High,Low,No
8541,8541,8542,L55721,L,298.5,309.5,1738,25.2,49,0,0,0,0,0,0,11.0,0,High,High,Low,No
8542,8542,8543,H37956,H,298.4,309.4,1512,35.3,51,0,0,0,0,0,0,11.0,0,Medium,Medium,Low,No
8543,8543,8544,M23403,M,298.5,309.4,1365,48.7,56,0,0,0,0,0,0,10.899999999999977,0,High,Medium,Low,No
8544,8544,8545,H37958,H,298.5,309.4,2011,21.0,59,0,0,0,0,0,0,10.899999999999977,0,Low,High,Low,No
8545,8545,8546,L55725,L,298.4,309.3,1806,27.6,64,0,0,0,0,0,0,10.900000000000034,0,Medium,High,Low,No
8546,8546,8547,L55726,L,298.4,309.3,1716,28.4,66,0,0,0,0,0,0,10.900000000000034,0,Medium,High,Low,No
8547,8547,8548,M23407,M,298.4,309.4,1666,24.3,68,0,0,0,0,0,0,11.0,0,Low,High,Low,No
8548,8548,8549,L55728,L,298.5,309.4,1578,36.3,71,0,0,0,0,0,0,10.899999999999977,0,Medium,Medium,Low,No
8549,8549,8550,L55729,L,298.3,309.3,1558,37.2,73,0,0,0,0,0,0,11.0,0,Medium,Medium,Low,No
8550,8550,8551,L55730,L,298.3,309.2,1456,45.5,75,0,0,0,0,0,0,10.899999999999977,0,High,Medium,Low,No
8551,8551,8552,M23411,M,298.2,309.1,1457,49.0,77,0,0,0,0,0,0,10.900000000000034,0,High,Medium,Low,No
8552,8552,8553,L55732,L,298.2,309.1,1467,44.5,80,0,0,0,0,0,0,10.900000000000034,0,Medium,Medium,Low,No
8553,8553,8554,M23413,M,298.1,309.0,1661,38.2,82,0,0,0,0,0,0,10.899999999999977,0,Medium,High,Medium,No
8554,8554,8555,L55734,L,298.1,309.0,1592,33.9,85,0,0,0,0,0,0,10.899999999999977,0,Medium,Medium,Medium,No
8555,8555,8556,L55735,L,298.2,309.0,1596,37.2,87,0,0,0,0,0,0,10.800000000000011,0,Medium,Medium,Medium,No
8556,8556,8557,L55736,L,298.2,309.0,1489,40.6,89,0,0,0,0,0,0,10.800000000000011,0,Medium,Medium,Medium,No
8557,8557,8558,L55737,L,298.3,309.0,1471,48.3,91,0,0,0,0,0,0,10.699999999999989,0,High,Medium,Medium,No
8558,8558,8559,M23418,M,298.3,309.0,1505,41.3,93,0,0,0,0,0,0,10.699999999999989,0,Medium,Medium,Medium,No
8559,8559,8560,L55739,L,298.3,309.0,1519,40.0,96,0,0,0,0,0,0,10.699999999999989,0,Medium,Medium,Medium,No
8560,8560,8561,L55740,L,298.3,309.0,1408,45.4,98,0,0,0,0,0,0,10.699999999999989,0,High,Medium,Medium,No
8561,8561,8562,L55741,L,298.2,308.9,1332,44.4,100,0,0,0,0,0,0,10.699999999999989,0,Medium,Medium,Medium,No
8562,8562,8563,L55742,L,298.1,308.9,1351,52.4,102,0,0,0,0,0,0,10.799999999999955,0,High,Medium,Medium,No
8563,8563,8564,L55743,L,298.0,308.9,1500,36.7,104,0,0,0,0,0,0,10.899999999999977,0,Medium,Medium,Medium,No
8564,8564,8565,M23424,M,298.0,308.7,1614,30.7,106,0,0,0,0,0,0,10.699999999999989,0,Medium,Medium,Medium,No
8565,8565,8566,L55745,L,298.0,308.8,1489,36.5,109,0,0,0,0,0,0,10.800000000000011,0,Medium,Medium,Medium,No
8566,8566,8567,M23426,M,297.9,308.7,1751,26.6,111,0,0,0,0,0,0,10.800000000000011,0,Medium,High,Medium,No
8567,8567,8568,L55747,L,298.0,308.7,1511,45.8,114,0,0,0,0,0,0,10.699999999999989,0,High,Medium,Medium,No
8568,8568,8569,L55748,L,297.9,308.6,1691,29.6,116,0,0,0,0,0,0,10.700000000000045,0,Medium,High,Medium,No
8569,8569,8570,L55749,L,297.9,308.6,1757,27.5,118,0,0,0,0,0,0,10.700000000000045,0,Medium,High,Medium,No
8570,8570,8571,H37984,H,297.9,308.7,1545,35.9,120,0,0,0,0,0,0,10.800000000000011,0,Medium,Medium,Medium,No
8571,8571,8572,L55751,L,297.9,308.6,2262,15.7,125,0,0,0,0,0,0,10.700000000000045,0,Low,High,Medium,No
8572,8572,8573,M23432,M,297.7,308.5,1559,35.2,127,0,0,0,0,0,0,10.800000000000011,0,Medium,Medium,Medium,No
8573,8573,8574,L55753,L,297.6,308.4,1626,32.4,130,0,0,0,0,0,0,10.799999999999955,0,Medium,Medium,Medium,No
8574,8574,8575,L55754,L,297.6,308.3,1424,53.9,132,0,0,0,0,0,0,10.699999999999989,0,High,Medium,High,No
8575,8575,8576,M23435,M,297.6,308.3,1648,29.1,134,0,0,0,0,0,0,10.699999999999989,0,Medium,Medium,High,No
8576,8576,8577,L55756,L,297.6,308.3,1523,39.5,137,0,0,0,0,0,0,10.699999999999989,0,Medium,Medium,High,No
8577,8577,8578,L55757,L,297.6,308.3,1502,43.2,139,0,0,0,0,0,0,10.699999999999989,0,Medium,Medium,High,No
8578,8578,8579,L55758,L,297.5,308.2,1489,40.7,141,0,0,0,0,0,0,10.699999999999989,0,Medium,Medium,High,No
8579,8579,8580,M23439,M,297.4,308.1,1620,31.2,143,0,0,0,0,0,0,10.700000000000045,0,Medium,Medium,High,No
8580,8580,8581,L55760,L,297.5,308.1,1631,30.6,146,0,0,0,0,0,0,10.600000000000023,0,Medium,Medium,High,No
8581,8581,8582,M23441,M,297.5,308.0,1429,45.8,148,0,0,0,0,0,0,10.5,0,High,Medium,High,No
8582,8582,8583,M23442,M,297.5,308.1,1334,72.0,151,1,0,0,1,0,0,10.600000000000023,1,High,Medium,High,No
8583,8583,8584,L55763,L,297.4,308.0,1423,38.0,154,0,0,0,0,0,0,10.600000000000023,0,Medium,Medium,High,No
8584,8584,8585,L55764,L,297.4,307.9,1390,47.7,156,0,0,0,0,0,0,10.5,0,High,Medium,High,No
8585,8585,8586,M23445,M,297.4,307.9,1338,48.5,158,0,0,0,0,0,0,10.5,0,High,Medium,High,No
8586,8586,8587,H38000,H,297.3,307.9,1461,37.5,161,0,0,0,0,0,0,10.599999999999966,0,Medium,Medium,High,No
8587,8587,8588,M23447,M,297.4,307.9,1627,34.3,166,0,0,0,0,0,0,10.5,0,Medium,Medium,High,No
8588,8588,8589,L55768,L,297.3,307.8,1385,44.4,169,0,0,0,0,0,0,10.5,0,Medium,Medium,High,No
8589,8589,8590,M23449,M,297.3,307.8,1538,48.0,171,0,0,0,0,0,0,10.5,0,High,Medium,High,No
8590,8590,8591,L55770,L,297.4,307.9,1557,35.5,174,0,0,0,0,0,0,10.5,0,Medium,Medium,High,No
8591,8591,8592,L55771,L,297.4,307.9,1606,33.4,176,0,0,0,0,0,0,10.5,0,Medium,Medium,High,No
8592,8592,8593,M23452,M,297.5,308.0,1430,44.5,178,0,0,0,0,0,0,10.5,0,Medium,Medium,High,No
8593,8593,8594,M23453,M,297.4,308.0,1601,34.6,181,0,0,0,0,0,0,10.600000000000023,0,Medium,Medium,High,No
8594,8594,8595,L55774,L,297.4,308.0,1356,51.9,184,0,0,0,0,0,0,10.600000000000023,0,High,Medium,High,No
8595,8595,8596,M23455,M,297.5,308.2,1624,30.9,186,0,0,0,0,0,0,10.699999999999989,0,Medium,Medium,High,No
8596,8596,8597,L55776,L,297.5,308.2,1327,56.5,189,0,0,0,0,0,0,10.699999999999989,0,High,Medium,High,No
8597,8597,8598,L55777,L,297.6,308.3,1410,47.0,191,0,0,0,0,0,0,10.699999999999989,0,High,Medium,High,No
8598,8598,8599,L55778,L,297.6,308.3,1478,42.3,193,0,0,0,0,0,0,10.699999999999989,0,Medium,Medium,High,No
8599,8599,8600,L55779,L,297.6,308.4,1460,40.3,195,0,0,0,0,0,0,10.799999999999955,0,Medium,Medium,High,No
8600,8600,8601,L55780,L,297.5,308.3,1435,40.3,197,0,0,0,0,0,0,10.800000000000011,0,Medium,Medium,High,No
8601,8601,8602,H38015,H,297.4,308.2,1359,46.9,199,0,0,0,0,0,0,10.800000000000011,0,High,Medium,High,No
8602,8602,8603,L55782,L,297.4,308.1,1729,31.7,204,0,0,0,0,0,0,10.700000000000045,0,Medium,High,High,No
8603,8603,8604,H38017,H,297.3,308.0,1384,49.1,206,0,0,0,0,0,0,10.699999999999989,0,High,Medium,High,No
8604,8604,8605,L55784,L,297.4,308.2,1297,52.1,211,0,0,0,0,0,0,10.800000000000011,0,High,Medium,High,No
8605,8605,8606,L55785,L,297.5,308.4,1633,33.3,213,0,0,0,0,0,0,10.899999999999977,0,Medium,Medium,High,No
8606,8606,8607,M23466,M,297.5,308.4,1505,37.2,215,0,0,0,0,0,0,10.899999999999977,0,Medium,Medium,High,No
8607,8607,8608,L55787,L,297.5,308.4,1433,50.0,218,0,0,0,0,0,0,10.899999999999977,0,High,Medium,High,No
8608,8608,8609,L55788,L,297.4,308.4,1369,50.6,220,1,0,0,0,1,0,11.0,1,High,Medium,High,No
8609,8609,8610,L55789,L,297.4,308.3,1475,40.5,222,1,1,0,0,0,0,10.900000000000034,1,Medium,Medium,High,No
8610,8610,8611,L55790,L,297.4,308.3,1561,38.3,0,0,0,0,0,0,0,10.900000000000034,0,Medium,Medium,Low,No
8611,8611,8612,L55791,L,297.4,308.3,1472,45.5,2,0,0,0,0,0,0,10.900000000000034,0,High,Medium,Low,No
8612,8612,8613,L55792,L,297.5,308.4,1441,44.5,4,0,0,0,0,0,0,10.899999999999977,0,Medium,Medium,Low,No
8613,8613,8614,M23473,M,297.5,308.5,1401,50.5,6,0,0,0,0,0,0,11.0,0,High,Medium,Low,No
8614,8614,8615,L55794,L,297.5,308.5,1691,33.1,9,0,0,0,0,0,0,11.0,0,Medium,High,Low,No
8615,8615,8616,L55795,L,297.6,308.6,1382,47.1,11,0,0,0,0,0,0,11.0,0,High,Medium,Low,No
8616,8616,8617,L55796,L,297.6,308.6,1355,46.4,13,0,0,0,0,0,0,11.0,0,High,Medium,Low,No
8617,8617,8618,L55797,L,297.6,308.6,1529,45.3,15,0,0,0,0,0,0,11.0,0,High,Medium,Low,No
8618,8618,8619,L55798,L,297.7,308.7,1829,24.9,17,0,0,0,0,0,0,11.0,0,Low,High,Low,No
8619,8619,8620,H38033,H,297.6,308.6,1480,39.8,19,0,0,0,0,0,0,11.0,0,Medium,Medium,Low,No
8620,8620,8621,L55800,L,297.6,308.5,1475,42.4,24,0,0,0,0,0,0,10.899999999999977,0,Medium,Medium,Low,No
8621,8621,8622,M23481,M,297.6,308.5,1431,52.6,26,0,0,0,0,0,0,10.899999999999977,0,High,Medium,Low,No
8622,8622,8623,L55802,L,297.5,308.3,1437,42.3,29,0,0,0,0,0,0,10.800000000000011,0,Medium,Medium,Low,No
8623,8623,8624,M23483,M,297.5,308.3,1476,45.6,31,0,0,0,0,0,0,10.800000000000011,0,High,Medium,Low,No
8624,8624,8625,H38038,H,297.5,308.4,1490,39.7,34,0,0,0,0,0,0,10.899999999999977,0,Medium,Medium,Low,No
8625,8625,8626,L55805,L,297.4,308.3,1632,33.5,39,0,0,0,0,0,0,10.900000000000034,0,Medium,Medium,Low,No
8626,8626,8627,L55806,L,297.4,308.2,1402,49.7,41,0,0,0,0,0,0,10.800000000000011,0,High,Medium,Low,No
8627,8627,8628,L55807,L,297.4,308.3,1347,45.8,43,0,0,0,0,0,0,10.900000000000034,0,High,Medium,Low,No
8628,8628,8629,L55808,L,297.5,308.4,1747,31.0,45,0,0,0,0,0,0,10.899999999999977,0,Medium,High,Low,No
8629,8629,8630,H38043,H,297.5,308.5,1557,39.1,47,0,0,0,0,0,0,11.0,0,Medium,Medium,Low,No
8630,8630,8631,L55810,L,297.4,308.4,1371,57.4,52,0,0,0,0,0,0,11.0,0,High,Medium,Low,No
8631,8631,8632,H38045,H,297.3,308.3,1506,37.0,54,0,0,0,0,0,0,11.0,0,Medium,Medium,Low,No
8632,8632,8633,L55812,L,297.3,308.3,1590,35.5,59,0,0,0,0,0,0,11.0,0,Medium,Medium,Low,No
8633,8633,8634,L55813,L,297.4,308.3,1336,53.7,61,0,0,0,0,0,0,10.900000000000034,0,High,Medium,Low,No
8634,8634,8635,L55814,L,297.3,308.3,1411,43.2,63,0,0,0,0,0,0,11.0,0,Medium,Medium,Low,No
8635,8635,8636,L55815,L,297.4,308.3,1704,27.3,65,0,0,0,0,0,0,10.900000000000034,0,Medium,High,Low,No
8636,8636,8637,L55816,L,297.5,308.4,1723,27.3,67,0,0,0,0,0,0,10.899999999999977,0,Medium,High,Low,No
8637,8637,8638,L55817,L,297.5,308.5,1459,39.7,69,0,0,0,0,0,0,11.0,0,Medium,Medium,Low,No
8638,8638,8639,L55818,L,297.6,308.5,1572,35.9,71,0,0,0,0,0,0,10.899999999999977,0,Medium,Medium,Low,No
8639,8639,8640,L55819,L,297.5,308.4,1384,56.0,73,0,0,0,0,0,0,10.899999999999977,0,High,Medium,Low,No
8640,8640,8641,L55820,L,297.6,308.6,1383,47.5,75,0,0,0,0,0,0,11.0,0,High,Medium,Low,No
8641,8641,8642,M23501,M,297.6,308.5,1360,48.6,77,0,0,0,0,0,0,10.899999999999977,0,High,Medium,Low,No
8642,8642,8643,M23502,M,297.5,308.4,1596,36.6,80,0,0,0,0,0,0,10.899999999999977,0,Medium,Medium,Low,No
8643,8643,8644,L55823,L,297.5,308.5,1448,54.3,83,0,0,0,0,0,0,11.0,0,High,Medium,Medium,No
8644,8644,8645,M23504,M,297.6,308.5,1443,38.2,85,0,0,0,0,0,0,10.899999999999977,0,Medium,Medium,Medium,No
8645,8645,8646,M23505,M,297.6,308.6,1492,35.5,88,0,0,0,0,0,0,11.0,0,Medium,Medium,Medium,No
8646,8646,8647,L55826,L,297.5,308.6,1497,43.9,91,0,0,0,0,0,0,11.100000000000023,0,Medium,Medium,Medium,No
8647,8647,8648,L55827,L,297.5,308.5,1530,38.5,93,0,0,0,0,0,0,11.0,0,Medium,Medium,Medium,No
8648,8648,8649,M23508,M,297.4,308.4,1478,46.2,95,0,0,0,0,0,0,11.0,0,High,Medium,Medium,No
8649,8649,8650,L55829,L,297.4,308.4,1328,61.8,98,0,0,0,0,0,0,11.0,0,High,Medium,Medium,No
8650,8650,8651,H38064,H,297.4,308.3,1771,27.4,100,0,0,0,0,0,0,10.900000000000034,0,Medium,High,Medium,No
8651,8651,8652,M23511,M,297.4,308.4,1564,35.0,105,0,0,0,0,0,0,11.0,0,Medium,Medium,Medium,No
8652,8652,8653,H38066,H,297.3,308.3,1461,41.5,108,0,0,0,0,0,0,11.0,0,Medium,Medium,Medium,No
8653,8653,8654,M23513,M,297.4,308.3,1335,57.9,113,0,0,0,0,0,0,10.900000000000034,0,High,Medium,Medium,No
8654,8654,8655,M23514,M,297.4,308.4,1441,46.8,116,0,0,0,0,0,0,11.0,0,High,Medium,Medium,No
8655,8655,8656,L55835,L,297.3,308.3,1268,60.6,119,0,0,0,0,0,0,11.0,0,High,Medium,Medium,No
8656,8656,8657,M23516,M,297.3,308.3,1697,27.4,121,0,0,0,0,0,0,11.0,0,Medium,High,Medium,No
8657,8657,8658,L55837,L,297.4,308.4,1421,46.0,124,0,0,0,0,0,0,11.0,0,High,Medium,Medium,No
8658,8658,8659,L55838,L,297.4,308.5,1496,36.4,126,0,0,0,0,0,0,11.100000000000023,0,Medium,Medium,Medium,No
8659,8659,8660,L55839,L,297.5,308.5,1375,55.6,128,0,0,0,0,0,0,11.0,0,High,Medium,Medium,No
8660,8660,8661,L55840,L,297.4,308.5,1295,52.1,130,0,0,0,0,0,0,11.100000000000023,0,High,Medium,Medium,No
8661,8661,8662,L55841,L,297.4,308.5,1643,33.8,132,0,0,0,0,0,0,11.100000000000023,0,Medium,Medium,High,No
8662,8662,8663,L55842,L,297.5,308.6,1514,36.9,134,0,0,0,0,0,0,11.100000000000023,0,Medium,Medium,High,No
8663,8663,8664,L55843,L,297.5,308.6,1671,29.4,136,0,0,0,0,0,0,11.100000000000023,0,Medium,High,High,No
8664,8664,8665,H38078,H,297.5,308.6,1355,58.9,138,0,0,0,0,0,0,11.100000000000023,0,High,Medium,High,No
8665,8665,8666,L55845,L,297.6,308.7,1365,50.6,143,0,0,0,0,0,0,11.099999999999966,0,High,Medium,High,No
8666,8666,8667,L55846,L,297.5,308.7,1407,42.5,145,0,0,0,0,0,0,11.199999999999989,0,Medium,Medium,High,No
8667,8667,8668,M23527,M,297.5,308.8,1455,46.1,147,0,0,0,0,0,0,11.300000000000011,0,High,Medium,High,No
8668,8668,8669,L55848,L,297.5,308.8,1502,45.9,150,0,0,0,0,0,0,11.300000000000011,0,High,Medium,High,No
8669,8669,8670,M23529,M,297.5,308.8,1471,52.3,152,0,0,0,0,0,0,11.300000000000011,0,High,Medium,High,No
8670,8670,8671,L55850,L,297.5,308.9,1581,30.4,155,0,0,0,0,0,0,11.399999999999977,0,Medium,Medium,High,No
8671,8671,8672,L55851,L,297.5,308.8,1530,37.8,157,0,0,0,0,0,0,11.300000000000011,0,Medium,Medium,High,No
8672,8672,8673,L55852,L,297.5,308.8,1312,50.3,159,0,0,0,0,0,0,11.300000000000011,0,High,Medium,High,No
8673,8673,8674,L55853,L,297.4,308.6,1494,42.6,161,0,0,0,0,0,0,11.200000000000045,0,Medium,Medium,High,No
8674,8674,8675,M23534,M,297.4,308.6,1528,29.1,163,0,0,0,0,0,0,11.200000000000045,0,Medium,Medium,High,No
8675,8675,8676,H38089,H,297.3,308.6,1688,29.4,166,0,0,0,0,0,0,11.300000000000011,0,Medium,High,High,No
8676,8676,8677,M23536,M,297.3,308.5,1520,42.4,171,0,0,0,0,0,0,11.199999999999989,0,Medium,Medium,High,No
8677,8677,8678,M23537,M,297.3,308.5,1664,28.9,174,0,0,0,0,0,0,11.199999999999989,0,Medium,High,High,No
8678,8678,8679,L55858,L,297.3,308.5,1514,44.5,177,0,0,0,0,0,0,11.199999999999989,0,Medium,Medium,High,No
8679,8679,8680,L55859,L,297.3,308.5,1456,54.2,179,0,0,0,0,0,0,11.199999999999989,0,High,Medium,High,No
8680,8680,8681,L55860,L,297.2,308.5,1494,39.6,181,0,0,0,0,0,0,11.300000000000011,0,Medium,Medium,High,No
8681,8681,8682,L55861,L,297.2,308.4,1605,30.0,183,0,0,0,0,0,0,11.199999999999989,0,Medium,Medium,High,No
8682,8682,8683,M23542,M,297.2,308.5,1353,46.5,185,0,0,0,0,0,0,11.300000000000011,0,High,Medium,High,No
8683,8683,8684,L55863,L,297.2,308.5,1447,47.9,188,0,0,0,0,0,0,11.300000000000011,0,High,Medium,High,No
8684,8684,8685,L55864,L,297.2,308.5,1588,40.4,190,0,0,0,0,0,0,11.300000000000011,0,Medium,Medium,High,No
8685,8685,8686,H38099,H,297.2,308.5,1524,41.4,192,0,0,0,0,0,0,11.300000000000011,0,Medium,Medium,High,No
8686,8686,8687,M23546,M,297.2,308.5,1611,31.6,197,0,0,0,0,0,0,11.300000000000011,0,Medium,Medium,High,No
8687,8687,8688,M23547,M,297.2,308.5,1604,34.9,200,0,0,0,0,0,0,11.300000000000011,0,Medium,Medium,High,No
8688,8688,8689,L55868,L,297.1,308.5,1483,46.9,203,0,0,0,0,0,0,11.399999999999977,0,High,Medium,High,No
8689,8689,8690,L55869,L,297.1,308.4,1543,39.6,205,0,0,0,0,0,0,11.299999999999955,0,Medium,Medium,High,No
8690,8690,8691,L55870,L,297.1,308.5,1323,44.4,207,1,1,0,0,0,0,11.399999999999977,1,Medium,Medium,High,No
8691,8691,8692,L55871,L,297.1,308.5,1555,36.2,0,0,0,0,0,0,0,11.399999999999977,0,Medium,Medium,Low,No
8692,8692,8693,L55872,L,297.1,308.4,1583,31.9,2,0,0,0,0,0,0,11.299999999999955,0,Medium,Medium,Low,No
8693,8693,8694,M23553,M,297.2,308.5,1584,40.0,4,0,0,0,0,0,0,11.300000000000011,0,Medium,Medium,Low,No
8694,8694,8695,L55874,L,297.2,308.5,1766,25.8,7,0,0,0,0,0,0,11.300000000000011,0,High,High,Low,No
8695,8695,8696,M23555,M,297.2,308.6,1498,44.4,9,0,0,0,0,0,0,11.400000000000034,0,Medium,Medium,Low,No
8696,8696,8697,L55876,L,297.2,308.6,1413,49.8,12,0,0,0,0,0,0,11.400000000000034,0,High,Medium,Low,No
8697,8697,8698,L55877,L,297.3,308.6,1505,33.5,14,0,0,0,0,0,0,11.300000000000011,0,Medium,Medium,Low,No
8698,8698,8699,H38112,H,297.3,308.7,1438,46.2,16,0,0,0,0,0,0,11.399999999999977,0,High,Medium,Low,No
8699,8699,8700,M23559,M,297.3,308.7,1655,34.1,21,0,0,0,0,0,0,11.399999999999977,0,Medium,High,Low,No
8700,8700,8701,M23560,M,297.3,308.7,1451,43.8,24,0,0,0,0,0,0,11.399999999999977,0,Medium,Medium,Low,No
8701,8701,8702,M23561,M,297.3,308.7,1466,38.4,27,0,0,0,0,0,0,11.399999999999977,0,Medium,Medium,Low,No
8702,8702,8703,L55882,L,297.2,308.6,1774,23.0,30,0,0,0,0,0,0,11.400000000000034,0,Low,High,Low,No
8703,8703,8704,M23563,M,297.2,308.6,1284,51.3,32,0,0,0,0,0,0,11.400000000000034,0,High,Medium,Low,No
8704,8704,8705,L55884,L,297.1,308.5,1425,40.0,35,0,0,0,0,0,0,11.399999999999977,0,Medium,Medium,Low,No
8705,8705,8706,L55885,L,297.2,308.6,1437,52.4,37,0,0,0,0,0,0,11.400000000000034,0,High,Medium,Low,No
8706,8706,8707,L55886,L,297.2,308.6,1335,53.0,39,0,0,0,0,0,0,11.400000000000034,0,High,Medium,Low,No
8707,8707,8708,L55887,L,297.2,308.5,1471,41.7,41,0,0,0,0,0,0,11.300000000000011,0,Medium,Medium,Low,No
8708,8708,8709,M23568,M,297.2,308.5,1364,54.0,43,0,0,0,0,0,0,11.300000000000011,0,High,Medium,Low,No
8709,8709,8710,L55889,L,297.1,308.5,1578,35.6,46,0,0,0,0,0,0,11.399999999999977,0,Medium,Medium,Low,No
8710,8710,8711,L55890,L,297.1,308.5,1712,32.1,48,0,0,0,0,0,0,11.399999999999977,0,Medium,High,Low,No
8711,8711,8712,L55891,L,297.1,308.5,1733,28.7,50,0,0,0,0,0,0,11.399999999999977,0,Medium,High,Low,No
8712,8712,8713,L55892,L,297.2,308.6,1652,32.1,52,0,0,0,0,0,0,11.400000000000034,0,Medium,High,Low,No
8713,8713,8714,L55893,L,297.2,308.6,1917,24.1,54,0,0,0,0,0,0,11.400000000000034,0,Low,High,Low,No
8714,8714,8715,M23574,M,297.2,308.6,1444,41.1,56,0,0,0,0,0,0,11.400000000000034,0,Medium,Medium,Low,No
8715,8715,8716,L55895,L,297.1,308.6,1442,37.1,59,0,0,0,0,0,0,11.5,0,Medium,Medium,Low,No
8716,8716,8717,M23576,M,297.1,308.6,1717,31.3,61,0,0,0,0,0,0,11.5,0,Medium,High,Low,No
8717,8717,8718,L55897,L,297.1,308.7,1474,42.3,64,0,0,0,0,0,0,11.599999999999966,0,Medium,Medium,Low,No
8718,8718,8719,L55898,L,297.2,308.7,1509,39.3,66,0,0,0,0,0,0,11.5,0,Medium,Medium,Low,No
8719,8719,8720,L55899,L,297.2,308.8,1451,43.1,68,0,0,0,0,0,0,11.600000000000023,0,Medium,Medium,Low,No
8720,8720,8721,L55900,L,297.3,308.8,1554,36.1,70,0,0,0,0,0,0,11.5,0,Medium,Medium,Low,No
8721,8721,8722,L55901,L,297.2,308.7,1669,30.7,72,0,0,0,0,0,0,11.5,0,Medium,High,Low,No
8722,8722,8723,L55902,L,297.2,308.6,1366,50.4,74,0,0,0,0,0,0,11.400000000000034,0,High,Medium,Low,No
8723,8723,8724,L55903,L,297.2,308.6,1578,34.4,76,0,0,0,0,0,0,11.400000000000034,0,Medium,Medium,Low,No
8724,8724,8725,M23584,M,297.2,308.6,1513,39.0,78,0,0,0,0,0,0,11.400000000000034,0,Medium,Medium,Low,No
8725,8725,8726,M23585,M,297.1,308.5,1515,42.1,81,0,0,0,0,0,0,11.399999999999977,0,Medium,Medium,Medium,No
8726,8726,8727,L55906,L,297.2,308.6,1562,33.0,84,0,0,0,0,0,0,11.400000000000034,0,Medium,Medium,Medium,No
8727,8727,8728,L55907,L,297.2,308.7,1501,38.5,86,0,0,0,0,0,0,11.5,0,Medium,Medium,Medium,No
8728,8728,8729,M23588,M,297.2,308.7,1398,38.1,88,0,0,0,0,0,0,11.5,0,Medium,Medium,Medium,No
8729,8729,8730,L55909,L,297.3,308.7,1352,53.8,91,0,0,0,0,0,0,11.399999999999977,0,High,Medium,Medium,No
8730,8730,8731,H38144,H,297.3,308.7,1569,33.9,93,0,0,0,0,0,0,11.399999999999977,0,Medium,Medium,Medium,No
8731,8731,8732,H38145,H,297.2,308.6,1486,46.6,98,0,0,0,0,0,0,11.400000000000034,0,High,Medium,Medium,No
8732,8732,8733,L55912,L,297.2,308.6,1864,23.6,103,0,0,0,0,0,0,11.400000000000034,0,Low,High,Medium,No
8733,8733,8734,M23593,M,297.3,308.7,1447,44.5,105,0,0,0,0,0,0,11.399999999999977,0,Medium,Medium,Medium,No
8734,8734,8735,L55914,L,297.2,308.6,1392,41.5,108,0,0,0,0,0,0,11.400000000000034,0,Medium,Medium,Medium,No
8735,8735,8736,L55915,L,297.3,308.6,1358,47.6,110,0,0,0,0,0,0,11.300000000000011,0,High,Medium,Medium,No
8736,8736,8737,L55916,L,297.3,308.7,1491,40.2,112,0,0,0,0,0,0,11.399999999999977,0,Medium,Medium,Medium,No
8737,8737,8738,L55917,L,297.3,308.7,1556,36.7,114,0,0,0,0,0,0,11.399999999999977,0,Medium,Medium,Medium,No
8738,8738,8739,L55918,L,297.3,308.7,1531,36.7,116,0,0,0,0,0,0,11.399999999999977,0,Medium,Medium,Medium,No
8739,8739,8740,H38153,H,297.4,308.7,1429,37.6,118,0,0,0,0,0,0,11.300000000000011,0,Medium,Medium,Medium,No
8740,8740,8741,M23600,M,297.4,308.8,1573,33.9,123,0,0,0,0,0,0,11.400000000000034,0,Medium,Medium,Medium,No
8741,8741,8742,L55921,L,297.4,308.8,1538,41.2,126,0,0,0,0,0,0,11.400000000000034,0,Medium,Medium,Medium,No
8742,8742,8743,L55922,L,297.4,308.8,1467,39.0,128,0,0,0,0,0,0,11.400000000000034,0,Medium,Medium,Medium,No
8743,8743,8744,H38157,H,297.4,308.7,1323,51.1,130,0,0,0,0,0,0,11.300000000000011,0,High,Medium,Medium,No
8744,8744,8745,M23604,M,297.4,308.7,1798,23.0,135,0,0,0,0,0,0,11.300000000000011,0,Low,High,High,No
8745,8745,8746,L55925,L,297.4,308.6,1411,46.3,138,0,0,0,0,0,0,11.200000000000045,0,High,Medium,High,No
8746,8746,8747,L55926,L,297.3,308.5,1528,44.5,140,0,0,0,0,0,0,11.199999999999989,0,Medium,Medium,High,No
8747,8747,8748,L55927,L,297.3,308.5,1504,42.0,142,0,0,0,0,0,0,11.199999999999989,0,Medium,Medium,High,No
8748,8748,8749,L55928,L,297.3,308.5,1384,39.6,144,0,0,0,0,0,0,11.199999999999989,0,Medium,Medium,High,No
8749,8749,8750,L55929,L,297.2,308.4,1677,26.4,146,0,0,0,0,0,0,11.199999999999989,0,Medium,High,High,No
8750,8750,8751,L55930,L,297.3,308.5,1764,30.8,148,0,0,0,0,0,0,11.199999999999989,0,Medium,High,High,No
8751,8751,8752,M23611,M,297.4,308.5,1472,42.0,150,0,0,0,0,0,0,11.100000000000023,0,Medium,Medium,High,No
8752,8752,8753,M23612,M,297.4,308.5,1465,55.9,153,0,0,0,0,0,0,11.100000000000023,0,High,Medium,High,No
8753,8753,8754,M23613,M,297.4,308.6,1657,33.1,156,0,0,0,0,0,0,11.200000000000045,0,Medium,High,High,No
8754,8754,8755,L55934,L,297.4,308.6,1635,30.5,159,0,0,0,0,0,0,11.200000000000045,0,Medium,Medium,High,No
8755,8755,8756,M23615,M,297.4,308.7,1582,31.9,161,0,0,0,0,0,0,11.300000000000011,0,Medium,Medium,High,No
8756,8756,8757,L55936,L,297.5,308.7,1761,26.2,164,0,0,0,0,0,0,11.199999999999989,0,Medium,High,High,No
8757,8757,8758,L55937,L,297.5,308.8,1587,34.9,166,0,0,0,0,0,0,11.300000000000011,0,Medium,Medium,High,No
8758,8758,8759,M23618,M,297.5,308.7,1446,53.0,168,0,0,0,0,0,0,11.199999999999989,0,High,Medium,High,No
8759,8759,8760,M23619,M,297.5,308.7,1352,53.0,171,0,0,0,0,0,0,11.199999999999989,0,High,Medium,High,No
8760,8760,8761,M23620,M,297.4,308.7,1392,46.4,174,0,0,0,0,0,0,11.300000000000011,0,High,Medium,High,No
8761,8761,8762,L55941,L,297.5,308.8,1417,49.8,177,0,0,0,0,0,0,11.300000000000011,0,High,Medium,High,No
8762,8762,8763,H38176,H,297.5,308.8,1824,24.0,179,0,0,0,0,0,0,11.300000000000011,0,Low,High,High,No
8763,8763,8764,L55943,L,297.5,308.8,1603,36.7,184,0,0,0,0,0,0,11.300000000000011,0,Medium,Medium,High,No
8764,8764,8765,L55944,L,297.4,308.8,1620,33.4,186,0,0,0,0,0,0,11.400000000000034,0,Medium,Medium,High,No
8765,8765,8766,L55945,L,297.4,308.8,1353,49.4,188,0,0,0,0,0,0,11.400000000000034,0,High,Medium,High,No
8766,8766,8767,L55946,L,297.5,308.8,1360,50.7,190,0,0,0,0,0,0,11.300000000000011,0,High,Medium,High,No
8767,8767,8768,L55947,L,297.5,308.6,1380,53.5,192,0,0,0,0,0,0,11.100000000000023,0,High,Medium,High,No
8768,8768,8769,M23628,M,297.5,308.7,1363,53.6,194,0,0,0,0,0,0,11.199999999999989,0,High,Medium,High,No
8769,8769,8770,M23629,M,297.4,308.6,1452,41.2,197,0,0,0,0,0,0,11.200000000000045,0,Medium,Medium,High,No
8770,8770,8771,L55950,L,297.4,308.6,1680,32.8,200,0,0,0,0,0,0,11.200000000000045,0,Medium,High,High,No
8771,8771,8772,L55951,L,297.5,308.6,1536,39.0,202,0,0,0,0,0,0,11.100000000000023,0,Medium,Medium,High,No
8772,8772,8773,L55952,L,297.5,308.6,1621,28.9,0,0,0,0,0,0,0,11.100000000000023,0,Medium,Medium,Low,No
8773,8773,8774,L55953,L,297.5,308.6,1585,37.6,2,0,0,0,0,0,0,11.100000000000023,0,Medium,Medium,Low,No
8774,8774,8775,M23634,M,297.6,308.7,1408,51.5,4,0,0,0,0,0,0,11.099999999999966,0,High,Medium,Low,No
8775,8775,8776,H38189,H,297.5,308.6,1536,38.7,7,0,0,0,0,0,0,11.100000000000023,0,Medium,Medium,Low,No
8776,8776,8777,L55956,L,297.5,308.6,1352,52.6,12,0,0,0,0,0,0,11.100000000000023,0,High,Medium,Low,No
8777,8777,8778,H38191,H,297.5,308.6,1481,38.8,14,0,0,0,0,0,0,11.100000000000023,0,Medium,Medium,Low,No
8778,8778,8779,L55958,L,297.5,308.7,1454,45.0,19,0,0,0,0,0,0,11.199999999999989,0,Medium,Medium,Low,No
8779,8779,8780,M23639,M,297.5,308.6,1349,51.5,21,0,0,0,0,0,0,11.100000000000023,0,High,Medium,Low,No
8780,8780,8781,M23640,M,297.5,308.6,1327,52.1,24,0,0,0,0,0,0,11.100000000000023,0,High,Medium,Low,No
8781,8781,8782,L55961,L,297.6,308.7,1552,42.3,27,0,0,0,0,0,0,11.099999999999966,0,Medium,Medium,Low,No
8782,8782,8783,L55962,L,297.5,308.7,1456,44.7,29,0,0,0,0,0,0,11.199999999999989,0,Medium,Medium,Low,No
8783,8783,8784,M23643,M,297.6,308.6,1254,45.8,31,0,0,0,0,0,0,11.0,0,High,Medium,Low,No
8784,8784,8785,L55964,L,297.5,308.6,1437,43.3,34,0,0,0,0,0,0,11.100000000000023,0,Medium,Medium,Low,No
8785,8785,8786,L55965,L,297.5,308.6,1694,27.1,36,0,0,0,0,0,0,11.100000000000023,0,Medium,High,Low,No
8786,8786,8787,L55966,L,297.5,308.5,1306,50.7,38,0,0,0,0,0,0,11.0,0,High,Medium,Low,No
8787,8787,8788,M23647,M,297.5,308.5,1699,30.1,40,0,0,0,0,0,0,11.0,0,Medium,High,Low,No
8788,8788,8789,L55968,L,297.4,308.5,1369,53.2,43,0,0,0,0,0,0,11.100000000000023,0,High,Medium,Low,No
8789,8789,8790,L55969,L,297.4,308.5,1471,43.9,45,0,0,0,0,0,0,11.100000000000023,0,Medium,Medium,Low,No
8790,8790,8791,L55970,L,297.4,308.5,1410,43.9,47,0,0,0,0,0,0,11.100000000000023,0,Medium,Medium,Low,No
8791,8791,8792,M23651,M,297.4,308.5,1412,45.5,49,0,0,0,0,0,0,11.100000000000023,0,High,Medium,Low,No
8792,8792,8793,L55972,L,297.4,308.5,1418,51.2,52,0,0,0,0,0,0,11.100000000000023,0,High,Medium,Low,No
8793,8793,8794,L55973,L,297.4,308.5,1782,25.9,54,0,0,0,0,0,0,11.100000000000023,0,High,High,Low,No
8794,8794,8795,M23654,M,297.4,308.5,1497,36.4,56,0,0,0,0,0,0,11.100000000000023,0,Medium,Medium,Low,No
8795,8795,8796,L55975,L,297.3,308.4,1459,39.4,59,0,0,0,0,0,0,11.099999999999966,0,Medium,Medium,Low,No
8796,8796,8797,L55976,L,297.2,308.3,1796,23.8,61,0,0,0,0,0,0,11.100000000000023,0,Low,High,Low,No
8797,8797,8798,L55977,L,297.2,308.3,1569,31.2,63,0,0,0,0,0,0,11.100000000000023,0,Medium,Medium,Low,No
8798,8798,8799,L55978,L,297.3,308.4,1469,46.7,65,0,0,0,0,0,0,11.099999999999966,0,High,Medium,Low,No
8799,8799,8800,L55979,L,297.3,308.4,1472,41.3,67,0,0,0,0,0,0,11.099999999999966,0,Medium,Medium,Low,No
8800,8800,8801,L55980,L,297.4,308.5,1475,47.2,69,0,0,0,0,0,0,11.100000000000023,0,High,Medium,Low,No
8801,8801,8802,L55981,L,297.4,308.6,1488,36.4,71,0,0,0,0,0,0,11.200000000000045,0,Medium,Medium,Low,No
8802,8802,8803,L55982,L,297.4,308.6,1524,43.1,73,0,0,0,0,0,0,11.200000000000045,0,Medium,Medium,Low,No
8803,8803,8804,L55983,L,297.4,308.5,1486,48.6,75,0,0,0,0,0,0,11.100000000000023,0,High,Medium,Low,No
8804,8804,8805,M23664,M,297.5,308.6,1255,60.7,77,0,0,0,0,0,0,11.100000000000023,0,High,Medium,Low,No
8805,8805,8806,M23665,M,297.4,308.6,1469,42.6,80,0,0,0,0,0,0,11.200000000000045,0,Medium,Medium,Low,No
8806,8806,8807,L55986,L,297.4,308.5,1692,34.3,83,0,0,0,0,0,0,11.100000000000023,0,Medium,High,Medium,No
8807,8807,8808,M23667,M,297.4,308.6,1604,32.8,85,0,0,0,0,0,0,11.200000000000045,0,Medium,Medium,Medium,No
8808,8808,8809,L55988,L,297.4,308.6,1446,48.1,88,0,0,0,0,0,0,11.200000000000045,0,High,Medium,Medium,No
8809,8809,8810,L55989,L,297.3,308.5,1503,43.3,90,0,0,0,0,0,0,11.199999999999989,0,Medium,Medium,Medium,No
8810,8810,8811,M23670,M,297.3,308.5,1625,32.8,92,0,0,0,0,0,0,11.199999999999989,0,Medium,Medium,Medium,No
8811,8811,8812,L55991,L,297.2,308.5,1574,35.8,95,0,0,0,0,0,0,11.300000000000011,0,Medium,Medium,Medium,No
8812,8812,8813,M23672,M,297.2,308.4,1378,41.9,97,0,0,0,0,0,0,11.199999999999989,0,Medium,Medium,Medium,No
8813,8813,8814,L55993,L,297.1,308.4,1693,29.5,100,0,0,0,0,0,0,11.299999999999955,0,Medium,High,Medium,No
8814,8814,8815,L55994,L,297.2,308.4,1462,51.2,102,0,0,0,0,0,0,11.199999999999989,0,High,Medium,Medium,No
8815,8815,8816,H38229,H,297.3,308.5,1435,55.0,104,0,0,0,0,0,0,11.199999999999989,0,High,Medium,Medium,No
8816,8816,8817,M23676,M,297.2,308.5,1425,45.8,109,0,0,0,0,0,0,11.300000000000011,0,High,Medium,Medium,No
8817,8817,8818,H38231,H,297.3,308.6,1376,53.5,112,0,0,0,0,0,0,11.300000000000011,0,High,Medium,Medium,No
8818,8818,8819,M23678,M,297.4,308.7,1481,48.0,117,0,0,0,0,0,0,11.300000000000011,0,High,Medium,Medium,No
8819,8819,8820,H38233,H,297.4,308.7,1349,48.9,120,0,0,0,0,0,0,11.300000000000011,0,High,Medium,Medium,No
8820,8820,8821,L56000,L,297.3,308.7,1551,40.0,125,0,0,0,0,0,0,11.399999999999977,0,Medium,Medium,Medium,No
8821,8821,8822,H38235,H,297.4,308.7,1623,33.8,127,0,0,0,0,0,0,11.300000000000011,0,Medium,Medium,Medium,No
8822,8822,8823,L56002,L,297.4,308.8,1462,49.7,132,0,0,0,0,0,0,11.400000000000034,0,High,Medium,High,No
8823,8823,8824,M23683,M,297.3,308.8,1447,57.4,134,0,0,0,0,0,0,11.5,0,High,Medium,High,No
8824,8824,8825,M23684,M,297.3,308.9,1799,24.5,137,0,0,0,0,0,0,11.599999999999966,0,Low,High,High,No
8825,8825,8826,M23685,M,297.3,308.8,1548,41.3,140,0,0,0,0,0,0,11.5,0,Medium,Medium,High,No
8826,8826,8827,M23686,M,297.2,308.8,1485,47.9,143,0,0,0,0,0,0,11.600000000000023,0,High,Medium,High,No
8827,8827,8828,L56007,L,297.2,308.7,1463,49.9,146,0,0,0,0,0,0,11.5,0,High,Medium,High,No
8828,8828,8829,L56008,L,297.3,308.7,1587,35.8,148,0,0,0,0,0,0,11.399999999999977,0,Medium,Medium,High,No
8829,8829,8830,M23689,M,297.3,308.8,1469,44.1,150,0,0,0,0,0,0,11.5,0,Medium,Medium,High,No
8830,8830,8831,H38244,H,297.3,308.7,1430,42.8,153,0,0,0,0,0,0,11.399999999999977,0,Medium,Medium,High,No
8831,8831,8832,H38245,H,297.4,308.7,1726,26.8,158,0,0,0,0,0,0,11.300000000000011,0,Medium,High,High,No
8832,8832,8833,L56012,L,297.4,308.8,1651,34.1,163,0,0,0,0,0,0,11.400000000000034,0,Medium,High,High,No
8833,8833,8834,L56013,L,297.4,308.8,1529,41.3,165,0,0,0,0,0,0,11.400000000000034,0,Medium,Medium,High,No
8834,8834,8835,L56014,L,297.4,308.8,1473,46.2,167,0,0,0,0,0,0,11.400000000000034,0,High,Medium,High,No
8835,8835,8836,H38249,H,297.4,308.8,1324,53.5,169,0,0,0,0,0,0,11.400000000000034,0,High,Medium,High,No
8836,8836,8837,L56016,L,297.4,308.9,1708,28.8,174,0,0,0,0,0,0,11.5,0,Medium,High,High,No
8837,8837,8838,M23697,M,297.5,309.1,1540,38.5,176,0,0,0,0,0,0,11.600000000000023,0,Medium,Medium,High,No
8838,8838,8839,L56018,L,297.5,309.0,1320,54.7,179,0,0,0,0,0,0,11.5,0,High,Medium,High,No
8839,8839,8840,M23699,M,297.4,308.9,1376,39.0,181,0,0,0,0,0,0,11.5,0,Medium,Medium,High,No
8840,8840,8841,M23700,M,297.3,308.7,1542,37.0,184,0,0,0,0,0,0,11.399999999999977,0,Medium,Medium,High,No
8841,8841,8842,L56021,L,297.3,308.7,1506,39.3,187,0,0,0,0,0,0,11.399999999999977,0,Medium,Medium,High,No
8842,8842,8843,L56022,L,297.3,308.7,1492,43.6,189,0,0,0,0,0,0,11.399999999999977,0,Medium,Medium,High,No
8843,8843,8844,H38257,H,297.3,308.8,1564,38.0,191,0,0,0,0,0,0,11.5,0,Medium,Medium,High,No
8844,8844,8845,H38258,H,297.4,308.9,1645,30.8,196,0,0,0,0,0,0,11.5,0,Medium,Medium,High,No
8845,8845,8846,M23705,M,297.4,308.9,1348,59.1,201,0,0,0,0,0,0,11.5,0,High,Medium,High,No
8846,8846,8847,M23706,M,297.4,308.8,1325,62.4,204,1,1,0,0,1,0,11.400000000000034,2,High,Medium,High,No
8847,8847,8848,L56027,L,297.5,308.9,1443,43.5,0,0,0,0,0,0,0,11.399999999999977,0,Medium,Medium,Low,No
8848,8848,8849,M23708,M,297.5,308.9,1436,44.8,2,0,0,0,0,0,0,11.399999999999977,0,Medium,Medium,Low,No
8849,8849,8850,L56029,L,297.5,308.9,1596,30.7,5,0,0,0,0,0,0,11.399999999999977,0,Medium,Medium,Low,No
8850,8850,8851,L56030,L,297.6,309.0,1491,43.2,7,0,0,0,0,0,0,11.399999999999977,0,Medium,Medium,Low,No
8851,8851,8852,M23711,M,297.7,308.9,1573,35.1,9,0,0,0,0,0,0,11.199999999999989,0,Medium,Medium,Low,No
8852,8852,8853,L56032,L,297.7,308.9,1575,39.9,12,0,0,0,0,0,0,11.199999999999989,0,Medium,Medium,Low,No
8853,8853,8854,L56033,L,297.7,308.9,1458,41.1,14,0,0,0,0,0,0,11.199999999999989,0,Medium,Medium,Low,No
8854,8854,8855,M23714,M,297.7,309.0,1433,41.8,16,0,0,0,0,0,0,11.300000000000011,0,Medium,Medium,Low,No
8855,8855,8856,L56035,L,297.7,308.9,1662,28.1,19,0,0,0,0,0,0,11.199999999999989,0,Medium,High,Low,No
8856,8856,8857,M23716,M,297.7,308.9,1327,63.7,21,0,0,0,0,0,0,11.199999999999989,0,High,Medium,Low,No
8857,8857,8858,L56037,L,297.7,308.9,1742,26.3,24,0,0,0,0,0,0,11.199999999999989,0,Medium,High,Low,No
8858,8858,8859,L56038,L,297.8,308.9,1506,33.5,26,0,0,0,0,0,0,11.099999999999966,0,Medium,Medium,Low,No
8859,8859,8860,L56039,L,297.9,309.1,1457,44.4,28,0,0,0,0,0,0,11.200000000000045,0,Medium,Medium,Low,No
8860,8860,8861,M23720,M,297.9,309.1,1488,37.3,30,0,0,0,0,0,0,11.200000000000045,0,Medium,Medium,Low,No
8861,8861,8862,L56041,L,297.9,309.1,1619,34.7,33,0,0,0,0,0,0,11.200000000000045,0,Medium,Medium,Low,No
8862,8862,8863,M23722,M,298.0,309.2,1558,41.7,35,0,0,0,0,0,0,11.199999999999989,0,Medium,Medium,Low,No
8863,8863,8864,L56043,L,298.0,309.2,1731,28.7,38,0,0,0,0,0,0,11.199999999999989,0,Medium,High,Low,No
8864,8864,8865,M23724,M,298.0,309.1,1574,34.8,40,0,0,0,0,0,0,11.100000000000023,0,Medium,Medium,Low,No
8865,8865,8866,L56045,L,297.9,309.0,1290,49.8,43,0,0,0,0,0,0,11.100000000000023,0,High,Medium,Low,No
8866,8866,8867,H38280,H,297.9,308.9,1416,39.6,45,0,0,0,0,0,0,11.0,0,Medium,Medium,Low,No
8867,8867,8868,L56047,L,297.9,308.9,1566,41.9,50,0,0,0,0,0,0,11.0,0,Medium,Medium,Low,No
8868,8868,8869,L56048,L,297.9,309.0,1456,46.5,52,0,0,0,0,0,0,11.100000000000023,0,High,Medium,Low,No
8869,8869,8870,L56049,L,297.9,309.0,1528,37.5,54,0,0,0,0,0,0,11.100000000000023,0,Medium,Medium,Low,No
8870,8870,8871,M23730,M,297.9,309.1,1338,49.6,56,0,0,0,0,0,0,11.200000000000045,0,High,Medium,Low,No
8871,8871,8872,M23731,M,297.9,309.1,1558,39.2,59,0,0,0,0,0,0,11.200000000000045,0,Medium,Medium,Low,No
8872,8872,8873,M23732,M,297.9,309.1,1614,38.1,62,0,0,0,0,0,0,11.200000000000045,0,Medium,Medium,Low,No
8873,8873,8874,H38287,H,298.0,309.1,1557,36.4,65,0,0,0,0,0,0,11.100000000000023,0,Medium,Medium,Low,No
8874,8874,8875,L56054,L,298.1,309.3,1443,45.3,70,0,0,0,0,0,0,11.199999999999989,0,High,Medium,Low,No
8875,8875,8876,H38289,H,298.1,309.3,1332,51.0,72,0,0,0,0,0,0,11.199999999999989,0,High,Medium,Low,No
8876,8876,8877,M23736,M,298.1,309.3,1752,25.2,77,0,0,0,0,0,0,11.199999999999989,0,High,High,Low,No
8877,8877,8878,M23737,M,298.1,309.2,1460,45.8,80,0,0,0,0,0,0,11.099999999999966,0,High,Medium,Low,No
8878,8878,8879,L56058,L,298.1,309.2,1802,26.9,83,0,0,0,0,0,0,11.099999999999966,0,Medium,High,Medium,No
8879,8879,8880,L56059,L,298.0,309.2,1527,39.5,85,0,0,0,0,0,0,11.199999999999989,0,Medium,Medium,Medium,No
8880,8880,8881,L56060,L,298.0,309.2,1458,39.8,87,0,0,0,0,0,0,11.199999999999989,0,Medium,Medium,Medium,No
8881,8881,8882,H38295,H,298.0,309.2,1520,37.9,89,0,0,0,0,0,0,11.199999999999989,0,Medium,Medium,Medium,No
8882,8882,8883,L56062,L,298.0,309.2,1378,49.7,94,0,0,0,0,0,0,11.199999999999989,0,High,Medium,Medium,No
8883,8883,8884,M23743,M,297.9,309.2,1529,38.1,96,0,0,0,0,0,0,11.300000000000011,0,Medium,Medium,Medium,No
8884,8884,8885,L56064,L,298.0,309.2,1527,32.4,99,0,0,0,0,0,0,11.199999999999989,0,Medium,Medium,Medium,No
8885,8885,8886,M23745,M,298.0,309.2,1438,42.9,101,0,0,0,0,0,0,11.199999999999989,0,Medium,Medium,Medium,No
8886,8886,8887,L56066,L,297.9,309.0,1583,36.7,104,0,0,0,0,0,0,11.100000000000023,0,Medium,Medium,Medium,No
8887,8887,8888,L56067,L,297.8,308.9,1530,37.6,106,0,0,0,0,0,0,11.099999999999966,0,Medium,Medium,Medium,No
8888,8888,8889,M23748,M,297.7,308.9,1530,39.1,108,0,0,0,0,0,0,11.199999999999989,0,Medium,Medium,Medium,No
8889,8889,8890,M23749,M,297.7,308.8,2089,19.1,111,0,0,0,0,0,0,11.100000000000023,0,Low,High,Medium,No
8890,8890,8891,L56070,L,297.7,308.8,1616,34.2,114,0,0,0,0,0,0,11.100000000000023,0,Medium,Medium,Medium,No
8891,8891,8892,M23751,M,297.7,308.9,1681,28.3,116,0,0,0,0,0,0,11.199999999999989,0,Medium,High,Medium,No
8892,8892,8893,L56072,L,297.6,308.8,1475,43.0,119,0,0,0,0,0,0,11.199999999999989,0,Medium,Medium,Medium,No
8893,8893,8894,L56073,L,297.5,308.7,1371,46.5,121,0,0,0,0,0,0,11.199999999999989,0,High,Medium,Medium,No
8894,8894,8895,M23754,M,297.5,308.7,1546,38.0,123,0,0,0,0,0,0,11.199999999999989,0,Medium,Medium,Medium,No
8895,8895,8896,H38309,H,297.4,308.6,1461,40.1,126,0,0,0,0,0,0,11.200000000000045,0,Medium,Medium,Medium,No
8896,8896,8897,L56076,L,297.4,308.7,1638,31.9,131,0,0,0,0,0,0,11.300000000000011,0,Medium,Medium,High,No
8897,8897,8898,M23757,M,297.3,308.7,1577,35.6,133,0,0,0,0,0,0,11.399999999999977,0,Medium,Medium,High,No
8898,8898,8899,L56078,L,297.4,308.6,1532,38.7,136,0,0,0,0,0,0,11.200000000000045,0,Medium,Medium,High,No
8899,8899,8900,M23759,M,297.3,308.5,1710,27.7,138,0,0,0,0,0,0,11.199999999999989,0,Medium,High,High,No
8900,8900,8901,M23760,M,297.3,308.6,1584,29.4,141,0,0,0,0,0,0,11.300000000000011,0,Medium,Medium,High,No
8901,8901,8902,L56081,L,297.3,308.6,1446,50.1,144,0,0,0,0,0,0,11.300000000000011,0,High,Medium,High,No
8902,8902,8903,H38316,H,297.4,308.7,1522,46.3,146,0,0,0,0,0,0,11.300000000000011,0,High,Medium,High,No
8903,8903,8904,M23763,M,297.4,308.7,1382,49.9,151,0,0,0,0,0,0,11.300000000000011,0,High,Medium,High,No
8904,8904,8905,L56084,L,297.4,308.7,1584,38.2,154,0,0,0,0,0,0,11.300000000000011,0,Medium,Medium,High,No
8905,8905,8906,L56085,L,297.3,308.6,1385,55.2,156,0,0,0,0,0,0,11.300000000000011,0,High,Medium,High,No
8906,8906,8907,L56086,L,297.3,308.7,1592,34.4,158,0,0,0,0,0,0,11.399999999999977,0,Medium,Medium,High,No
8907,8907,8908,M23767,M,297.2,308.6,1404,43.7,160,0,0,0,0,0,0,11.400000000000034,0,Medium,Medium,High,No
8908,8908,8909,L56088,L,297.2,308.5,1518,44.3,163,0,0,0,0,0,0,11.300000000000011,0,Medium,Medium,High,No
8909,8909,8910,L56089,L,297.1,308.4,1529,40.4,165,0,0,0,0,0,0,11.299999999999955,0,Medium,Medium,High,No
8910,8910,8911,L56090,L,297.1,308.4,1550,37.0,167,0,0,0,0,0,0,11.299999999999955,0,Medium,Medium,High,No
8911,8911,8912,L56091,L,297.1,308.3,1773,23.8,169,0,0,0,0,0,0,11.199999999999989,0,Low,High,High,No
8912,8912,8913,L56092,L,297.2,308.5,1446,43.7,171,0,0,0,0,0,0,11.300000000000011,0,Medium,Medium,High,No
8913,8913,8914,M23773,M,297.2,308.5,1487,46.9,173,0,0,0,0,0,0,11.300000000000011,0,High,Medium,High,No
8914,8914,8915,M23774,M,297.3,308.5,1524,49.3,176,0,0,0,0,0,0,11.199999999999989,0,High,Medium,High,No
8915,8915,8916,L56095,L,297.1,308.3,1403,54.1,179,0,0,0,0,0,0,11.199999999999989,0,High,Medium,High,No
8916,8916,8917,L56096,L,297.1,308.2,2267,15.7,181,0,0,0,0,0,0,11.099999999999966,0,Low,High,High,No
8917,8917,8918,M23777,M,297.1,308.2,1529,37.9,183,0,0,0,0,0,0,11.099999999999966,0,Medium,Medium,High,No
8918,8918,8919,L56098,L,297.1,308.2,1402,51.2,186,0,0,0,0,0,0,11.099999999999966,0,High,Medium,High,No
8919,8919,8920,L56099,L,297.2,308.3,1693,28.0,188,0,0,0,0,0,0,11.100000000000023,0,Medium,High,High,No
8920,8920,8921,L56100,L,297.1,308.3,1496,45.8,190,0,0,0,0,0,0,11.199999999999989,0,High,Medium,High,No
8921,8921,8922,L56101,L,297.1,308.1,1633,33.3,192,0,0,0,0,0,0,11.0,0,Medium,Medium,High,No
8922,8922,8923,L56102,L,297.1,308.2,1399,42.6,194,0,0,0,0,0,0,11.099999999999966,0,Medium,Medium,High,No
8923,8923,8924,M23783,M,297.0,308.1,1363,45.3,196,0,0,0,0,0,0,11.100000000000023,0,High,Medium,High,No
8924,8924,8925,H38338,H,297.1,308.2,1527,42.2,199,0,0,0,0,0,0,11.099999999999966,0,Medium,Medium,High,No
8925,8925,8926,M23785,M,297.2,308.2,1405,42.5,204,0,0,0,0,0,0,11.0,0,Medium,Medium,High,No
8926,8926,8927,M23786,M,297.3,308.3,1459,59.6,207,1,0,0,1,1,0,11.0,2,High,Medium,High,No
8927,8927,8928,M23787,M,297.4,308.4,1789,25.0,210,0,0,0,0,0,0,11.0,0,Low,High,High,No
8928,8928,8929,L56108,L,297.4,308.4,1531,41.5,213,0,0,0,0,0,0,11.0,0,Medium,Medium,High,No
8929,8929,8930,M23789,M,297.4,308.4,1620,35.8,215,0,0,0,0,0,0,11.0,0,Medium,Medium,High,No
8930,8930,8931,L56110,L,297.4,308.4,1571,39.4,0,0,0,0,0,0,0,11.0,0,Medium,Medium,Low,No
8931,8931,8932,L56111,L,297.4,308.4,1434,39.9,2,0,0,0,0,0,0,11.0,0,Medium,Medium,Low,No
8932,8932,8933,L56112,L,297.4,308.4,1474,43.6,4,0,0,0,0,0,0,11.0,0,Medium,Medium,Low,No
8933,8933,8934,M23793,M,297.3,308.3,1544,41.7,6,0,0,0,0,0,0,11.0,0,Medium,Medium,Low,No
8934,8934,8935,L56114,L,297.3,308.2,1601,35.7,9,0,0,0,0,0,0,10.899999999999977,0,Medium,Medium,Low,No
8935,8935,8936,L56115,L,297.4,308.3,1801,26.9,11,0,0,0,0,0,0,10.900000000000034,0,Medium,High,Low,No
8936,8936,8937,L56116,L,297.4,308.3,1465,42.0,13,0,0,0,0,0,0,10.900000000000034,0,Medium,Medium,Low,No
8937,8937,8938,M23797,M,297.4,308.4,1340,52.6,15,0,0,0,0,0,0,11.0,0,High,Medium,Low,No
8938,8938,8939,M23798,M,297.4,308.4,1517,41.0,18,0,0,0,0,0,0,11.0,0,Medium,Medium,Low,No
8939,8939,8940,M23799,M,297.3,308.4,1434,44.8,21,0,0,0,0,0,0,11.099999999999966,0,Medium,Medium,Low,No
8940,8940,8941,H38354,H,297.3,308.3,1935,19.3,24,0,0,0,0,0,0,11.0,0,Low,High,Low,No
8941,8941,8942,M23801,M,297.3,308.3,1595,32.2,29,0,0,0,0,0,0,11.0,0,Medium,Medium,Low,No
8942,8942,8943,L56122,L,297.3,308.3,2188,17.0,32,0,0,0,0,0,0,11.0,0,Low,High,Low,No
8943,8943,8944,M23803,M,297.3,308.4,1449,44.4,34,0,0,0,0,0,0,11.099999999999966,0,Medium,Medium,Low,No
8944,8944,8945,L56124,L,297.3,308.3,1471,38.2,37,0,0,0,0,0,0,11.0,0,Medium,Medium,Low,No
8945,8945,8946,L56125,L,297.4,308.2,1639,33.8,39,0,0,0,0,0,0,10.800000000000011,0,Medium,Medium,Low,No
8946,8946,8947,M23806,M,297.3,308.2,1846,24.5,41,0,0,0,0,0,0,10.899999999999977,0,Low,High,Low,No
8947,8947,8948,M23807,M,297.3,308.2,1452,38.2,44,0,0,0,0,0,0,10.899999999999977,0,Medium,Medium,Low,No
8948,8948,8949,M23808,M,297.4,308.3,1483,41.9,47,0,0,0,0,0,0,10.900000000000034,0,Medium,Medium,Low,No
8949,8949,8950,L56129,L,297.4,308.3,1284,60.3,50,0,0,0,0,0,0,10.900000000000034,0,High,Medium,Low,No
8950,8950,8951,L56130,L,297.4,308.2,1419,50.0,52,0,0,0,0,0,0,10.800000000000011,0,High,Medium,Low,No
8951,8951,8952,L56131,L,297.3,308.1,1763,28.4,54,0,0,0,0,0,0,10.800000000000011,0,Medium,High,Low,No
8952,8952,8953,M23812,M,297.2,308.0,1478,42.5,56,0,0,0,0,0,0,10.800000000000011,0,Medium,Medium,Low,No
8953,8953,8954,L56133,L,297.3,308.0,1518,36.0,59,0,0,0,0,0,0,10.699999999999989,0,Medium,Medium,Low,No
8954,8954,8955,L56134,L,297.3,308.0,1447,49.0,61,0,0,0,0,0,0,10.699999999999989,0,High,Medium,Low,No
8955,8955,8956,M23815,M,297.4,308.0,1355,55.1,63,0,0,0,0,0,0,10.600000000000023,0,High,Medium,Low,No
8956,8956,8957,L56136,L,297.4,308.1,1348,57.4,66,0,0,0,0,0,0,10.700000000000045,0,High,Medium,Low,No
8957,8957,8958,L56137,L,297.4,308.1,1348,53.7,68,0,0,0,0,0,0,10.700000000000045,0,High,Medium,Low,No
8958,8958,8959,M23818,M,297.4,308.1,1734,27.7,70,0,0,0,0,0,0,10.700000000000045,0,Medium,High,Low,No
8959,8959,8960,L56139,L,297.3,308.0,1420,46.5,73,0,0,0,0,0,0,10.699999999999989,0,High,Medium,Low,No
8960,8960,8961,L56140,L,297.3,307.9,1797,24.7,75,0,0,0,0,0,0,10.599999999999966,0,Low,High,Low,No
8961,8961,8962,M23821,M,297.3,308.0,1403,45.0,77,0,0,0,0,0,0,10.699999999999989,0,Medium,Medium,Low,No
8962,8962,8963,L56142,L,297.3,307.9,1628,30.2,80,0,0,0,0,0,0,10.599999999999966,0,Medium,Medium,Low,No
8963,8963,8964,M23823,M,297.2,307.9,1687,30.4,82,0,0,0,0,0,0,10.699999999999989,0,Medium,High,Medium,No
8964,8964,8965,M23824,M,297.2,307.9,1456,44.9,85,0,0,0,0,0,0,10.699999999999989,0,Medium,Medium,Medium,No
8965,8965,8966,L56145,L,297.1,307.9,1496,44.7,88,0,0,0,0,0,0,10.799999999999955,0,Medium,Medium,Medium,No
8966,8966,8967,L56146,L,297.1,307.8,1636,30.3,90,0,0,0,0,0,0,10.699999999999989,0,Medium,Medium,Medium,No
8967,8967,8968,L56147,L,297.1,307.8,1536,40.4,92,0,0,0,0,0,0,10.699999999999989,0,Medium,Medium,Medium,No
8968,8968,8969,L56148,L,297.1,307.8,1454,50.6,94,0,0,0,0,0,0,10.699999999999989,0,High,Medium,Medium,No
8969,8969,8970,L56149,L,297.0,307.8,1396,50.0,96,0,0,0,0,0,0,10.800000000000011,0,High,Medium,Medium,No
8970,8970,8971,L56150,L,297.0,307.6,1575,37.4,98,0,0,0,0,0,0,10.600000000000023,0,Medium,Medium,Medium,No
8971,8971,8972,L56151,L,296.9,307.6,1514,35.7,100,0,0,0,0,0,0,10.700000000000045,0,Medium,Medium,Medium,No
8972,8972,8973,M23832,M,296.8,307.4,1455,49.9,102,0,0,0,0,0,0,10.599999999999966,0,High,Medium,Medium,No
8973,8973,8974,L56153,L,296.8,307.4,1549,48.3,105,0,0,0,0,0,0,10.599999999999966,0,High,Medium,Medium,No
8974,8974,8975,L56154,L,296.8,307.5,1474,42.4,107,0,0,0,0,0,0,10.699999999999989,0,Medium,Medium,Medium,No
8975,8975,8976,H38389,H,296.7,307.4,1661,34.2,109,0,0,0,0,0,0,10.699999999999989,0,Medium,High,Medium,No
8976,8976,8977,L56156,L,296.7,307.4,1535,34.6,114,0,0,0,0,0,0,10.699999999999989,0,Medium,Medium,Medium,No
8977,8977,8978,M23837,M,296.9,307.5,1556,31.2,116,0,0,0,0,0,0,10.600000000000023,0,Medium,Medium,Medium,No
8978,8978,8979,L56158,L,296.9,307.6,1435,45.0,119,0,0,0,0,0,0,10.700000000000045,0,Medium,Medium,Medium,No
8979,8979,8980,M23839,M,296.9,307.5,1332,51.1,121,0,0,0,0,0,0,10.600000000000023,0,High,Medium,Medium,No
8980,8980,8981,L56160,L,297.0,307.6,1513,42.4,124,0,0,0,0,0,0,10.600000000000023,0,Medium,Medium,Medium,No
8981,8981,8982,L56161,L,297.0,307.7,1502,39.4,126,0,0,0,0,0,0,10.699999999999989,0,Medium,Medium,Medium,No
8982,8982,8983,L56162,L,297.0,307.7,1315,60.1,128,0,0,0,0,0,0,10.699999999999989,0,High,Medium,Medium,No
8983,8983,8984,M23843,M,297.0,307.7,1261,51.1,130,0,0,0,0,0,0,10.699999999999989,0,High,Medium,Medium,No
8984,8984,8985,L56164,L,297.1,307.8,1406,60.4,133,0,0,0,0,0,0,10.699999999999989,0,High,Medium,High,No
8985,8985,8986,L56165,L,297.1,307.8,1584,42.3,135,0,0,0,0,0,0,10.699999999999989,0,Medium,Medium,High,No
8986,8986,8987,M23846,M,297.1,307.8,1443,43.9,137,0,0,0,0,0,0,10.699999999999989,0,Medium,Medium,High,No
8987,8987,8988,L56167,L,297.2,307.9,1580,35.8,140,0,0,0,0,0,0,10.699999999999989,0,Medium,Medium,High,No
8988,8988,8989,L56168,L,297.2,307.9,1825,24.6,142,0,0,0,0,0,0,10.699999999999989,0,Low,High,High,No
8989,8989,8990,L56169,L,297.2,307.9,1469,48.2,144,0,0,0,0,0,0,10.699999999999989,0,High,Medium,High,No
8990,8990,8991,L56170,L,297.2,307.9,1493,38.4,146,0,0,0,0,0,0,10.699999999999989,0,Medium,Medium,High,No
8991,8991,8992,M23851,M,297.3,308.0,1598,29.4,148,0,0,0,0,0,0,10.699999999999989,0,Medium,Medium,High,No
8992,8992,8993,H38406,H,297.2,307.9,1450,37.2,151,0,0,0,0,0,0,10.699999999999989,0,Medium,Medium,High,No
8993,8993,8994,M23853,M,297.2,307.9,1632,37.5,156,0,0,0,0,0,0,10.699999999999989,0,Medium,Medium,High,No
8994,8994,8995,M23854,M,297.1,307.9,1980,20.3,159,0,0,0,0,0,0,10.799999999999955,0,Low,High,High,No
8995,8995,8996,L56175,L,297.2,308.0,1474,43.7,162,0,0,0,0,0,0,10.800000000000011,0,Medium,Medium,High,No
8996,8996,8997,L56176,L,297.2,307.9,1540,37.1,164,0,0,0,0,0,0,10.699999999999989,0,Medium,Medium,High,No
8997,8997,8998,M23857,M,297.1,307.9,1609,38.9,166,0,0,0,0,0,0,10.799999999999955,0,Medium,Medium,High,No
8998,8998,8999,L56178,L,297.1,308.0,1467,42.8,169,0,0,0,0,0,0,10.899999999999977,0,Medium,Medium,High,No
8999,8999,9000,L56179,L,297.1,307.9,1492,39.4,171,0,0,0,0,0,0,10.799999999999955,0,Medium,Medium,High,No
9000,9000,9001,L56180,L,297.0,307.9,1493,46.1,173,0,0,0,0,0,0,10.899999999999977,0,High,Medium,High,No
9001,9001,9002,L56181,L,297.0,307.8,1500,39.9,175,0,0,0,0,0,0,10.800000000000011,0,Medium,Medium,High,No
9002,9002,9003,L56182,L,297.1,307.8,1477,36.6,177,0,0,0,0,0,0,10.699999999999989,0,Medium,Medium,High,No
9003,9003,9004,L56183,L,297.1,307.9,1342,49.1,179,0,0,0,0,0,0,10.799999999999955,0,High,Medium,High,No
9004,9004,9005,M23864,M,297.1,307.8,1538,34.3,181,0,0,0,0,0,0,10.699999999999989,0,Medium,Medium,High,No
9005,9005,9006,L56185,L,297.2,307.9,1337,58.1,184,0,0,0,0,0,0,10.699999999999989,0,High,Medium,High,No
9006,9006,9007,L56186,L,297.3,307.9,1417,41.8,186,0,0,0,0,0,0,10.599999999999966,0,Medium,Medium,High,No
9007,9007,9008,L56187,L,297.4,308.0,1383,46.2,188,0,0,0,0,0,0,10.600000000000023,0,High,Medium,High,No
9008,9008,9009,M23868,M,297.4,308.0,1440,42.4,190,0,0,0,0,0,0,10.600000000000023,0,Medium,Medium,High,No
9009,9009,9010,L56189,L,297.3,307.9,1579,34.4,193,0,0,0,0,0,0,10.599999999999966,0,Medium,Medium,High,No
9010,9010,9011,L56190,L,297.2,307.9,1441,40.0,195,0,0,0,0,0,0,10.699999999999989,0,Medium,Medium,High,No
9011,9011,9012,M23871,M,297.2,307.9,1530,35.9,197,0,0,0,0,0,0,10.699999999999989,0,Medium,Medium,High,No
9012,9012,9013,L56192,L,297.2,308.0,1705,26.0,200,0,0,0,0,0,0,10.800000000000011,0,Medium,High,High,No
9013,9013,9014,H38427,H,297.2,308.0,1435,43.0,202,0,0,0,0,0,0,10.800000000000011,0,Medium,Medium,High,No
9014,9014,9015,M23874,M,297.2,308.1,1340,61.3,207,1,0,0,0,1,0,10.900000000000034,1,High,Medium,High,No
9015,9015,9016,L56195,L,297.2,308.1,1431,49.7,210,1,0,0,0,0,0,10.900000000000034,0,High,Medium,High,No
9016,9016,9017,L56196,L,297.3,308.2,1396,52.7,212,1,0,0,0,1,0,10.899999999999977,1,High,Medium,High,No
9017,9017,9018,M23877,M,297.3,308.1,1369,52.0,214,0,0,0,0,0,0,10.800000000000011,0,High,Medium,High,No
9018,9018,9019,L56198,L,297.3,308.1,1615,35.4,217,1,1,0,0,0,0,10.800000000000011,1,Medium,Medium,High,No
9019,9019,9020,L56199,L,297.2,308.1,1662,31.3,0,0,0,0,0,0,0,10.900000000000034,0,Medium,High,Low,No
9020,9020,9021,L56200,L,297.3,308.2,1553,33.5,2,0,0,0,0,0,0,10.899999999999977,0,Medium,Medium,Low,No
9021,9021,9022,M23881,M,297.4,308.2,1536,34.6,4,0,0,0,0,0,0,10.800000000000011,0,Medium,Medium,Low,No
9022,9022,9023,L56202,L,297.4,308.3,1548,46.6,7,0,0,0,0,0,0,10.900000000000034,0,High,Medium,Low,No
9023,9023,9024,L56203,L,297.4,308.3,1706,30.9,9,0,0,0,0,0,0,10.900000000000034,0,Medium,High,Low,No
9024,9024,9025,L56204,L,297.4,308.3,1366,45.5,11,0,0,0,0,0,0,10.900000000000034,0,High,Medium,Low,No
9025,9025,9026,L56205,L,297.5,308.4,1440,35.9,13,0,0,0,0,0,0,10.899999999999977,0,Medium,Medium,Low,No
9026,9026,9027,M23886,M,297.5,308.4,1685,28.1,15,0,0,0,0,0,0,10.899999999999977,0,Medium,High,Low,No
9027,9027,9028,M23887,M,297.4,308.3,1444,44.0,18,0,0,0,0,0,0,10.900000000000034,0,Medium,Medium,Low,No
9028,9028,9029,L56208,L,297.4,308.3,1395,48.7,21,0,0,0,0,0,0,10.900000000000034,0,High,Medium,Low,No
9029,9029,9030,L56209,L,297.4,308.3,1483,38.8,23,0,0,0,0,0,0,10.900000000000034,0,Medium,Medium,Low,No
9030,9030,9031,M23890,M,297.5,308.4,1403,44.3,25,0,0,0,0,0,0,10.899999999999977,0,Medium,Medium,Low,No
9031,9031,9032,H38445,H,297.5,308.4,1793,23.9,28,0,0,0,0,0,0,10.899999999999977,0,Low,High,Low,No
9032,9032,9033,L56212,L,297.4,308.3,1723,28.8,33,0,0,0,0,0,0,10.900000000000034,0,Medium,High,Low,No
9033,9033,9034,L56213,L,297.4,308.2,1386,41.0,35,0,0,0,0,0,0,10.800000000000011,0,Medium,Medium,Low,No
9034,9034,9035,H38448,H,297.4,308.2,1585,46.2,37,0,0,0,0,0,0,10.800000000000011,0,High,Medium,Low,No
9035,9035,9036,M23895,M,297.3,308.1,1731,27.7,42,0,0,0,0,0,0,10.800000000000011,0,Medium,High,Low,No
9036,9036,9037,L56216,L,297.3,308.3,1519,37.7,45,0,0,0,0,0,0,11.0,0,Medium,Medium,Low,No
9037,9037,9038,L56217,L,297.3,308.2,1896,24.4,47,0,0,0,0,0,0,10.899999999999977,0,Low,High,Low,No
9038,9038,9039,L56218,L,297.3,308.3,2358,14.9,49,0,0,0,0,0,0,11.0,0,Low,High,Low,No
9039,9039,9040,M23899,M,297.3,308.3,1341,51.9,51,0,0,0,0,0,0,11.0,0,High,Medium,Low,No
9040,9040,9041,L56220,L,297.3,308.3,1550,37.0,54,0,0,0,0,0,0,11.0,0,Medium,Medium,Low,No
9041,9041,9042,L56221,L,297.3,308.3,1309,61.5,56,0,0,0,0,0,0,11.0,0,High,Medium,Low,No
9042,9042,9043,M23902,M,297.3,308.4,1599,32.9,58,0,0,0,0,0,0,11.099999999999966,0,Medium,Medium,Low,No
9043,9043,9044,L56223,L,297.4,308.4,1343,40.0,61,0,0,0,0,0,0,11.0,0,Medium,Medium,Low,No
9044,9044,9045,L56224,L,297.4,308.4,1378,39.9,63,0,0,0,0,0,0,11.0,0,Medium,Medium,Low,No
9045,9045,9046,L56225,L,297.4,308.4,1603,34.6,65,0,0,0,0,0,0,11.0,0,Medium,Medium,Low,No
9046,9046,9047,L56226,L,297.4,308.4,1664,28.1,67,0,0,0,0,0,0,11.0,0,Medium,High,Low,No
9047,9047,9048,L56227,L,297.3,308.4,1488,37.4,69,0,0,0,0,0,0,11.099999999999966,0,Medium,Medium,Low,No
9048,9048,9049,M23908,M,297.3,308.4,1370,50.5,71,0,0,0,0,0,0,11.099999999999966,0,High,Medium,Low,No
9049,9049,9050,L56229,L,297.3,308.5,1545,34.3,74,0,0,0,0,0,0,11.199999999999989,0,Medium,Medium,Low,No
9050,9050,9051,M23910,M,297.4,308.5,1566,31.4,76,0,0,0,0,0,0,11.100000000000023,0,Medium,Medium,Low,No
9051,9051,9052,L56231,L,297.4,308.6,1820,24.6,79,0,0,0,0,0,0,11.200000000000045,0,Low,High,Low,No
9052,9052,9053,M23912,M,297.4,308.6,1901,22.1,81,0,0,0,0,0,0,11.200000000000045,0,Low,High,Medium,No
9053,9053,9054,M23913,M,297.4,308.5,1638,32.2,84,0,0,0,0,0,0,11.100000000000023,0,Medium,Medium,Medium,No
9054,9054,9055,M23914,M,297.3,308.4,1521,38.2,87,0,0,0,0,0,0,11.099999999999966,0,Medium,Medium,Medium,No
9055,9055,9056,H38469,H,297.3,308.4,1864,23.1,90,0,0,0,0,0,0,11.099999999999966,0,Low,High,Medium,No
9056,9056,9057,L56236,L,297.3,308.3,1430,41.9,95,0,0,0,0,0,0,11.0,0,Medium,Medium,Medium,No
9057,9057,9058,M23917,M,297.3,308.4,1686,34.5,97,0,0,0,0,0,0,11.099999999999966,0,Medium,High,Medium,No
9058,9058,9059,M23918,M,297.2,308.3,1326,57.2,100,0,0,0,0,0,0,11.100000000000023,0,High,Medium,Medium,No
9059,9059,9060,L56239,L,297.2,308.3,1805,25.6,103,0,0,0,0,0,0,11.100000000000023,0,High,High,Medium,No
9060,9060,9061,H38474,H,297.2,308.3,1453,45.8,105,0,0,0,0,0,0,11.100000000000023,0,High,Medium,Medium,No
9061,9061,9062,M23921,M,297.2,308.4,1863,26.0,110,0,0,0,0,0,0,11.199999999999989,0,Medium,High,Medium,No
9062,9062,9063,L56242,L,297.2,308.3,1576,35.3,113,0,0,0,0,0,0,11.100000000000023,0,Medium,Medium,Medium,No
9063,9063,9064,L56243,L,297.2,308.3,1419,39.7,115,0,0,0,0,0,0,11.100000000000023,0,Medium,Medium,Medium,No
9064,9064,9065,L56244,L,297.2,308.4,1833,25.2,117,0,0,0,0,0,0,11.199999999999989,0,High,High,Medium,No
9065,9065,9066,H38479,H,297.2,308.4,2182,17.3,119,0,0,0,0,0,0,11.199999999999989,0,Low,High,Medium,No
9066,9066,9067,L56246,L,297.2,308.3,1656,30.3,124,0,0,0,0,0,0,11.100000000000023,0,Medium,High,Medium,No
9067,9067,9068,L56247,L,297.1,308.2,1351,56.6,126,0,0,0,0,0,0,11.099999999999966,0,High,Medium,Medium,No
9068,9068,9069,H38482,H,297.1,308.2,1790,30.3,128,0,0,0,0,0,0,11.099999999999966,0,Medium,High,Medium,No
9069,9069,9070,M23929,M,297.2,308.2,1678,28.1,133,0,0,0,0,0,0,11.0,0,Medium,High,High,No
9070,9070,9071,L56250,L,297.1,308.2,1427,45.2,136,0,0,0,0,0,0,11.099999999999966,0,High,Medium,High,No
9071,9071,9072,L56251,L,297.0,308.1,1429,54.0,138,0,0,0,0,0,0,11.100000000000023,0,High,Medium,High,No
9072,9072,9073,H38486,H,297.2,308.1,1770,27.2,140,0,0,0,0,0,0,10.900000000000034,0,Medium,High,High,No
9073,9073,9074,L56253,L,297.2,308.1,1689,31.2,145,0,0,0,0,0,0,10.900000000000034,0,Medium,High,High,No
9074,9074,9075,M23934,M,297.2,308.1,1554,41.3,147,0,0,0,0,0,0,10.900000000000034,0,Medium,Medium,High,No
9075,9075,9076,L56255,L,297.3,308.1,1506,36.0,150,0,0,0,0,0,0,10.800000000000011,0,Medium,Medium,High,No
9076,9076,9077,L56256,L,297.2,308.1,1474,44.3,152,0,0,0,0,0,0,10.900000000000034,0,Medium,Medium,High,No
9077,9077,9078,L56257,L,297.3,308.1,1762,26.1,154,0,0,0,0,0,0,10.800000000000011,0,Medium,High,High,No
9078,9078,9079,L56258,L,297.3,308.1,1566,35.7,156,0,0,0,0,0,0,10.800000000000011,0,Medium,Medium,High,No
9079,9079,9080,H38493,H,297.3,308.1,1554,42.4,158,0,0,0,0,0,0,10.800000000000011,0,Medium,Medium,High,No
9080,9080,9081,L56260,L,297.2,308.0,1869,25.4,163,0,0,0,0,0,0,10.800000000000011,0,High,High,High,No
9081,9081,9082,L56261,L,297.3,308.0,1527,35.1,165,0,0,0,0,0,0,10.699999999999989,0,Medium,Medium,High,No
9082,9082,9083,L56262,L,297.2,307.9,1309,49.6,167,0,0,0,0,0,0,10.699999999999989,0,High,Medium,High,No
9083,9083,9084,M23943,M,297.2,307.9,1541,35.7,169,0,0,0,0,0,0,10.699999999999989,0,Medium,Medium,High,No
9084,9084,9085,L56264,L,297.2,307.9,1326,75.4,172,1,0,0,1,1,0,10.699999999999989,2,High,Medium,High,No
9085,9085,9086,H38499,H,297.1,307.9,1365,54.0,174,0,0,0,0,0,0,10.799999999999955,0,High,Medium,High,No
9086,9086,9087,L56266,L,297.1,307.8,1428,43.7,179,0,0,0,0,0,0,10.699999999999989,0,Medium,Medium,High,No
9087,9087,9088,L56267,L,297.1,307.8,1681,27.6,181,0,0,0,0,0,0,10.699999999999989,0,Medium,High,High,No
9088,9088,9089,M23948,M,297.1,307.9,1662,26.9,183,0,0,0,0,0,0,10.799999999999955,0,Medium,High,High,No
9089,9089,9090,L56269,L,297.2,307.9,1989,20.3,186,0,0,0,0,0,0,10.699999999999989,0,Low,High,High,No
9090,9090,9091,M23950,M,297.2,307.9,1747,29.0,188,0,0,0,0,0,0,10.699999999999989,0,Medium,High,High,No
9091,9091,9092,M23951,M,297.2,308.0,1765,31.1,191,0,0,0,0,0,0,10.800000000000011,0,Medium,High,High,No
9092,9092,9093,L56272,L,297.3,308.1,1568,34.4,194,0,0,0,0,0,0,10.800000000000011,0,Medium,Medium,High,No
9093,9093,9094,M23953,M,297.3,308.1,1709,30.6,196,0,0,0,0,0,0,10.800000000000011,0,Medium,High,High,No
9094,9094,9095,M23954,M,297.3,308.1,1370,58.8,199,0,0,0,0,0,0,10.800000000000011,0,High,Medium,High,No
9095,9095,9096,L56275,L,297.3,308.1,1458,45.7,202,0,0,0,0,0,0,10.800000000000011,0,High,Medium,High,No
9096,9096,9097,L56276,L,297.2,308.1,1712,30.9,204,0,0,0,0,0,0,10.900000000000034,0,Medium,High,High,No
9097,9097,9098,L56277,L,297.3,308.1,1642,36.9,206,0,0,0,0,0,0,10.800000000000011,0,Medium,Medium,High,No
9098,9098,9099,L56278,L,297.3,308.1,1468,49.8,0,0,0,0,0,0,0,10.800000000000011,0,High,Medium,Low,No
9099,9099,9100,H38513,H,297.3,308.1,1477,52.3,2,0,0,0,0,0,0,10.800000000000011,0,High,Medium,Low,No
9100,9100,9101,L56280,L,297.3,308.2,1446,53.5,7,0,0,0,0,0,0,10.899999999999977,0,High,Medium,Low,No
9101,9101,9102,H38515,H,297.3,308.2,1653,31.4,9,0,0,0,0,0,0,10.899999999999977,0,Medium,High,Low,No
9102,9102,9103,L56282,L,297.3,308.3,1494,38.2,14,0,0,0,0,0,0,11.0,0,Medium,Medium,Low,No
9103,9103,9104,L56283,L,297.3,308.2,1490,41.0,16,0,0,0,0,0,0,10.899999999999977,0,Medium,Medium,Low,No
9104,9104,9105,M23964,M,297.4,308.3,1550,47.8,18,0,0,0,0,0,0,10.900000000000034,0,High,Medium,Low,No
9105,9105,9106,M23965,M,297.3,308.2,1677,34.9,21,0,0,0,0,0,0,10.899999999999977,0,Medium,High,Low,No
9106,9106,9107,L56286,L,297.4,308.3,1854,21.8,24,0,0,0,0,0,0,10.900000000000034,0,Low,High,Low,No
9107,9107,9108,M23967,M,297.5,308.5,1662,30.3,26,0,0,0,0,0,0,11.0,0,Medium,High,Low,No
9108,9108,9109,M23968,M,297.5,308.6,1440,38.8,29,0,0,0,0,0,0,11.100000000000023,0,Medium,Medium,Low,No
9109,9109,9110,L56289,L,297.5,308.6,1513,39.7,32,0,0,0,0,0,0,11.100000000000023,0,Medium,Medium,Low,No
9110,9110,9111,M23970,M,297.6,308.6,1389,49.0,34,0,0,0,0,0,0,11.0,0,High,Medium,Low,No
9111,9111,9112,L56291,L,297.6,308.6,1351,51.0,37,0,0,0,0,0,0,11.0,0,High,Medium,Low,No
9112,9112,9113,M23972,M,297.6,308.6,1482,38.3,39,0,0,0,0,0,0,11.0,0,Medium,Medium,Low,No
9113,9113,9114,L56293,L,297.6,308.6,1744,28.5,42,0,0,0,0,0,0,11.0,0,Medium,High,Low,No
9114,9114,9115,L56294,L,297.6,308.7,1476,39.0,44,0,0,0,0,0,0,11.099999999999966,0,Medium,Medium,Low,No
9115,9115,9116,M23975,M,297.6,308.6,1444,48.2,46,0,0,0,0,0,0,11.0,0,High,Medium,Low,No
9116,9116,9117,H38530,H,297.6,308.7,1659,32.1,49,0,0,0,0,0,0,11.099999999999966,0,Medium,High,Low,No
9117,9117,9118,M23977,M,297.6,308.7,1475,46.6,54,0,0,0,0,0,0,11.099999999999966,0,High,Medium,Low,No
9118,9118,9119,L56298,L,297.6,308.6,1526,42.1,57,0,0,0,0,0,0,11.0,0,Medium,Medium,Low,No
9119,9119,9120,M23979,M,297.4,308.4,1675,29.5,59,0,0,0,0,0,0,11.0,0,Medium,High,Low,No
9120,9120,9121,L56300,L,297.4,308.4,1525,38.7,62,0,0,0,0,0,0,11.0,0,Medium,Medium,Low,No
9121,9121,9122,L56301,L,297.3,308.3,1396,45.9,64,0,0,0,0,0,0,11.0,0,High,Medium,Low,No
9122,9122,9123,L56302,L,297.4,308.4,1580,41.2,66,0,0,0,0,0,0,11.0,0,Medium,Medium,Low,No
9123,9123,9124,L56303,L,297.4,308.5,1462,42.8,68,0,0,0,0,0,0,11.100000000000023,0,Medium,Medium,Low,No
9124,9124,9125,L56304,L,297.4,308.4,1426,50.4,70,0,0,0,0,0,0,11.0,0,High,Medium,Low,No
9125,9125,9126,L56305,L,297.4,308.5,1569,34.2,72,0,0,0,0,0,0,11.100000000000023,0,Medium,Medium,Low,No
9126,9126,9127,L56306,L,297.4,308.5,1477,40.7,74,0,0,0,0,0,0,11.100000000000023,0,Medium,Medium,Low,No
9127,9127,9128,L56307,L,297.4,308.5,1761,27.2,76,0,0,0,0,0,0,11.100000000000023,0,Medium,High,Low,No
9128,9128,9129,M23988,M,297.5,308.6,1486,45.9,78,0,0,0,0,0,0,11.100000000000023,0,High,Medium,Low,No
9129,9129,9130,L56309,L,297.6,308.6,1664,30.1,81,0,0,0,0,0,0,11.0,0,Medium,High,Medium,No
9130,9130,9131,L56310,L,297.6,308.6,1576,32.7,83,0,0,0,0,0,0,11.0,0,Medium,Medium,Medium,No
9131,9131,9132,H38545,H,297.6,308.6,1463,46.7,85,0,0,0,0,0,0,11.0,0,High,Medium,Medium,No
9132,9132,9133,M23992,M,297.6,308.6,1585,42.0,90,0,0,0,0,0,0,11.0,0,Medium,Medium,Medium,No
9133,9133,9134,L56313,L,297.7,308.7,1479,45.7,93,0,0,0,0,0,0,11.0,0,High,Medium,Medium,No
9134,9134,9135,L56314,L,297.7,308.7,1449,40.2,95,0,0,0,0,0,0,11.0,0,Medium,Medium,Medium,No
9135,9135,9136,H38549,H,297.7,308.8,1404,50.3,97,0,0,0,0,0,0,11.100000000000023,0,High,Medium,Medium,No
9136,9136,9137,L56316,L,297.7,308.7,1694,29.1,102,0,0,0,0,0,0,11.0,0,Medium,High,Medium,No
9137,9137,9138,L56317,L,297.7,308.7,1731,28.4,104,0,0,0,0,0,0,11.0,0,Medium,High,Medium,No
9138,9138,9139,L56318,L,297.6,308.6,1522,37.0,106,0,0,0,0,0,0,11.0,0,Medium,Medium,Medium,No
9139,9139,9140,L56319,L,297.5,308.5,1536,36.9,108,0,0,0,0,0,0,11.0,0,Medium,Medium,Medium,No
9140,9140,9141,L56320,L,297.5,308.5,1373,39.9,110,0,0,0,0,0,0,11.0,0,Medium,Medium,Medium,No
9141,9141,9142,L56321,L,297.5,308.5,1597,36.4,112,0,0,0,0,0,0,11.0,0,Medium,Medium,Medium,No
9142,9142,9143,L56322,L,297.6,308.5,1678,34.2,114,0,0,0,0,0,0,10.899999999999977,0,Medium,High,Medium,No
9143,9143,9144,L56323,L,297.6,308.5,1452,42.6,116,0,0,0,0,0,0,10.899999999999977,0,Medium,Medium,Medium,No
9144,9144,9145,M24004,M,297.5,308.5,1447,41.6,118,0,0,0,0,0,0,11.0,0,Medium,Medium,Medium,No
9145,9145,9146,L56325,L,297.6,308.5,1574,37.1,121,0,0,0,0,0,0,10.899999999999977,0,Medium,Medium,Medium,No
9146,9146,9147,L56326,L,297.6,308.6,1528,40.0,123,0,0,0,0,0,0,11.0,0,Medium,Medium,Medium,No
9147,9147,9148,L56327,L,297.7,308.7,1688,27.2,125,0,0,0,0,0,0,11.0,0,Medium,High,Medium,No
9148,9148,9149,L56328,L,297.6,308.6,1393,40.4,127,0,0,0,0,0,0,11.0,0,Medium,Medium,Medium,No
9149,9149,9150,M24009,M,297.5,308.6,1429,50.5,129,0,0,0,0,0,0,11.100000000000023,0,High,Medium,Medium,No
9150,9150,9151,M24010,M,297.5,308.6,1347,57.0,132,0,0,0,0,0,0,11.100000000000023,0,High,Medium,High,No
9151,9151,9152,L56331,L,297.6,308.6,1553,40.5,135,0,0,0,0,0,0,11.0,0,Medium,Medium,High,No
9152,9152,9153,L56332,L,297.5,308.6,1260,53.6,137,0,0,0,0,0,0,11.100000000000023,0,High,Medium,High,No
9153,9153,9154,L56333,L,297.5,308.6,1546,33.8,139,0,0,0,0,0,0,11.100000000000023,0,Medium,Medium,High,No
9154,9154,9155,L56334,L,297.5,308.6,1596,36.0,141,0,0,0,0,0,0,11.100000000000023,0,Medium,Medium,High,No
9155,9155,9156,L56335,L,297.5,308.5,1340,57.4,143,0,0,0,0,0,0,11.0,0,High,Medium,High,No
9156,9156,9157,M24016,M,297.5,308.4,1369,54.8,145,0,0,0,0,0,0,10.899999999999977,0,High,Medium,High,No
9157,9157,9158,L56337,L,297.5,308.5,1462,52.3,148,0,0,0,0,0,0,11.0,0,High,Medium,High,No
9158,9158,9159,H38572,H,297.4,308.4,1487,46.2,150,0,0,0,0,0,0,11.0,0,High,Medium,High,No
9159,9159,9160,M24019,M,297.5,308.6,1510,35.5,155,0,0,0,0,0,0,11.100000000000023,0,Medium,Medium,High,No
9160,9160,9161,H38574,H,297.5,308.5,1671,28.0,158,0,0,0,0,0,0,11.0,0,Medium,High,High,No
9161,9161,9162,M24021,M,297.5,308.5,1612,30.0,163,0,0,0,0,0,0,11.0,0,Medium,Medium,High,No
9162,9162,9163,M24022,M,297.6,308.6,1509,39.7,166,0,0,0,0,0,0,11.0,0,Medium,Medium,High,No
9163,9163,9164,L56343,L,297.6,308.6,1415,47.3,169,0,0,0,0,0,0,11.0,0,High,Medium,High,No
9164,9164,9165,L56344,L,297.6,308.6,2384,14.4,171,0,0,0,0,0,0,11.0,0,Low,High,High,No
9165,9165,9166,L56345,L,297.6,308.6,1326,62.4,173,0,0,0,0,0,0,11.0,0,High,Medium,High,No
9166,9166,9167,M24026,M,297.6,308.6,1390,53.4,175,0,0,0,0,0,0,11.0,0,High,Medium,High,No
9167,9167,9168,M24027,M,297.6,308.7,1392,41.2,178,0,0,0,0,0,0,11.099999999999966,0,Medium,Medium,High,No
9168,9168,9169,H38582,H,297.6,308.8,1385,44.4,181,0,0,0,0,0,0,11.199999999999989,0,Medium,Medium,High,No
9169,9169,9170,L56349,L,297.7,308.8,1896,24.5,186,0,0,0,0,0,0,11.100000000000023,0,Low,High,High,No
9170,9170,9171,L56350,L,297.7,308.7,1474,46.8,188,0,0,0,0,0,0,11.0,0,High,Medium,High,No
9171,9171,9172,M24031,M,297.7,308.8,1388,45.6,190,0,0,0,0,0,0,11.100000000000023,0,High,Medium,High,No
9172,9172,9173,L56352,L,297.7,308.9,1715,27.2,193,0,0,0,0,0,0,11.199999999999989,0,Medium,High,High,No
9173,9173,9174,H38587,H,297.8,308.9,1650,32.2,195,0,0,0,0,0,0,11.099999999999966,0,Medium,Medium,High,No
9174,9174,9175,L56354,L,297.8,308.9,1871,25.6,200,1,1,0,0,0,0,11.099999999999966,1,High,High,High,YES
9175,9175,9176,L56355,L,297.8,309.0,1403,64.2,0,1,0,0,1,0,0,11.199999999999989,1,High,Medium,Low,No
9176,9176,9177,L56356,L,297.8,308.9,1518,40.4,2,0,0,0,0,0,0,11.099999999999966,0,Medium,Medium,Low,No
9177,9177,9178,L56357,L,297.9,309.1,1504,43.0,4,0,0,0,0,0,0,11.200000000000045,0,Medium,Medium,Low,No
9178,9178,9179,L56358,L,297.8,309.0,1340,56.9,6,0,0,0,0,0,0,11.199999999999989,0,High,Medium,Low,No
9179,9179,9180,H38593,H,297.9,309.1,1435,44.7,8,0,0,0,0,0,0,11.200000000000045,0,Medium,Medium,Low,No
9180,9180,9181,L56360,L,297.9,309.1,1507,36.9,13,0,0,0,0,0,0,11.200000000000045,0,Medium,Medium,Low,No
9181,9181,9182,L56361,L,297.9,309.1,1521,36.1,15,0,0,0,0,0,0,11.200000000000045,0,Medium,Medium,Low,No
9182,9182,9183,M24042,M,297.8,309.0,1576,45.0,17,0,0,0,0,0,0,11.199999999999989,0,Medium,Medium,Low,No
9183,9183,9184,L56363,L,297.9,309.1,1543,36.6,20,0,0,0,0,0,0,11.200000000000045,0,Medium,Medium,Low,No
9184,9184,9185,L56364,L,298.0,309.2,1665,36.6,22,0,0,0,0,0,0,11.199999999999989,0,Medium,High,Low,No
9185,9185,9186,L56365,L,297.9,309.1,1442,50.3,24,0,0,0,0,0,0,11.200000000000045,0,High,Medium,Low,No
9186,9186,9187,L56366,L,297.9,309.0,1629,29.0,26,0,0,0,0,0,0,11.100000000000023,0,Medium,Medium,Low,No
9187,9187,9188,L56367,L,297.9,309.0,1379,47.3,28,0,0,0,0,0,0,11.100000000000023,0,High,Medium,Low,No
9188,9188,9189,L56368,L,297.9,309.0,1502,40.2,30,0,0,0,0,0,0,11.100000000000023,0,Medium,Medium,Low,No
9189,9189,9190,L56369,L,297.9,309.1,1595,32.0,32,0,0,0,0,0,0,11.200000000000045,0,Medium,Medium,Low,No
9190,9190,9191,M24050,M,298.0,309.0,1439,38.5,34,0,0,0,0,0,0,11.0,0,Medium,Medium,Low,No
9191,9191,9192,M24051,M,297.9,309.0,1970,21.6,37,0,0,0,0,0,0,11.100000000000023,0,Low,High,Low,No
9192,9192,9193,L56372,L,297.9,309.0,1562,35.8,40,0,0,0,0,0,0,11.100000000000023,0,Medium,Medium,Low,No
9193,9193,9194,M24053,M,297.9,309.0,1530,40.9,42,0,0,0,0,0,0,11.100000000000023,0,Medium,Medium,Low,No
9194,9194,9195,L56374,L,297.9,308.9,1393,40.6,45,0,0,0,0,0,0,11.0,0,Medium,Medium,Low,No
9195,9195,9196,L56375,L,297.9,309.0,1532,37.6,47,0,0,0,0,0,0,11.100000000000023,0,Medium,Medium,Low,No
9196,9196,9197,L56376,L,298.0,308.9,1607,37.7,49,0,0,0,0,0,0,10.899999999999977,0,Medium,Medium,Low,No
9197,9197,9198,M24057,M,297.9,308.8,1469,49.0,51,0,0,0,0,0,0,10.900000000000034,0,High,Medium,Low,No
9198,9198,9199,M24058,M,297.9,308.8,1538,37.6,54,0,0,0,0,0,0,10.900000000000034,0,Medium,Medium,Low,No
9199,9199,9200,L56379,L,297.9,308.8,1613,31.4,57,0,0,0,0,0,0,10.900000000000034,0,Medium,Medium,Low,No
9200,9200,9201,M24060,M,297.9,308.8,1602,32.1,59,0,0,0,0,0,0,10.900000000000034,0,Medium,Medium,Low,No
9201,9201,9202,L56381,L,297.8,308.7,1404,44.2,62,0,0,0,0,0,0,10.899999999999977,0,Medium,Medium,Low,No
9202,9202,9203,L56382,L,297.8,308.8,1548,36.9,64,0,0,0,0,0,0,11.0,0,Medium,Medium,Low,No
9203,9203,9204,L56383,L,297.8,308.8,1559,35.2,66,0,0,0,0,0,0,11.0,0,Medium,Medium,Low,No
9204,9204,9205,L56384,L,297.8,308.8,1621,36.1,68,0,0,0,0,0,0,11.0,0,Medium,Medium,Low,No
9205,9205,9206,L56385,L,297.8,308.8,1579,32.9,70,0,0,0,0,0,0,11.0,0,Medium,Medium,Low,No
9206,9206,9207,M24066,M,297.9,308.9,1547,44.0,72,0,0,0,0,0,0,11.0,0,Medium,Medium,Low,No
9207,9207,9208,L56387,L,297.9,308.8,1386,48.6,75,0,0,0,0,0,0,10.900000000000034,0,High,Medium,Low,No
9208,9208,9209,L56388,L,298.0,308.9,1406,40.9,77,0,0,0,0,0,0,10.899999999999977,0,Medium,Medium,Low,No
9209,9209,9210,M24069,M,298.0,309.0,1393,55.9,79,0,0,0,0,0,0,11.0,0,High,Medium,Low,No
9210,9210,9211,M24070,M,297.9,309.0,2456,13.9,82,0,0,0,0,0,0,11.100000000000023,0,Low,High,Medium,No
9211,9211,9212,M24071,M,298.0,309.0,1409,49.1,85,0,0,0,0,0,0,11.0,0,High,Medium,Medium,No
9212,9212,9213,L56392,L,298.0,308.9,1390,53.9,88,0,0,0,0,0,0,10.899999999999977,0,High,Medium,Medium,No
9213,9213,9214,L56393,L,298.0,309.0,1679,32.4,90,0,0,0,0,0,0,11.0,0,Medium,High,Medium,No
9214,9214,9215,L56394,L,298.0,308.9,1508,37.1,92,0,0,0,0,0,0,10.899999999999977,0,Medium,Medium,Medium,No
9215,9215,9216,L56395,L,297.9,308.8,1681,31.7,94,0,0,0,0,0,0,10.900000000000034,0,Medium,High,Medium,No
9216,9216,9217,H38630,H,297.7,308.8,1469,43.7,96,0,0,0,0,0,0,11.100000000000023,0,Medium,Medium,Medium,No
9217,9217,9218,L56397,L,297.8,308.8,1421,49.6,101,0,0,0,0,0,0,11.0,0,High,Medium,Medium,No
9218,9218,9219,L56398,L,297.7,308.8,1354,50.2,103,0,0,0,0,0,0,11.100000000000023,0,High,Medium,Medium,No
9219,9219,9220,M24079,M,297.7,308.8,1350,57.0,105,0,0,0,0,0,0,11.100000000000023,0,High,Medium,Medium,No
9220,9220,9221,L56400,L,297.8,308.9,1282,58.1,108,0,0,0,0,0,0,11.099999999999966,0,High,Medium,Medium,No
9221,9221,9222,M24081,M,297.8,309.0,1675,30.0,110,0,0,0,0,0,0,11.199999999999989,0,Medium,High,Medium,No
9222,9222,9223,M24082,M,297.9,309.0,1525,38.5,113,0,0,0,0,0,0,11.100000000000023,0,Medium,Medium,Medium,No
9223,9223,9224,L56403,L,297.9,309.0,1382,43.9,116,0,0,0,0,0,0,11.100000000000023,0,Medium,Medium,Medium,No
9224,9224,9225,L56404,L,297.9,309.0,1450,46.8,118,0,0,0,0,0,0,11.100000000000023,0,High,Medium,Medium,No
9225,9225,9226,L56405,L,298.0,309.1,1820,23.6,120,0,0,0,0,0,0,11.100000000000023,0,Low,High,Medium,No
9226,9226,9227,L56406,L,298.0,309.1,1822,23.5,122,0,0,0,0,0,0,11.100000000000023,0,Low,High,Medium,No
9227,9227,9228,L56407,L,298.0,309.1,1473,44.3,124,0,0,0,0,0,0,11.100000000000023,0,Medium,Medium,Medium,No
9228,9228,9229,M24088,M,298.1,309.1,1572,37.5,126,0,0,0,0,0,0,11.0,0,Medium,Medium,Medium,No
9229,9229,9230,M24089,M,298.1,309.0,2042,17.8,129,0,0,0,0,0,0,10.899999999999977,0,Low,High,Medium,No
9230,9230,9231,L56410,L,298.2,309.2,1922,22.6,132,0,0,0,0,0,0,11.0,0,Low,High,High,No
9231,9231,9232,L56411,L,298.2,309.1,1539,36.5,134,0,0,0,0,0,0,10.900000000000034,0,Medium,Medium,High,No
9232,9232,9233,L56412,L,298.2,309.1,1350,52.0,136,0,0,0,0,0,0,10.900000000000034,0,High,Medium,High,No
9233,9233,9234,L56413,L,298.3,309.1,1403,45.1,138,0,0,0,0,0,0,10.800000000000011,0,High,Medium,High,No
9234,9234,9235,L56414,L,298.3,309.1,1904,20.3,140,0,0,0,0,0,0,10.800000000000011,0,Low,High,High,No
9235,9235,9236,M24095,M,298.2,308.9,1592,35.2,142,0,0,0,0,0,0,10.699999999999989,0,Medium,Medium,High,No
9236,9236,9237,L56416,L,298.1,308.7,1556,31.6,145,0,0,0,0,0,0,10.599999999999966,0,Medium,Medium,High,No
9237,9237,9238,M24097,M,298.1,308.8,1811,25.4,147,0,0,0,0,0,0,10.699999999999989,0,High,High,High,No
9238,9238,9239,M24098,M,298.2,308.8,1456,41.2,150,0,0,0,0,0,0,10.600000000000023,0,Medium,Medium,High,No
9239,9239,9240,H38653,H,298.2,308.8,1436,51.9,153,0,0,0,0,0,0,10.600000000000023,0,High,Medium,High,No
9240,9240,9241,M24100,M,298.1,308.7,1362,49.6,158,0,0,0,0,0,0,10.599999999999966,0,High,Medium,High,No
9241,9241,9242,L56421,L,298.1,308.7,1683,29.1,161,0,0,0,0,0,0,10.599999999999966,0,Medium,High,High,No
9242,9242,9243,M24102,M,298.2,308.7,1269,60.9,163,0,0,0,0,0,0,10.5,0,High,Medium,High,No
9243,9243,9244,L56423,L,298.3,308.8,1454,49.0,166,0,0,0,0,0,0,10.5,0,High,Medium,High,No
9244,9244,9245,L56424,L,298.3,308.8,1767,27.3,168,0,0,0,0,0,0,10.5,0,Medium,High,High,No
9245,9245,9246,L56425,L,298.3,308.9,1708,27.3,170,0,0,0,0,0,0,10.599999999999966,0,Medium,High,High,No
9246,9246,9247,L56426,L,298.3,308.9,1862,27.0,172,0,0,0,0,0,0,10.599999999999966,0,Medium,High,High,No
9247,9247,9248,L56427,L,298.3,308.9,1695,30.7,174,0,0,0,0,0,0,10.599999999999966,0,Medium,High,High,No
9248,9248,9249,M24108,M,298.3,309.1,1488,40.6,176,0,0,0,0,0,0,10.800000000000011,0,Medium,Medium,High,No
9249,9249,9250,L56429,L,298.3,309.0,1657,32.2,179,0,0,0,0,0,0,10.699999999999989,0,Medium,High,High,No
9250,9250,9251,H38664,H,298.3,309.0,1823,25.9,181,0,0,0,0,0,0,10.699999999999989,0,High,High,High,No
9251,9251,9252,M24111,M,298.2,309.1,1651,28.8,186,0,0,0,0,0,0,10.900000000000034,0,Medium,High,High,No
9252,9252,9253,M24112,M,298.1,309.0,1533,36.1,189,0,0,0,0,0,0,10.899999999999977,0,Medium,Medium,High,No
9253,9253,9254,M24113,M,298.2,309.0,1508,40.5,192,0,0,0,0,0,0,10.800000000000011,0,Medium,Medium,High,No
9254,9254,9255,L56434,L,298.3,309.1,1616,31.1,195,0,0,0,0,0,0,10.800000000000011,0,Medium,Medium,High,No
9255,9255,9256,L56435,L,298.2,309.0,1651,31.5,197,0,0,0,0,0,0,10.800000000000011,0,Medium,High,High,No
9256,9256,9257,L56436,L,298.2,309.1,1569,35.2,199,0,0,0,0,0,0,10.900000000000034,0,Medium,Medium,High,No
9257,9257,9258,M24117,M,298.3,309.1,1296,58.7,201,0,0,0,0,0,0,10.800000000000011,0,High,Medium,High,No
9258,9258,9259,H38672,H,298.3,309.0,1379,43.2,0,0,0,0,0,0,0,10.699999999999989,0,Medium,Medium,Low,No
9259,9259,9260,M24119,M,298.2,309.0,1694,28.0,5,0,0,0,0,0,0,10.800000000000011,0,Medium,High,Low,No
9260,9260,9261,L56440,L,298.2,309.0,1377,57.8,8,0,0,0,0,0,0,10.800000000000011,0,High,Medium,Low,No
9261,9261,9262,H38675,H,298.3,309.0,1470,38.4,10,0,0,0,0,0,0,10.699999999999989,0,Medium,Medium,Low,No
9262,9262,9263,M24122,M,298.3,309.1,1404,47.0,15,0,0,0,0,0,0,10.800000000000011,0,High,Medium,Low,No
9263,9263,9264,L56443,L,298.3,309.1,1593,40.1,18,0,0,0,0,0,0,10.800000000000011,0,Medium,Medium,Low,No
9264,9264,9265,M24124,M,298.3,309.0,1526,36.9,20,0,0,0,0,0,0,10.699999999999989,0,Medium,Medium,Low,No
9265,9265,9266,M24125,M,298.3,308.9,1390,49.7,23,0,0,0,0,0,0,10.599999999999966,0,High,Medium,Low,No
9266,9266,9267,L56446,L,298.2,308.9,1737,25.5,26,0,0,0,0,0,0,10.699999999999989,0,High,High,Low,No
9267,9267,9268,L56447,L,298.2,308.8,1362,57.3,28,0,0,0,0,0,0,10.600000000000023,0,High,Medium,Low,No
9268,9268,9269,L56448,L,298.2,308.8,1666,31.5,30,0,0,0,0,0,0,10.600000000000023,0,Medium,High,Low,No
9269,9269,9270,L56449,L,298.2,308.8,1354,60.9,32,0,0,0,0,0,0,10.600000000000023,0,High,Medium,Low,No
9270,9270,9271,L56450,L,298.2,308.8,1302,60.4,34,0,0,0,0,0,0,10.600000000000023,0,High,Medium,Low,No
9271,9271,9272,L56451,L,298.2,308.7,1991,20.5,36,0,0,0,0,0,0,10.5,0,Low,High,Low,No
9272,9272,9273,L56452,L,298.2,308.6,1353,54.1,38,0,0,0,0,0,0,10.400000000000034,0,High,Medium,Low,No
9273,9273,9274,H38687,H,298.2,308.7,1520,35.7,40,0,0,0,0,0,0,10.5,0,Medium,Medium,Low,No
9274,9274,9275,L56454,L,298.2,308.7,1428,54.9,45,0,0,0,0,0,0,10.5,0,High,Medium,Low,No
9275,9275,9276,L56455,L,298.2,308.7,1605,29.4,47,0,0,0,0,0,0,10.5,0,Medium,Medium,Low,No
9276,9276,9277,L56456,L,298.1,308.7,1691,30.3,49,0,0,0,0,0,0,10.599999999999966,0,Medium,High,Low,No
9277,9277,9278,L56457,L,298.2,308.7,1447,48.4,51,0,0,0,0,0,0,10.5,0,High,Medium,Low,No
9278,9278,9279,H38692,H,298.2,308.8,1606,39.9,53,0,0,0,0,0,0,10.600000000000023,0,Medium,Medium,Low,No
9279,9279,9280,M24139,M,298.2,308.8,1645,28.2,58,0,0,0,0,0,0,10.600000000000023,0,Medium,Medium,Low,No
9280,9280,9281,H38694,H,298.2,308.8,1470,43.3,61,0,0,0,0,0,0,10.600000000000023,0,Medium,Medium,Low,No
9281,9281,9282,L56461,L,298.2,308.9,1336,45.0,66,0,0,0,0,0,0,10.699999999999989,0,Medium,Medium,Low,No
9282,9282,9283,M24142,M,298.2,308.9,1414,44.3,68,0,0,0,0,0,0,10.699999999999989,0,Medium,Medium,Low,No
9283,9283,9284,M24143,M,298.3,309.0,1802,27.5,71,0,0,0,0,0,0,10.699999999999989,0,Medium,High,Low,No
9284,9284,9285,L56464,L,298.2,308.9,1683,31.7,74,0,0,0,0,0,0,10.699999999999989,0,Medium,High,Low,No
9285,9285,9286,M24145,M,298.2,309.0,1410,47.6,76,0,0,0,0,0,0,10.800000000000011,0,High,Medium,Low,No
9286,9286,9287,L56466,L,298.2,308.9,1605,32.0,79,0,0,0,0,0,0,10.699999999999989,0,Medium,Medium,Low,No
9287,9287,9288,L56467,L,298.2,308.9,1709,28.1,81,0,0,0,0,0,0,10.699999999999989,0,Medium,High,Medium,No
9288,9288,9289,L56468,L,298.2,308.9,1444,53.1,83,0,0,0,0,0,0,10.699999999999989,0,High,Medium,Medium,No
9289,9289,9290,L56469,L,298.2,308.9,1367,45.0,85,0,0,0,0,0,0,10.699999999999989,0,Medium,Medium,Medium,No
9290,9290,9291,L56470,L,298.2,309.0,1418,44.2,87,0,0,0,0,0,0,10.800000000000011,0,Medium,Medium,Medium,No
9291,9291,9292,L56471,L,298.2,309.0,1353,57.8,89,0,0,0,0,0,0,10.800000000000011,0,High,Medium,Medium,No
9292,9292,9293,L56472,L,298.2,309.0,1643,34.1,91,0,0,0,0,0,0,10.800000000000011,0,Medium,Medium,Medium,No
9293,9293,9294,L56473,L,298.3,309.1,1437,38.0,93,0,0,0,0,0,0,10.800000000000011,0,Medium,Medium,Medium,No
9294,9294,9295,L56474,L,298.1,309.0,1437,36.2,95,0,0,0,0,0,0,10.899999999999977,0,Medium,Medium,Medium,No
9295,9295,9296,M24155,M,298.2,309.0,1413,47.9,97,0,0,0,0,0,0,10.800000000000011,0,High,Medium,Medium,No
9296,9296,9297,H38710,H,298.2,309.0,1524,39.1,100,0,0,0,0,0,0,10.800000000000011,0,Medium,Medium,Medium,No
9297,9297,9298,M24157,M,298.1,308.9,1479,43.4,105,0,0,0,0,0,0,10.799999999999955,0,Medium,Medium,Medium,No
9298,9298,9299,L56478,L,298.1,308.9,1313,50.6,108,0,0,0,0,0,0,10.799999999999955,0,High,Medium,Medium,No
9299,9299,9300,M24159,M,298.1,308.9,1335,50.4,110,0,0,0,0,0,0,10.799999999999955,0,High,Medium,Medium,No
9300,9300,9301,L56480,L,298.1,308.9,1367,41.9,113,0,0,0,0,0,0,10.799999999999955,0,Medium,Medium,Medium,No
9301,9301,9302,M24161,M,298.1,308.9,1459,50.3,115,0,0,0,0,0,0,10.799999999999955,0,High,Medium,Medium,No
9302,9302,9303,M24162,M,298.1,308.9,1804,25.1,118,0,0,0,0,0,0,10.799999999999955,0,High,High,Medium,No
9303,9303,9304,L56483,L,298.2,309.0,1491,38.3,121,0,0,0,0,0,0,10.800000000000011,0,Medium,Medium,Medium,No
9304,9304,9305,L56484,L,298.3,309.1,1537,43.0,123,0,0,0,0,0,0,10.800000000000011,0,Medium,Medium,Medium,No
9305,9305,9306,H38719,H,298.3,309.1,1646,30.2,125,0,0,0,0,0,0,10.800000000000011,0,Medium,Medium,Medium,No
9306,9306,9307,M24166,M,298.3,309.2,1783,28.3,130,0,0,0,0,0,0,10.899999999999977,0,Medium,High,Medium,No
9307,9307,9308,L56487,L,298.3,309.1,1395,49.8,133,0,0,0,0,0,0,10.800000000000011,0,High,Medium,High,No
9308,9308,9309,L56488,L,298.4,309.1,1423,48.0,135,0,0,0,0,0,0,10.700000000000045,0,High,Medium,High,No
9309,9309,9310,L56489,L,298.3,309.2,1562,37.6,137,0,0,0,0,0,0,10.899999999999977,0,Medium,Medium,High,No
9310,9310,9311,L56490,L,298.4,309.3,1549,40.8,139,0,0,0,0,0,0,10.900000000000034,0,Medium,Medium,High,No
9311,9311,9312,L56491,L,298.4,309.4,1540,43.2,141,0,0,0,0,0,0,11.0,0,Medium,Medium,High,No
9312,9312,9313,H38726,H,298.5,309.4,1573,33.6,143,0,0,0,0,0,0,10.899999999999977,0,Medium,Medium,High,No
9313,9313,9314,L56493,L,298.5,309.4,1418,45.1,148,0,0,0,0,0,0,10.899999999999977,0,High,Medium,High,No
9314,9314,9315,M24174,M,298.5,309.4,1565,33.7,150,0,0,0,0,0,0,10.899999999999977,0,Medium,Medium,High,No
9315,9315,9316,L56495,L,298.5,309.5,1569,41.0,153,0,0,0,0,0,0,11.0,0,Medium,Medium,High,No
9316,9316,9317,H38730,H,298.5,309.4,1417,41.2,155,0,0,0,0,0,0,10.899999999999977,0,Medium,Medium,High,No
9317,9317,9318,L56497,L,298.5,309.5,1480,38.1,160,0,0,0,0,0,0,11.0,0,Medium,Medium,High,No
9318,9318,9319,L56498,L,298.5,309.4,1364,44.5,162,0,0,0,0,0,0,10.899999999999977,0,Medium,Medium,High,No
9319,9319,9320,L56499,L,298.5,309.4,1911,21.5,164,0,0,0,0,0,0,10.899999999999977,0,Low,High,High,No
9320,9320,9321,L56500,L,298.4,309.3,1409,43.1,166,0,0,0,0,0,0,10.900000000000034,0,Medium,Medium,High,No
9321,9321,9322,L56501,L,298.4,309.2,1335,53.5,168,0,0,0,0,0,0,10.800000000000011,0,High,Medium,High,No
9322,9322,9323,M24182,M,298.5,309.3,1512,38.1,170,0,0,0,0,0,0,10.800000000000011,0,Medium,Medium,High,No
9323,9323,9324,L56503,L,298.6,309.4,1447,40.2,173,0,0,0,0,0,0,10.799999999999955,0,Medium,Medium,High,No
9324,9324,9325,L56504,L,298.6,309.3,1537,37.6,175,0,0,0,0,0,0,10.699999999999989,0,Medium,Medium,High,No
9325,9325,9326,M24185,M,298.6,309.3,1510,40.8,177,0,0,0,0,0,0,10.699999999999989,0,Medium,Medium,High,No
9326,9326,9327,L56506,L,298.6,309.3,1677,31.2,180,0,0,0,0,0,0,10.699999999999989,0,Medium,High,High,No
9327,9327,9328,L56507,L,298.5,309.2,1504,33.7,182,0,0,0,0,0,0,10.699999999999989,0,Medium,Medium,High,No
9328,9328,9329,H38742,H,298.5,309.1,2051,19.0,184,0,0,0,0,0,0,10.600000000000023,0,Low,High,High,No
9329,9329,9330,L56509,L,298.5,309.1,1474,41.3,189,0,0,0,0,0,0,10.600000000000023,0,Medium,Medium,High,No
9330,9330,9331,M24190,M,298.4,309.0,1507,36.1,191,0,0,0,0,0,0,10.600000000000023,0,Medium,Medium,High,No
9331,9331,9332,L56511,L,298.4,308.9,1496,37.9,194,0,0,0,0,0,0,10.5,0,Medium,Medium,High,No
9332,9332,9333,M24192,M,298.5,309.0,1921,22.0,196,0,0,0,0,0,0,10.5,0,Low,High,High,No
9333,9333,9334,L56513,L,298.5,309.0,1450,40.5,199,0,0,0,0,0,0,10.5,0,Medium,Medium,High,No
9334,9334,9335,L56514,L,298.4,308.9,1402,44.8,201,0,0,0,0,0,0,10.5,0,Medium,Medium,High,No
9335,9335,9336,L56515,L,298.4,308.9,1501,50.0,203,0,0,0,0,0,0,10.5,0,High,Medium,High,No
9336,9336,9337,L56516,L,298.5,308.9,1725,31.9,205,0,0,0,0,0,0,10.399999999999977,0,Medium,High,High,No
9337,9337,9338,H38751,H,298.5,308.9,1500,40.3,207,0,0,0,0,0,0,10.399999999999977,0,Medium,Medium,High,No
9338,9338,9339,H38752,H,298.5,309.0,1531,30.8,212,0,0,0,0,0,0,10.5,0,Medium,Medium,High,No
9339,9339,9340,L56519,L,298.5,309.0,1458,44.8,217,0,0,0,0,0,0,10.5,0,Medium,Medium,High,No
9340,9340,9341,H38754,H,298.4,308.9,1577,37.1,0,0,0,0,0,0,0,10.5,0,Medium,Medium,Low,No
9341,9341,9342,M24201,M,298.3,308.9,1363,46.1,5,0,0,0,0,0,0,10.599999999999966,0,High,Medium,Low,No
9342,9342,9343,H38756,H,298.3,308.9,1706,31.8,8,0,0,0,0,0,0,10.599999999999966,0,Medium,High,Low,No
9343,9343,9344,M24203,M,298.3,308.8,1391,50.4,13,0,0,0,0,0,0,10.5,0,High,Medium,Low,No
9344,9344,9345,L56524,L,298.2,308.8,1616,33.7,16,0,0,0,0,0,0,10.600000000000023,0,Medium,Medium,Low,No
9345,9345,9346,L56525,L,298.2,308.8,1442,47.0,18,0,0,0,0,0,0,10.600000000000023,0,High,Medium,Low,No
9346,9346,9347,M24206,M,298.2,308.8,1626,40.4,20,0,0,0,0,0,0,10.600000000000023,0,Medium,Medium,Low,No
9347,9347,9348,M24207,M,298.2,308.7,1426,42.6,23,0,0,0,0,0,0,10.5,0,Medium,Medium,Low,No
9348,9348,9349,L56528,L,298.2,308.7,1436,49.1,26,0,0,0,0,0,0,10.5,0,High,Medium,Low,No
9349,9349,9350,M24209,M,298.2,308.7,1599,36.2,28,0,0,0,0,0,0,10.5,0,Medium,Medium,Low,No
9350,9350,9351,L56530,L,298.2,308.7,2186,17.8,31,0,0,0,0,0,0,10.5,0,Low,High,Low,No
9351,9351,9352,L56531,L,298.3,308.8,1645,30.4,33,0,0,0,0,0,0,10.5,0,Medium,Medium,Low,No
9352,9352,9353,L56532,L,298.2,308.7,1780,27.9,35,0,0,0,0,0,0,10.5,0,Medium,High,Low,No
9353,9353,9354,L56533,L,298.2,308.8,1345,44.3,37,0,0,0,0,0,0,10.600000000000023,0,Medium,Medium,Low,No
9354,9354,9355,M24214,M,298.2,308.8,1607,31.9,39,0,0,0,0,0,0,10.600000000000023,0,Medium,Medium,Low,No
9355,9355,9356,L56535,L,298.3,308.9,1708,28.0,42,0,0,0,0,0,0,10.599999999999966,0,Medium,High,Low,No
9356,9356,9357,L56536,L,298.3,308.9,1270,52.7,44,0,0,0,0,0,0,10.599999999999966,0,High,Medium,Low,No
9357,9357,9358,M24217,M,298.3,308.9,1646,25.4,46,0,0,0,0,0,0,10.599999999999966,0,High,Medium,Low,No
9358,9358,9359,L56538,L,298.2,308.7,1407,45.1,49,0,0,0,0,0,0,10.5,0,High,Medium,Low,No
9359,9359,9360,M24219,M,298.1,308.7,1581,47.4,51,0,0,0,0,0,0,10.599999999999966,0,High,Medium,Low,No
9360,9360,9361,L56540,L,298.0,308.6,1532,42.6,54,0,0,0,0,0,0,10.600000000000023,0,Medium,Medium,Low,No
9361,9361,9362,L56541,L,298.0,308.6,1610,33.1,56,0,0,0,0,0,0,10.600000000000023,0,Medium,Medium,Low,No
9362,9362,9363,M24222,M,298.0,308.5,1682,33.0,58,0,0,0,0,0,0,10.5,0,Medium,High,Low,No
9363,9363,9364,L56543,L,297.9,308.5,1519,34.3,61,0,0,0,0,0,0,10.600000000000023,0,Medium,Medium,Low,No
9364,9364,9365,L56544,L,297.9,308.5,1683,28.5,63,0,0,0,0,0,0,10.600000000000023,0,Medium,High,Low,No
9365,9365,9366,M24225,M,298.0,308.6,1254,55.8,65,0,0,0,0,0,0,10.600000000000023,0,High,Medium,Low,No
9366,9366,9367,L56546,L,298.0,308.5,1461,48.0,68,0,0,0,0,0,0,10.5,0,High,Medium,Low,No
9367,9367,9368,L56547,L,297.9,308.5,1472,45.1,70,0,0,0,0,0,0,10.600000000000023,0,High,Medium,Low,No
9368,9368,9369,L56548,L,297.7,308.4,1510,38.6,72,0,0,0,0,0,0,10.699999999999989,0,Medium,Medium,Low,No
9369,9369,9370,M24229,M,297.7,308.3,1547,36.8,74,0,0,0,0,0,0,10.600000000000023,0,Medium,Medium,Low,No
9370,9370,9371,H38784,H,297.7,308.4,1418,51.9,77,0,0,0,0,0,0,10.699999999999989,0,High,Medium,Low,No
9371,9371,9372,L56551,L,297.7,308.4,1289,51.3,82,0,0,0,0,0,0,10.699999999999989,0,High,Medium,Medium,No
9372,9372,9373,L56552,L,297.7,308.4,1487,41.4,84,0,0,0,0,0,0,10.699999999999989,0,Medium,Medium,Medium,No
9373,9373,9374,L56553,L,297.7,308.5,1453,45.5,86,0,0,0,0,0,0,10.800000000000011,0,High,Medium,Medium,No
9374,9374,9375,M24234,M,297.8,308.5,1466,44.7,88,0,0,0,0,0,0,10.699999999999989,0,Medium,Medium,Medium,No
9375,9375,9376,H38789,H,297.7,308.4,1288,49.5,91,0,0,0,0,0,0,10.699999999999989,0,High,Medium,Medium,No
9376,9376,9377,H38790,H,297.7,308.4,1738,27.7,96,0,0,0,0,0,0,10.699999999999989,0,Medium,High,Medium,No
9377,9377,9378,H38791,H,297.7,308.3,1488,41.0,101,0,0,0,0,0,0,10.600000000000023,0,Medium,Medium,Medium,No
9378,9378,9379,L56558,L,297.6,308.3,1816,28.8,106,0,0,0,0,0,0,10.699999999999989,0,Medium,High,Medium,No
9379,9379,9380,L56559,L,297.5,308.2,1419,48.5,108,0,0,0,0,0,0,10.699999999999989,0,High,Medium,Medium,No
9380,9380,9381,L56560,L,297.4,308.1,1435,45.7,110,0,0,0,0,0,0,10.700000000000045,0,High,Medium,Medium,No
9381,9381,9382,M24241,M,297.5,308.1,1480,42.4,112,0,0,0,0,0,0,10.600000000000023,0,Medium,Medium,Medium,No
9382,9382,9383,L56562,L,297.5,308.2,1610,33.6,115,0,0,0,0,0,0,10.699999999999989,0,Medium,Medium,Medium,No
9383,9383,9384,H38797,H,297.5,308.1,1548,38.2,117,0,0,0,0,0,0,10.600000000000023,0,Medium,Medium,Medium,No
9384,9384,9385,M24244,M,297.6,308.1,1379,57.4,122,0,0,0,0,0,0,10.5,0,High,Medium,Medium,No
9385,9385,9386,M24245,M,297.5,308.1,1907,23.5,125,0,0,0,0,0,0,10.600000000000023,0,Low,High,Medium,No
9386,9386,9387,M24246,M,297.5,308.0,2033,16.7,128,0,0,0,0,0,0,10.5,0,Low,High,Medium,No
9387,9387,9388,H38801,H,297.4,307.9,1390,52.0,131,0,0,0,0,0,0,10.5,0,High,Medium,High,No
9388,9388,9389,M24248,M,297.5,307.9,1544,37.9,136,0,0,0,0,0,0,10.399999999999977,0,Medium,Medium,High,No
9389,9389,9390,L56569,L,297.6,308.0,1258,57.4,139,0,0,0,0,0,0,10.399999999999977,0,High,Medium,High,No
9390,9390,9391,M24250,M,297.5,308.0,1560,39.0,141,0,0,0,0,0,0,10.5,0,Medium,Medium,High,No
9391,9391,9392,H38805,H,297.6,308.2,2071,18.5,144,0,0,0,0,0,0,10.599999999999966,0,Low,High,High,No
9392,9392,9393,L56572,L,297.6,308.1,1437,46.3,149,0,0,0,0,0,0,10.5,0,High,Medium,High,No
9393,9393,9394,H38807,H,297.7,308.2,1489,43.0,151,0,0,0,0,0,0,10.5,0,Medium,Medium,High,No
9394,9394,9395,L56574,L,297.7,308.2,1334,53.0,156,0,0,0,0,0,0,10.5,0,High,Medium,High,No
9395,9395,9396,L56575,L,297.7,308.2,1500,39.9,158,0,0,0,0,0,0,10.5,0,Medium,Medium,High,No
9396,9396,9397,L56576,L,297.8,308.3,1498,47.3,160,0,0,0,0,0,0,10.5,0,High,Medium,High,No
9397,9397,9398,M24257,M,297.7,308.2,1370,53.4,162,0,0,0,0,0,0,10.5,0,High,Medium,High,No
9398,9398,9399,H38812,H,297.7,308.2,1526,40.1,165,0,0,0,0,0,0,10.5,0,Medium,Medium,High,No
9399,9399,9400,L56579,L,297.8,308.3,1477,44.8,170,0,0,0,0,0,0,10.5,0,Medium,Medium,High,No
9400,9400,9401,L56580,L,297.7,308.2,1446,43.9,172,0,0,0,0,0,0,10.5,0,Medium,Medium,High,No
9401,9401,9402,M24261,M,297.7,308.2,1720,25.6,174,0,0,0,0,0,0,10.5,0,High,High,High,No
9402,9402,9403,L56582,L,297.7,308.1,1734,30.7,177,0,0,0,0,0,0,10.400000000000034,0,Medium,High,High,No
9403,9403,9404,L56583,L,297.7,308.1,1697,29.1,179,0,0,0,0,0,0,10.400000000000034,0,Medium,High,High,No
9404,9404,9405,L56584,L,297.7,308.2,2007,19.3,181,0,0,0,0,0,0,10.5,0,Low,High,High,No
9405,9405,9406,M24265,M,297.7,308.1,1469,48.8,183,0,0,0,0,0,0,10.400000000000034,0,High,Medium,High,No
9406,9406,9407,M24266,M,297.7,308.1,2189,15.6,186,0,0,0,0,0,0,10.400000000000034,0,Low,High,High,No
9407,9407,9408,L56587,L,297.8,308.3,1435,50.1,189,0,0,0,0,0,0,10.5,0,High,Medium,High,No
9408,9408,9409,H38822,H,297.9,308.4,1637,34.5,191,0,0,0,0,0,0,10.5,0,Medium,Medium,High,No
9409,9409,9410,L56589,L,298.0,308.5,1664,28.3,196,0,0,0,0,0,0,10.5,0,Medium,High,High,No
9410,9410,9411,M24270,M,298.0,308.5,1666,31.0,198,0,0,0,0,0,0,10.5,0,Medium,High,High,No
9411,9411,9412,L56591,L,298.0,308.5,1404,46.6,201,0,0,0,0,0,0,10.5,0,High,Medium,High,No
9412,9412,9413,L56592,L,298.0,308.5,1702,26.7,203,0,0,0,0,0,0,10.5,0,Medium,High,High,No
9413,9413,9414,L56593,L,298.1,308.6,1439,44.9,205,0,0,0,0,0,0,10.5,0,Medium,Medium,High,No
9414,9414,9415,L56594,L,298.1,308.6,1354,53.9,207,1,0,0,0,1,0,10.5,1,High,Medium,High,No
9415,9415,9416,M24275,M,298.2,308.7,1361,44.2,0,0,0,0,0,0,0,10.5,0,Medium,Medium,Low,No
9416,9416,9417,M24276,M,298.1,308.5,1463,45.9,3,0,0,0,0,0,0,10.399999999999977,0,High,Medium,Low,No
9417,9417,9418,H38831,H,298.1,308.4,1515,43.8,6,0,0,0,0,0,0,10.299999999999955,0,Medium,Medium,Low,No
9418,9418,9419,L56598,L,298.0,308.4,1432,46.2,11,0,0,0,0,0,0,10.399999999999977,0,High,Medium,Low,No
9419,9419,9420,L56599,L,298.0,308.4,1911,22.0,13,0,0,0,0,0,0,10.399999999999977,0,Low,High,Low,No
9420,9420,9421,L56600,L,298.0,308.4,1472,42.0,15,0,0,0,0,0,0,10.399999999999977,0,Medium,Medium,Low,No
9421,9421,9422,M24281,M,298.1,308.5,1382,54.5,17,0,0,0,0,0,0,10.399999999999977,0,High,Medium,Low,No
9422,9422,9423,L56602,L,298.1,308.5,1665,29.6,20,0,0,0,0,0,0,10.399999999999977,0,Medium,High,Low,No
9423,9423,9424,L56603,L,298.1,308.5,1676,30.5,22,0,0,0,0,0,0,10.399999999999977,0,Medium,High,Low,No
9424,9424,9425,M24284,M,298.0,308.5,1585,33.0,24,0,0,0,0,0,0,10.5,0,Medium,Medium,Low,No
9425,9425,9426,M24285,M,298.1,308.6,1415,46.3,27,0,0,0,0,0,0,10.5,0,High,Medium,Low,No
9426,9426,9427,L56606,L,298.1,308.7,1341,55.7,30,0,0,0,0,0,0,10.599999999999966,0,High,Medium,Low,No
9427,9427,9428,L56607,L,298.2,308.8,1540,34.8,32,0,0,0,0,0,0,10.600000000000023,0,Medium,Medium,Low,No
9428,9428,9429,H38842,H,298.2,308.8,1837,28.4,34,0,0,0,0,0,0,10.600000000000023,0,Medium,High,Low,No
9429,9429,9430,L56609,L,298.2,308.8,1498,36.0,39,0,0,0,0,0,0,10.600000000000023,0,Medium,Medium,Low,No
9430,9430,9431,L56610,L,298.1,308.7,1671,28.8,41,0,0,0,0,0,0,10.599999999999966,0,Medium,High,Low,No
9431,9431,9432,L56611,L,298.0,308.6,1430,57.0,43,0,0,0,0,0,0,10.600000000000023,0,High,Medium,Low,No
9432,9432,9433,L56612,L,298.0,308.7,1619,40.1,45,0,0,0,0,0,0,10.699999999999989,0,Medium,Medium,Low,No
9433,9433,9434,M24293,M,298.0,308.7,1430,51.9,47,0,0,0,0,0,0,10.699999999999989,0,High,Medium,Low,No
9434,9434,9435,L56614,L,298.0,308.6,1626,33.3,50,0,0,0,0,0,0,10.600000000000023,0,Medium,Medium,Low,No
9435,9435,9436,L56615,L,298.0,308.7,1443,49.3,52,0,0,0,0,0,0,10.699999999999989,0,High,Medium,Low,No
9436,9436,9437,L56616,L,298.0,308.6,1481,42.5,54,0,0,0,0,0,0,10.600000000000023,0,Medium,Medium,Low,No
9437,9437,9438,M24297,M,298.1,308.7,1527,43.0,56,0,0,0,0,0,0,10.599999999999966,0,Medium,Medium,Low,No
9438,9438,9439,M24298,M,298.1,308.7,1315,56.8,59,0,0,0,0,0,0,10.599999999999966,0,High,Medium,Low,No
9439,9439,9440,M24299,M,298.1,308.8,1433,48.2,62,0,0,0,0,0,0,10.699999999999989,0,High,Medium,Low,No
9440,9440,9441,M24300,M,298.1,308.8,1378,53.5,65,0,0,0,0,0,0,10.699999999999989,0,High,Medium,Low,No
9441,9441,9442,L56621,L,298.1,308.8,1432,43.4,68,0,0,0,0,0,0,10.699999999999989,0,Medium,Medium,Low,No
9442,9442,9443,M24302,M,298.1,308.8,1394,47.9,70,0,0,0,0,0,0,10.699999999999989,0,High,Medium,Low,No
9443,9443,9444,H38857,H,298.0,308.8,1411,53.8,73,0,0,0,0,0,0,10.800000000000011,0,High,Medium,Low,No
9444,9444,9445,L56624,L,298.1,308.9,2136,15.9,78,0,0,0,0,0,0,10.799999999999955,0,Low,High,Low,No
9445,9445,9446,M24305,M,298.2,309.0,1446,45.8,80,0,0,0,0,0,0,10.800000000000011,0,High,Medium,Low,No
9446,9446,9447,H38860,H,298.1,308.9,1388,53.5,83,0,0,0,0,0,0,10.799999999999955,0,High,Medium,Medium,No
9447,9447,9448,M24307,M,298.1,308.9,1323,51.7,88,0,0,0,0,0,0,10.799999999999955,0,High,Medium,Medium,No
9448,9448,9449,L56628,L,298.2,309.0,1780,29.3,91,0,0,0,0,0,0,10.800000000000011,0,Medium,High,Medium,No
9449,9449,9450,M24309,M,298.1,308.8,1434,41.8,93,0,0,0,0,0,0,10.699999999999989,0,Medium,Medium,Medium,No
9450,9450,9451,M24310,M,298.0,308.7,1494,42.6,96,0,0,0,0,0,0,10.699999999999989,0,Medium,Medium,Medium,No
9451,9451,9452,H38865,H,298.0,308.7,1536,39.6,99,0,0,0,0,0,0,10.699999999999989,0,Medium,Medium,Medium,No
9452,9452,9453,M24312,M,298.0,308.7,1392,53.4,104,0,0,0,0,0,0,10.699999999999989,0,High,Medium,Medium,No
9453,9453,9454,H38867,H,298.2,309.0,1360,56.8,107,0,0,0,0,0,0,10.800000000000011,0,High,Medium,Medium,No
9454,9454,9455,L56634,L,298.4,309.2,1583,35.4,112,0,0,0,0,0,0,10.800000000000011,0,Medium,Medium,Medium,No
9455,9455,9456,L56635,L,298.5,309.2,1983,20.2,114,0,0,0,0,0,0,10.699999999999989,0,Low,High,Medium,No
9456,9456,9457,L56636,L,298.5,309.3,1630,33.3,116,0,0,0,0,0,0,10.800000000000011,0,Medium,Medium,Medium,No
9457,9457,9458,M24317,M,298.5,309.3,1692,26.7,118,0,0,0,0,0,0,10.800000000000011,0,Medium,High,Medium,No
9458,9458,9459,L56638,L,298.4,309.1,1417,40.6,121,0,0,0,0,0,0,10.700000000000045,0,Medium,Medium,Medium,No
9459,9459,9460,L56639,L,298.4,309.1,1579,36.1,123,0,0,0,0,0,0,10.700000000000045,0,Medium,Medium,Medium,No
9460,9460,9461,M24320,M,298.4,309.2,1399,45.2,125,0,0,0,0,0,0,10.800000000000011,0,High,Medium,Medium,No
9461,9461,9462,M24321,M,298.4,309.2,1414,46.4,128,0,0,0,0,0,0,10.800000000000011,0,High,Medium,Medium,No
9462,9462,9463,L56642,L,298.5,309.3,1570,40.1,131,0,0,0,0,0,0,10.800000000000011,0,Medium,Medium,High,No
9463,9463,9464,M24323,M,298.5,309.3,1552,36.8,133,0,0,0,0,0,0,10.800000000000011,0,Medium,Medium,High,No
9464,9464,9465,L56644,L,298.6,309.4,1440,48.2,136,0,0,0,0,0,0,10.799999999999955,0,High,Medium,High,No
9465,9465,9466,M24325,M,298.6,309.4,1460,43.8,138,0,0,0,0,0,0,10.799999999999955,0,Medium,Medium,High,No
9466,9466,9467,L56646,L,298.6,309.4,1471,48.0,141,0,0,0,0,0,0,10.799999999999955,0,High,Medium,High,No
9467,9467,9468,L56647,L,298.6,309.3,1702,27.6,143,0,0,0,0,0,0,10.699999999999989,0,Medium,High,High,No
9468,9468,9469,L56648,L,298.6,309.4,1375,55.4,145,0,0,0,0,0,0,10.799999999999955,0,High,Medium,High,No
9469,9469,9470,L56649,L,298.6,309.4,1698,33.2,147,0,0,0,0,0,0,10.799999999999955,0,Medium,High,High,No
9470,9470,9471,H38884,H,298.6,309.4,1439,47.1,149,0,0,0,0,0,0,10.799999999999955,0,High,Medium,High,No
9471,9471,9472,M24331,M,298.6,309.4,1774,27.5,154,0,0,0,0,0,0,10.799999999999955,0,Medium,High,High,No
9472,9472,9473,M24332,M,298.7,309.4,1375,48.3,157,0,0,0,0,0,0,10.699999999999989,0,High,Medium,High,No
9473,9473,9474,L56653,L,298.7,309.5,1446,40.0,160,0,0,0,0,0,0,10.800000000000011,0,Medium,Medium,High,No
9474,9474,9475,M24334,M,298.7,309.6,1455,46.8,162,0,0,0,0,0,0,10.900000000000034,0,High,Medium,High,No
9475,9475,9476,L56655,L,298.8,309.6,1523,41.9,165,0,0,0,0,0,0,10.800000000000011,0,Medium,Medium,High,No
9476,9476,9477,M24336,M,298.8,309.6,1692,31.9,167,0,0,0,0,0,0,10.800000000000011,0,Medium,High,High,No
9477,9477,9478,M24337,M,298.8,309.6,1693,33.3,170,0,0,0,0,0,0,10.800000000000011,0,Medium,High,High,No
9478,9478,9479,L56658,L,298.8,309.6,1890,24.0,173,0,0,0,0,0,0,10.800000000000011,0,Low,High,High,No
9479,9479,9480,H38893,H,298.9,309.6,1600,33.5,175,0,0,0,0,0,0,10.700000000000045,0,Medium,Medium,High,No
9480,9480,9481,M24340,M,298.9,309.6,1434,43.8,180,0,0,0,0,0,0,10.700000000000045,0,Medium,Medium,High,No
9481,9481,9482,L56661,L,298.9,309.6,1365,50.9,183,0,0,0,0,0,0,10.700000000000045,0,High,Medium,High,No
9482,9482,9483,H38896,H,298.8,309.6,1309,57.4,185,0,0,0,0,0,0,10.800000000000011,0,High,Medium,High,No
9483,9483,9484,H38897,H,298.9,309.6,1546,35.3,190,0,0,0,0,0,0,10.700000000000045,0,Medium,Medium,High,No
9484,9484,9485,L56664,L,298.9,309.6,1663,33.7,195,0,0,0,0,0,0,10.700000000000045,0,Medium,High,High,No
9485,9485,9486,L56665,L,298.9,309.6,1589,34.2,197,0,0,0,0,0,0,10.700000000000045,0,Medium,Medium,High,No
9486,9486,9487,M24346,M,298.9,309.6,1472,46.0,199,0,0,0,0,0,0,10.700000000000045,0,High,Medium,High,No
9487,9487,9488,L56667,L,298.9,309.6,1583,39.8,202,0,0,0,0,0,0,10.700000000000045,0,Medium,Medium,High,No
9488,9488,9489,M24348,M,298.9,309.6,1567,34.5,204,0,0,0,0,0,0,10.700000000000045,0,Medium,Medium,High,No
9489,9489,9490,L56669,L,298.9,309.7,1407,41.9,207,0,0,0,0,0,0,10.800000000000011,0,Medium,Medium,High,No
9490,9490,9491,M24350,M,299.0,309.7,1418,44.7,209,0,0,0,0,0,0,10.699999999999989,0,Medium,Medium,High,No
9491,9491,9492,M24351,M,299.0,309.7,1489,40.7,212,0,0,0,0,0,0,10.699999999999989,0,Medium,Medium,High,No
9492,9492,9493,L56672,L,299.1,309.9,1586,36.6,215,0,0,0,0,0,0,10.799999999999955,0,Medium,Medium,High,No
9493,9493,9494,L56673,L,299.1,309.8,1398,55.4,217,1,0,0,0,1,0,10.699999999999989,1,High,Medium,High,No
9494,9494,9495,L56674,L,299.2,309.9,1516,41.4,219,0,0,0,0,0,0,10.699999999999989,0,Medium,Medium,High,No
9495,9495,9496,H38909,H,299.3,310.0,1373,44.8,221,0,0,0,0,0,0,10.699999999999989,0,Medium,Medium,High,No
9496,9496,9497,M24356,M,299.2,310.0,1349,50.4,226,0,0,0,0,0,0,10.800000000000011,0,High,Medium,High,No
9497,9497,9498,H38911,H,299.1,309.9,1443,40.3,0,0,0,0,0,0,0,10.799999999999955,0,Medium,Medium,Low,No
9498,9498,9499,H38912,H,299.2,310.1,1542,36.1,5,0,0,0,0,0,0,10.900000000000034,0,Medium,Medium,Low,No
9499,9499,9500,L56679,L,299.2,310.1,1534,37.7,10,0,0,0,0,0,0,10.900000000000034,0,Medium,Medium,Low,No
9500,9500,9501,L56680,L,299.2,310.2,1697,30.6,12,0,0,0,0,0,0,11.0,0,Medium,High,Low,No
9501,9501,9502,L56681,L,299.3,310.3,1396,47.4,14,0,0,0,0,0,0,11.0,0,High,Medium,Low,No
9502,9502,9503,L56682,L,299.3,310.2,1495,49.2,16,0,0,0,0,0,0,10.899999999999977,0,High,Medium,Low,No
9503,9503,9504,M24363,M,299.2,310.3,1551,44.8,18,0,0,0,0,0,0,11.100000000000023,0,Medium,Medium,Low,No
9504,9504,9505,L56684,L,299.2,310.3,1440,47.0,21,0,0,0,0,0,0,11.100000000000023,0,High,Medium,Low,No
9505,9505,9506,L56685,L,299.2,310.3,1429,40.1,23,0,0,0,0,0,0,11.100000000000023,0,Medium,Medium,Low,No
9506,9506,9507,H38920,H,299.3,310.4,1548,41.6,25,0,0,0,0,0,0,11.099999999999966,0,Medium,Medium,Low,No
9507,9507,9508,L56687,L,299.3,310.5,1505,38.8,30,0,0,0,0,0,0,11.199999999999989,0,Medium,Medium,Low,No
9508,9508,9509,L56688,L,299.2,310.4,1611,36.4,32,0,0,0,0,0,0,11.199999999999989,0,Medium,Medium,Low,No
9509,9509,9510,M24369,M,299.2,310.4,1502,39.8,34,0,0,0,0,0,0,11.199999999999989,0,Medium,Medium,Low,No
9510,9510,9511,M24370,M,299.2,310.4,1504,43.3,37,0,0,0,0,0,0,11.199999999999989,0,Medium,Medium,Low,No
9511,9511,9512,L56691,L,299.1,310.3,1449,40.7,40,0,0,0,0,0,0,11.199999999999989,0,Medium,Medium,Low,No
9512,9512,9513,L56692,L,299.0,310.2,1575,37.8,42,0,0,0,0,0,0,11.199999999999989,0,Medium,Medium,Low,No
9513,9513,9514,M24373,M,299.0,310.2,1598,33.4,44,0,0,0,0,0,0,11.199999999999989,0,Medium,Medium,Low,No
9514,9514,9515,L56694,L,299.0,310.1,1416,45.9,47,0,0,0,0,0,0,11.100000000000023,0,High,Medium,Low,No
9515,9515,9516,L56695,L,299.0,310.2,1682,28.8,49,0,0,0,0,0,0,11.199999999999989,0,Medium,High,Low,No
9516,9516,9517,L56696,L,298.9,310.1,1341,54.5,51,0,0,0,0,0,0,11.200000000000045,0,High,Medium,Low,No
9517,9517,9518,L56697,L,298.9,310.1,1523,39.1,53,0,0,0,0,0,0,11.200000000000045,0,Medium,Medium,Low,No
9518,9518,9519,L56698,L,299.0,310.1,1580,41.9,55,0,0,0,0,0,0,11.100000000000023,0,Medium,Medium,Low,No
9519,9519,9520,L56699,L,299.0,310.1,1531,36.0,57,0,0,0,0,0,0,11.100000000000023,0,Medium,Medium,Low,No
9520,9520,9521,L56700,L,299.0,310.1,1375,48.9,59,0,0,0,0,0,0,11.100000000000023,0,High,Medium,Low,No
9521,9521,9522,M24381,M,298.9,310.1,1484,40.4,61,0,0,0,0,0,0,11.200000000000045,0,Medium,Medium,Low,No
9522,9522,9523,M24382,M,299.0,310.2,1657,32.3,64,0,0,0,0,0,0,11.199999999999989,0,Medium,High,Low,No
9523,9523,9524,L56703,L,299.0,310.2,1494,40.6,67,0,0,0,0,0,0,11.199999999999989,0,Medium,Medium,Low,No
9524,9524,9525,H38938,H,299.0,310.3,1658,27.6,69,0,0,0,0,0,0,11.300000000000011,0,Medium,High,Low,No
9525,9525,9526,L56705,L,299.1,310.3,1411,42.1,74,0,0,0,0,0,0,11.199999999999989,0,Medium,Medium,Low,No
9526,9526,9527,M24386,M,299.2,310.4,1395,55.4,76,0,0,0,0,0,0,11.199999999999989,0,High,Medium,Low,No
9527,9527,9528,L56707,L,299.1,310.4,1550,43.9,79,0,0,0,0,0,0,11.299999999999955,0,Medium,Medium,Low,No
9528,9528,9529,M24388,M,299.1,310.3,1233,59.0,81,0,0,0,0,0,0,11.199999999999989,0,High,Low,Medium,No
9529,9529,9530,L56709,L,299.1,310.3,1459,46.7,84,0,0,0,0,0,0,11.199999999999989,0,High,Medium,Medium,No
9530,9530,9531,H38944,H,299.1,310.4,1405,53.6,86,0,0,0,0,0,0,11.299999999999955,0,High,Medium,Medium,No
9531,9531,9532,L56711,L,299.2,310.5,1458,44.1,91,0,0,0,0,0,0,11.300000000000011,0,Medium,Medium,Medium,No
9532,9532,9533,L56712,L,299.2,310.5,1384,48.7,93,0,0,0,0,0,0,11.300000000000011,0,High,Medium,Medium,No
9533,9533,9534,L56713,L,299.2,310.5,1705,29.5,95,0,0,0,0,0,0,11.300000000000011,0,Medium,High,Medium,No
9534,9534,9535,L56714,L,299.3,310.6,1443,45.7,97,0,0,0,0,0,0,11.300000000000011,0,High,Medium,Medium,No
9535,9535,9536,M24395,M,299.3,310.6,1609,31.4,99,0,0,0,0,0,0,11.300000000000011,0,Medium,Medium,Medium,No
9536,9536,9537,L56716,L,299.3,310.5,1818,26.0,102,0,0,0,0,0,0,11.199999999999989,0,Medium,High,Medium,No
9537,9537,9538,M24397,M,299.3,310.6,1457,42.1,104,0,0,0,0,0,0,11.300000000000011,0,Medium,Medium,Medium,No
9538,9538,9539,L56718,L,299.3,310.6,1480,45.1,107,0,0,0,0,0,0,11.300000000000011,0,High,Medium,Medium,No
9539,9539,9540,L56719,L,299.4,310.8,1424,47.7,109,0,0,0,0,0,0,11.400000000000034,0,High,Medium,Medium,No
9540,9540,9541,M24400,M,299.4,310.8,1628,40.2,111,0,0,0,0,0,0,11.400000000000034,0,Medium,Medium,Medium,No
9541,9541,9542,M24401,M,299.5,310.8,1754,31.3,114,0,0,0,0,0,0,11.300000000000011,0,Medium,High,Medium,No
9542,9542,9543,L56722,L,299.6,310.9,1716,28.5,117,0,0,0,0,0,0,11.299999999999955,0,Medium,High,Medium,No
9543,9543,9544,M24403,M,299.5,310.9,1378,48.7,119,0,0,0,0,0,0,11.399999999999977,0,High,Medium,Medium,No
9544,9544,9545,L56724,L,299.6,311.0,1708,31.0,122,0,0,0,0,0,0,11.399999999999977,0,Medium,High,Medium,No
9545,9545,9546,L56725,L,299.6,311.0,1430,38.3,124,0,0,0,0,0,0,11.399999999999977,0,Medium,Medium,Medium,No
9546,9546,9547,M24406,M,299.7,311.2,1560,43.9,126,0,0,0,0,0,0,11.5,0,Medium,Medium,Medium,No
9547,9547,9548,L56727,L,299.6,311.1,1679,30.7,129,0,0,0,0,0,0,11.5,0,Medium,High,Medium,No
9548,9548,9549,L56728,L,299.6,311.1,1521,37.2,131,0,0,0,0,0,0,11.5,0,Medium,Medium,High,No
9549,9549,9550,M24409,M,299.6,311.1,1649,33.8,133,0,0,0,0,0,0,11.5,0,Medium,Medium,High,No
9550,9550,9551,M24410,M,299.5,311.0,1451,43.3,136,0,0,0,0,0,0,11.5,0,Medium,Medium,High,No
9551,9551,9552,L56731,L,299.4,310.8,1391,48.9,139,0,0,0,0,0,0,11.400000000000034,0,High,Medium,High,No
9552,9552,9553,M24412,M,299.3,310.8,1523,40.9,141,0,0,0,0,0,0,11.5,0,Medium,Medium,High,No
9553,9553,9554,L56733,L,299.3,310.7,1495,39.2,144,0,0,0,0,0,0,11.399999999999977,0,Medium,Medium,High,No
9554,9554,9555,M24414,M,299.3,310.7,1440,45.5,146,0,0,0,0,0,0,11.399999999999977,0,High,Medium,High,No
9555,9555,9556,H38969,H,299.4,310.8,1585,31.4,149,0,0,0,0,0,0,11.400000000000034,0,Medium,Medium,High,No
9556,9556,9557,L56736,L,299.5,310.8,1374,48.3,154,0,0,0,0,0,0,11.300000000000011,0,High,Medium,High,No
9557,9557,9558,M24417,M,299.5,310.8,1507,40.2,156,0,0,0,0,0,0,11.300000000000011,0,Medium,Medium,High,No
9558,9558,9559,M24418,M,299.5,310.9,1577,34.6,159,0,0,0,0,0,0,11.399999999999977,0,Medium,Medium,High,No
9559,9559,9560,L56739,L,299.5,310.9,1496,38.5,162,0,0,0,0,0,0,11.399999999999977,0,Medium,Medium,High,No
9560,9560,9561,L56740,L,299.6,310.9,1487,42.5,164,0,0,0,0,0,0,11.299999999999955,0,Medium,Medium,High,No
9561,9561,9562,L56741,L,299.6,310.9,1853,26.3,166,0,0,0,0,0,0,11.299999999999955,0,Medium,High,High,No
9562,9562,9563,M24422,M,299.7,311.0,1435,50.1,168,0,0,0,0,0,0,11.300000000000011,0,High,Medium,High,No
9563,9563,9564,M24423,M,299.8,311.1,1763,25.5,171,0,0,0,0,0,0,11.300000000000011,0,High,High,High,No
9564,9564,9565,L56744,L,299.8,311.1,1820,24.9,174,0,0,0,0,0,0,11.300000000000011,0,Low,High,High,No
9565,9565,9566,M24425,M,299.8,311.1,1498,38.1,176,0,0,0,0,0,0,11.300000000000011,0,Medium,Medium,High,No
9566,9566,9567,L56746,L,299.8,311.1,1603,35.1,179,0,0,0,0,0,0,11.300000000000011,0,Medium,Medium,High,No
9567,9567,9568,L56747,L,299.8,311.1,1412,42.5,181,0,0,0,0,0,0,11.300000000000011,0,Medium,Medium,High,No
9568,9568,9569,L56748,L,299.8,311.1,1588,38.0,183,0,0,0,0,0,0,11.300000000000011,0,Medium,Medium,High,No
9569,9569,9570,M24429,M,299.8,311.0,1948,20.0,185,0,0,0,0,0,0,11.199999999999989,0,Low,High,High,No
9570,9570,9571,L56750,L,299.7,310.9,1384,48.2,188,0,0,0,0,0,0,11.199999999999989,0,High,Medium,High,No
9571,9571,9572,L56751,L,299.7,310.8,1589,36.0,190,0,0,0,0,0,0,11.100000000000023,0,Medium,Medium,High,No
9572,9572,9573,M24432,M,299.7,310.8,1405,47.6,192,0,0,0,0,0,0,11.100000000000023,0,High,Medium,High,No
9573,9573,9574,L56753,L,299.7,310.9,1491,40.1,195,0,0,0,0,0,0,11.199999999999989,0,Medium,Medium,High,No
9574,9574,9575,H38988,H,299.7,310.8,1418,46.6,197,0,0,0,0,0,0,11.100000000000023,0,High,Medium,High,No
9575,9575,9576,M24435,M,299.6,310.8,1603,35.4,202,0,0,0,0,0,0,11.199999999999989,0,Medium,Medium,High,No
9576,9576,9577,L56756,L,299.6,310.7,1922,23.3,205,1,1,0,0,0,0,11.099999999999966,1,Low,High,High,No
9577,9577,9578,M24437,M,299.5,310.7,1364,49.5,0,0,0,0,0,0,0,11.199999999999989,0,High,Medium,Low,No
9578,9578,9579,L56758,L,299.4,310.7,1551,41.2,3,0,0,0,0,0,0,11.300000000000011,0,Medium,Medium,Low,No
9579,9579,9580,L56759,L,299.5,310.7,1589,33.5,5,0,0,0,0,0,0,11.199999999999989,0,Medium,Medium,Low,No
9580,9580,9581,M24440,M,299.5,310.7,1423,56.5,7,0,0,0,0,0,0,11.199999999999989,0,High,Medium,Low,No
9581,9581,9582,L56761,L,299.4,310.6,1418,53.1,10,0,0,0,0,0,0,11.200000000000045,0,High,Medium,Low,No
9582,9582,9583,M24442,M,299.3,310.5,1404,47.5,12,0,0,0,0,0,0,11.199999999999989,0,High,Medium,Low,No
9583,9583,9584,L56763,L,299.3,310.5,1281,59.8,15,0,0,0,0,0,0,11.199999999999989,0,High,Medium,Low,No
9584,9584,9585,L56764,L,299.3,310.5,1529,41.3,17,0,0,0,0,0,0,11.199999999999989,0,Medium,Medium,Low,No
9585,9585,9586,M24445,M,299.3,310.5,1563,42.1,19,0,0,0,0,0,0,11.199999999999989,0,Medium,Medium,Low,No
9586,9586,9587,L56766,L,299.4,310.6,1348,54.5,22,0,0,0,0,0,0,11.200000000000045,0,High,Medium,Low,No
9587,9587,9588,M24447,M,299.3,310.5,1462,40.5,24,0,0,0,0,0,0,11.199999999999989,0,Medium,Medium,Low,No
9588,9588,9589,H39002,H,299.3,310.4,1510,45.5,27,0,0,0,0,0,0,11.099999999999966,0,High,Medium,Low,No
9589,9589,9590,L56769,L,299.2,310.4,1472,43.3,32,0,0,0,0,0,0,11.199999999999989,0,Medium,Medium,Low,No
9590,9590,9591,M24450,M,299.2,310.4,1325,52.0,34,0,0,0,0,0,0,11.199999999999989,0,High,Medium,Low,No
9591,9591,9592,L56771,L,299.2,310.4,1570,37.3,37,0,0,0,0,0,0,11.199999999999989,0,Medium,Medium,Low,No
9592,9592,9593,L56772,L,299.2,310.4,1379,46.8,39,0,0,0,0,0,0,11.199999999999989,0,High,Medium,Low,No
9593,9593,9594,L56773,L,299.1,310.2,1352,52.8,41,0,0,0,0,0,0,11.099999999999966,0,High,Medium,Low,No
9594,9594,9595,L56774,L,299.1,310.3,1727,28.7,43,0,0,0,0,0,0,11.199999999999989,0,Medium,High,Low,No
9595,9595,9596,H39009,H,299.0,310.1,1432,50.0,45,0,0,0,0,0,0,11.100000000000023,0,High,Medium,Low,No
9596,9596,9597,L56776,L,298.9,310.1,1466,43.4,50,0,0,0,0,0,0,11.200000000000045,0,Medium,Medium,Low,No
9597,9597,9598,L56777,L,298.9,310.1,1510,38.0,52,0,0,0,0,0,0,11.200000000000045,0,Medium,Medium,Low,No
9598,9598,9599,L56778,L,299.0,310.2,1490,41.1,54,0,0,0,0,0,0,11.199999999999989,0,Medium,Medium,Low,No
9599,9599,9600,L56779,L,299.0,310.1,1463,37.4,56,0,0,0,0,0,0,11.100000000000023,0,Medium,Medium,Low,No
9600,9600,9601,M24460,M,298.9,310.0,1561,45.3,58,0,0,0,0,0,0,11.100000000000023,0,High,Medium,Low,No
9601,9601,9602,L56781,L,298.9,310.1,2109,18.0,61,0,0,0,0,0,0,11.200000000000045,0,Low,High,Low,No
9602,9602,9603,L56782,L,298.9,310.2,1705,32.5,63,0,0,0,0,0,0,11.300000000000011,0,Medium,High,Low,No
9603,9603,9604,M24463,M,298.9,310.1,1549,40.2,65,0,0,0,0,0,0,11.200000000000045,0,Medium,Medium,Low,No
9604,9604,9605,H39018,H,299.0,310.2,1637,38.0,68,0,0,0,0,0,0,11.199999999999989,0,Medium,Medium,Low,No
9605,9605,9606,M24465,M,298.9,310.1,1484,37.9,73,0,0,0,0,0,0,11.200000000000045,0,Medium,Medium,Low,No
9606,9606,9607,L56786,L,298.9,310.1,1401,44.4,76,0,0,0,0,0,0,11.200000000000045,0,Medium,Medium,Low,No
9607,9607,9608,L56787,L,298.9,310.1,1571,36.8,78,0,0,0,0,0,0,11.200000000000045,0,Medium,Medium,Low,No
9608,9608,9609,M24468,M,298.9,310.1,1513,41.5,80,0,0,0,0,0,0,11.200000000000045,0,Medium,Medium,Low,No
9609,9609,9610,L56789,L,299.0,310.1,1470,40.3,83,0,0,0,0,0,0,11.100000000000023,0,Medium,Medium,Medium,No
9610,9610,9611,L56790,L,299.0,310.1,1505,41.3,85,0,0,0,0,0,0,11.100000000000023,0,Medium,Medium,Medium,No
9611,9611,9612,L56791,L,299.0,310.2,1432,42.2,87,0,0,0,0,0,0,11.199999999999989,0,Medium,Medium,Medium,No
9612,9612,9613,M24472,M,299.0,310.2,1625,31.8,89,0,0,0,0,0,0,11.199999999999989,0,Medium,Medium,Medium,No
9613,9613,9614,L56793,L,299.0,310.2,1377,62.5,92,1,0,0,1,0,0,11.199999999999989,1,High,Medium,Medium,No
9614,9614,9615,M24474,M,299.1,310.3,1441,43.9,94,0,0,0,0,0,0,11.199999999999989,0,Medium,Medium,Medium,No
9615,9615,9616,M24475,M,299.0,310.2,1564,39.9,97,0,0,0,0,0,0,11.199999999999989,0,Medium,Medium,Medium,No
9616,9616,9617,L56796,L,298.9,310.1,1580,37.3,100,0,0,0,0,0,0,11.200000000000045,0,Medium,Medium,Medium,No
9617,9617,9618,L56797,L,299.0,310.2,1516,35.3,102,0,0,0,0,0,0,11.199999999999989,0,Medium,Medium,Medium,No
9618,9618,9619,L56798,L,299.0,310.1,1447,42.8,104,0,0,0,0,0,0,11.100000000000023,0,Medium,Medium,Medium,No
9619,9619,9620,M24479,M,298.9,310.0,1323,52.9,106,0,0,0,0,0,0,11.100000000000023,0,High,Medium,Medium,No
9620,9620,9621,L56800,L,298.9,310.0,1470,45.9,109,0,0,0,0,0,0,11.100000000000023,0,High,Medium,Medium,No
9621,9621,9622,M24481,M,299.0,310.0,2049,19.5,111,0,0,0,0,0,0,11.0,0,Low,High,Medium,No
9622,9622,9623,L56802,L,298.9,310.0,1794,27.2,114,0,0,0,0,0,0,11.100000000000023,0,Medium,High,Medium,No
9623,9623,9624,L56803,L,298.9,310.1,1356,47.8,116,0,0,0,0,0,0,11.200000000000045,0,High,Medium,Medium,No
9624,9624,9625,H39038,H,299.0,310.1,1555,38.6,118,0,0,0,0,0,0,11.100000000000023,0,Medium,Medium,Medium,No
9625,9625,9626,M24485,M,299.0,310.1,1487,47.5,123,0,0,0,0,0,0,11.100000000000023,0,High,Medium,Medium,No
9626,9626,9627,M24486,M,299.0,310.0,1341,58.9,126,0,0,0,0,0,0,11.0,0,High,Medium,Medium,No
9627,9627,9628,M24487,M,298.9,310.0,1487,36.6,129,0,0,0,0,0,0,11.100000000000023,0,Medium,Medium,Medium,No
9628,9628,9629,H39042,H,299.0,310.0,1569,34.3,132,0,0,0,0,0,0,11.0,0,Medium,Medium,High,No
9629,9629,9630,H39043,H,299.0,310.1,2053,19.7,137,0,0,0,0,0,0,11.100000000000023,0,Low,High,High,No
9630,9630,9631,L56810,L,299.0,310.1,1583,35.8,142,0,0,0,0,0,0,11.100000000000023,0,Medium,Medium,High,No
9631,9631,9632,L56811,L,299.0,310.0,1672,33.2,144,0,0,0,0,0,0,11.0,0,Medium,High,High,No
9632,9632,9633,M24492,M,299.0,310.0,1337,57.4,146,0,0,0,0,0,0,11.0,0,High,Medium,High,No
9633,9633,9634,H39047,H,299.1,310.1,1421,41.2,149,0,0,0,0,0,0,11.0,0,Medium,Medium,High,No
9634,9634,9635,L56814,L,299.1,310.2,1425,52.7,154,0,0,0,0,0,0,11.099999999999966,0,High,Medium,High,No
9635,9635,9636,L56815,L,299.2,310.2,1609,33.2,156,0,0,0,0,0,0,11.0,0,Medium,Medium,High,No
9636,9636,9637,L56816,L,299.2,310.3,1507,41.3,158,0,0,0,0,0,0,11.100000000000023,0,Medium,Medium,High,No
9637,9637,9638,L56817,L,299.2,310.3,1463,38.9,160,0,0,0,0,0,0,11.100000000000023,0,Medium,Medium,High,No
9638,9638,9639,H39052,H,299.3,310.4,1393,44.9,162,0,0,0,0,0,0,11.099999999999966,0,Medium,Medium,High,No
9639,9639,9640,L56819,L,299.3,310.4,1725,26.8,167,0,0,0,0,0,0,11.099999999999966,0,Medium,High,High,No
9640,9640,9641,L56820,L,299.4,310.5,1514,36.1,169,0,0,0,0,0,0,11.100000000000023,0,Medium,Medium,High,No
9641,9641,9642,L56821,L,299.3,310.4,1365,53.9,171,0,0,0,0,0,0,11.099999999999966,0,High,Medium,High,No
9642,9642,9643,L56822,L,299.4,310.5,1372,46.3,173,0,0,0,0,0,0,11.100000000000023,0,High,Medium,High,No
9643,9643,9644,L56823,L,299.4,310.4,1509,40.6,175,0,0,0,0,0,0,11.0,0,Medium,Medium,High,No
9644,9644,9645,L56824,L,299.3,310.4,1629,32.6,177,0,0,0,0,0,0,11.099999999999966,0,Medium,Medium,High,No
9645,9645,9646,L56825,L,299.4,310.5,1749,28.1,179,0,0,0,0,0,0,11.100000000000023,0,Medium,High,High,No
9646,9646,9647,L56826,L,299.4,310.4,1582,31.7,181,0,0,0,0,0,0,11.0,0,Medium,Medium,High,No
9647,9647,9648,L56827,L,299.2,310.2,1458,47.0,183,0,0,0,0,0,0,11.0,0,High,Medium,High,No
9648,9648,9649,L56828,L,299.1,310.1,1416,41.2,185,0,0,0,0,0,0,11.0,0,Medium,Medium,High,No
9649,9649,9650,H39063,H,299.1,310.0,1657,33.1,187,0,0,0,0,0,0,10.899999999999977,0,Medium,High,High,No
9650,9650,9651,M24510,M,299.1,310.0,1437,41.1,192,0,0,0,0,0,0,10.899999999999977,0,Medium,Medium,High,No
9651,9651,9652,M24511,M,299.1,310.0,1580,36.0,195,0,0,0,0,0,0,10.899999999999977,0,Medium,Medium,High,No
9652,9652,9653,M24512,M,299.0,310.0,1488,46.3,198,0,0,0,0,0,0,11.0,0,High,Medium,High,No
9653,9653,9654,L56833,L,299.0,309.9,1373,55.7,201,1,0,0,0,1,0,10.899999999999977,1,High,Medium,High,No
9654,9654,9655,L56834,L,299.1,310.0,1367,56.3,203,1,0,0,0,1,0,10.899999999999977,1,High,Medium,High,No
9655,9655,9656,H39069,H,299.1,310.0,1431,49.5,205,0,0,0,0,0,0,10.899999999999977,0,High,Medium,High,No
9656,9656,9657,L56836,L,299.0,310.1,1623,33.0,210,0,0,0,0,0,0,11.100000000000023,0,Medium,Medium,High,No
9657,9657,9658,L56837,L,299.0,310.0,1484,39.6,212,0,0,0,0,0,0,11.0,0,Medium,Medium,High,No
9658,9658,9659,L56838,L,299.0,309.9,1548,34.5,214,0,0,0,0,0,0,10.899999999999977,0,Medium,Medium,High,No
9659,9659,9660,L56839,L,298.9,309.8,1287,61.9,216,1,0,0,0,1,0,10.900000000000034,1,High,Medium,High,No
9660,9660,9661,M24520,M,298.9,309.8,1392,43.1,218,0,0,0,0,0,0,10.900000000000034,0,Medium,Medium,High,No
9661,9661,9662,H39075,H,299.0,310.0,1458,44.9,221,0,0,0,0,0,0,11.0,0,Medium,Medium,High,No
9662,9662,9663,M24522,M,299.1,310.1,1570,30.9,226,0,0,0,0,0,0,11.0,0,Medium,Medium,High,No
9663,9663,9664,L56843,L,299.1,310.1,1435,48.8,229,1,0,0,0,1,0,11.0,1,High,Medium,High,No
9664,9664,9665,L56844,L,299.1,310.2,1317,54.8,231,1,0,0,0,1,0,11.099999999999966,1,High,Medium,High,No
9665,9665,9666,L56845,L,299.2,310.3,1610,33.3,233,0,0,0,0,0,0,11.100000000000023,0,Medium,Medium,High,No
9666,9666,9667,M24526,M,299.1,310.3,1838,24.0,235,0,0,0,0,0,0,11.199999999999989,0,Low,High,High,No
9667,9667,9668,L56847,L,299.2,310.3,1352,48.9,238,1,0,0,0,1,0,11.100000000000023,1,High,Medium,High,No
9668,9668,9669,L56848,L,299.1,310.3,1619,35.2,240,0,0,0,0,0,0,11.199999999999989,0,Medium,Medium,High,No
9669,9669,9670,L56849,L,299.1,310.3,1619,31.1,242,0,0,0,0,0,0,11.199999999999989,0,Medium,Medium,High,No
9670,9670,9671,L56850,L,299.0,310.2,1690,30.7,244,0,0,0,0,0,0,11.199999999999989,0,Medium,High,High,No
9671,9671,9672,L56851,L,299.0,310.2,1412,44.1,246,0,0,0,0,0,0,11.199999999999989,0,Medium,Medium,High,No
9672,9672,9673,H39086,H,299.0,310.2,1744,31.5,0,0,0,0,0,0,0,11.199999999999989,0,Medium,High,Low,No
9673,9673,9674,M24533,M,299.0,310.1,1593,35.4,5,0,0,0,0,0,0,11.100000000000023,0,Medium,Medium,Low,No
9674,9674,9675,L56854,L,299.1,310.2,1695,29.6,8,0,0,0,0,0,0,11.099999999999966,0,Medium,High,Low,No
9675,9675,9676,M24535,M,299.0,310.2,1298,57.2,10,0,0,0,0,0,0,11.199999999999989,0,High,Medium,Low,No
9676,9676,9677,L56856,L,299.0,310.1,1886,21.2,13,0,0,0,0,0,0,11.100000000000023,0,Low,High,Low,No
9677,9677,9678,L56857,L,299.0,310.1,2033,19.3,15,0,0,0,0,0,0,11.100000000000023,0,Low,High,Low,No
9678,9678,9679,M24538,M,299.1,310.2,1711,28.1,17,0,0,0,0,0,0,11.099999999999966,0,Medium,High,Low,No
9679,9679,9680,L56859,L,299.1,310.2,1598,33.4,20,0,0,0,0,0,0,11.099999999999966,0,Medium,Medium,Low,No
9680,9680,9681,L56860,L,299.1,310.1,1894,24.2,22,0,0,0,0,0,0,11.0,0,Low,High,Low,No
9681,9681,9682,M24541,M,299.1,310.1,1412,44.4,24,0,0,0,0,0,0,11.0,0,Medium,Medium,Low,No
9682,9682,9683,L56862,L,299.1,310.0,1394,46.6,27,0,0,0,0,0,0,10.899999999999977,0,High,Medium,Low,No
9683,9683,9684,M24543,M,299.0,310.0,1338,56.4,29,0,0,0,0,0,0,11.0,0,High,Medium,Low,No
9684,9684,9685,H39098,H,298.9,309.9,1376,51.0,32,0,0,0,0,0,0,11.0,0,High,Medium,Low,No
9685,9685,9686,L56865,L,299.0,310.0,1360,48.1,37,0,0,0,0,0,0,11.0,0,High,Medium,Low,No
9686,9686,9687,L56866,L,299.1,310.1,1486,40.7,39,0,0,0,0,0,0,11.0,0,Medium,Medium,Low,No
9687,9687,9688,M24547,M,299.1,310.1,1649,31.6,41,0,0,0,0,0,0,11.0,0,Medium,Medium,Low,No
9688,9688,9689,L56868,L,299.1,310.1,1367,45.6,44,0,0,0,0,0,0,11.0,0,High,Medium,Low,No
9689,9689,9690,L56869,L,299.0,310.1,1362,59.5,46,0,0,0,0,0,0,11.100000000000023,0,High,Medium,Low,No
9690,9690,9691,M24550,M,298.9,310.0,1520,35.6,48,0,0,0,0,0,0,11.100000000000023,0,Medium,Medium,Low,No
9691,9691,9692,L56871,L,299.0,310.0,1582,31.9,51,0,0,0,0,0,0,11.0,0,Medium,Medium,Low,No
9692,9692,9693,M24552,M,299.0,310.0,1667,30.0,53,0,0,0,0,0,0,11.0,0,Medium,High,Low,No
9693,9693,9694,L56873,L,298.9,310.0,1693,28.8,56,0,0,0,0,0,0,11.100000000000023,0,Medium,High,Low,No
9694,9694,9695,L56874,L,298.9,310.0,1559,33.4,58,0,0,0,0,0,0,11.100000000000023,0,Medium,Medium,Low,No
9695,9695,9696,L56875,L,298.9,309.9,1592,32.0,60,0,0,0,0,0,0,11.0,0,Medium,Medium,Low,No
9696,9696,9697,L56876,L,298.9,309.9,1404,39.8,62,0,0,0,0,0,0,11.0,0,Medium,Medium,Low,No
9697,9697,9698,M24557,M,298.8,309.8,1413,45.5,64,0,0,0,0,0,0,11.0,0,High,Medium,Low,No
9698,9698,9699,L56878,L,298.8,309.8,1663,28.2,67,0,0,0,0,0,0,11.0,0,Medium,High,Low,No
9699,9699,9700,L56879,L,298.8,309.8,1508,36.3,69,0,0,0,0,0,0,11.0,0,Medium,Medium,Low,No
9700,9700,9701,M24560,M,298.9,309.8,1353,53.7,71,0,0,0,0,0,0,10.900000000000034,0,High,Medium,Low,No
9701,9701,9702,L56881,L,298.8,309.8,1485,42.4,74,0,0,0,0,0,0,11.0,0,Medium,Medium,Low,No
9702,9702,9703,L56882,L,298.9,310.0,1633,31.2,76,0,0,0,0,0,0,11.100000000000023,0,Medium,Medium,Low,No
9703,9703,9704,L56883,L,298.9,310.0,1422,43.6,78,0,0,0,0,0,0,11.100000000000023,0,Medium,Medium,Low,No
9704,9704,9705,L56884,L,298.9,310.1,1577,41.4,80,0,0,0,0,0,0,11.200000000000045,0,Medium,Medium,Low,No
9705,9705,9706,L56885,L,298.9,310.0,1482,41.1,82,0,0,0,0,0,0,11.100000000000023,0,Medium,Medium,Medium,No
9706,9706,9707,M24566,M,299.0,310.1,1705,30.1,84,0,0,0,0,0,0,11.100000000000023,0,Medium,High,Medium,No
9707,9707,9708,L56887,L,299.0,310.1,1699,32.9,87,0,0,0,0,0,0,11.100000000000023,0,Medium,High,Medium,No
9708,9708,9709,L56888,L,299.0,310.1,1664,29.7,89,0,0,0,0,0,0,11.100000000000023,0,Medium,High,Medium,No
9709,9709,9710,M24569,M,299.0,310.0,1486,34.6,91,0,0,0,0,0,0,11.0,0,Medium,Medium,Medium,No
9710,9710,9711,L56890,L,299.1,310.1,1336,61.3,94,0,0,0,0,0,0,11.0,0,High,Medium,Medium,No
9711,9711,9712,H39125,H,299.1,310.1,1429,42.9,96,0,0,0,0,0,0,11.0,0,Medium,Medium,Medium,No
9712,9712,9713,M24572,M,299.1,310.2,1456,48.4,101,0,0,0,0,0,0,11.099999999999966,0,High,Medium,Medium,No
9713,9713,9714,L56893,L,299.1,310.2,1496,45.0,104,0,0,0,0,0,0,11.099999999999966,0,Medium,Medium,Medium,No
9714,9714,9715,L56894,L,299.1,310.1,1894,20.1,106,0,0,0,0,0,0,11.0,0,Low,High,Medium,No
9715,9715,9716,L56895,L,299.1,310.1,1373,55.6,108,0,0,0,0,0,0,11.0,0,High,Medium,Medium,No
9716,9716,9717,H39130,H,299.0,310.0,1387,45.2,110,0,0,0,0,0,0,11.0,0,High,Medium,Medium,No
9717,9717,9718,L56897,L,298.9,309.9,1500,44.2,115,0,0,0,0,0,0,11.0,0,Medium,Medium,Medium,No
9718,9718,9719,L56898,L,298.9,309.9,1517,36.6,117,0,0,0,0,0,0,11.0,0,Medium,Medium,Medium,No
9719,9719,9720,L56899,L,298.9,309.9,1309,56.2,119,0,0,0,0,0,0,11.0,0,High,Medium,Medium,No
9720,9720,9721,M24580,M,298.9,309.9,1357,54.5,121,0,0,0,0,0,0,11.0,0,High,Medium,Medium,No
9721,9721,9722,L56901,L,298.8,309.8,1490,40.6,124,0,0,0,0,0,0,11.0,0,Medium,Medium,Medium,No
9722,9722,9723,H39136,H,298.8,309.8,1911,21.6,126,0,0,0,0,0,0,11.0,0,Low,High,Medium,No
9723,9723,9724,L56903,L,298.8,309.8,1599,33.6,131,0,0,0,0,0,0,11.0,0,Medium,Medium,High,No
9724,9724,9725,M24584,M,298.8,309.7,2098,19.0,133,0,0,0,0,0,0,10.899999999999977,0,Low,High,High,No
9725,9725,9726,M24585,M,298.7,309.7,1629,27.9,136,0,0,0,0,0,0,11.0,0,Medium,Medium,High,No
9726,9726,9727,L56906,L,298.8,309.8,1557,37.2,139,0,0,0,0,0,0,11.0,0,Medium,Medium,High,No
9727,9727,9728,L56907,L,298.8,309.8,1461,39.4,141,0,0,0,0,0,0,11.0,0,Medium,Medium,High,No
9728,9728,9729,L56908,L,298.8,309.8,1563,33.7,143,0,0,0,0,0,0,11.0,0,Medium,Medium,High,No
9729,9729,9730,L56909,L,298.7,309.8,1695,29.0,145,0,0,0,0,0,0,11.100000000000023,0,Medium,High,High,No
9730,9730,9731,L56910,L,298.8,310.0,1528,36.7,147,0,0,0,0,0,0,11.199999999999989,0,Medium,Medium,High,No
9731,9731,9732,L56911,L,298.8,310.0,1389,49.6,149,0,0,0,0,0,0,11.199999999999989,0,High,Medium,High,No
9732,9732,9733,L56912,L,298.9,310.0,2231,17.4,151,0,0,0,0,0,0,11.100000000000023,0,Low,High,High,No
9733,9733,9734,M24593,M,298.9,310.1,1442,42.9,153,0,0,0,0,0,0,11.200000000000045,0,Medium,Medium,High,No
9734,9734,9735,H39148,H,298.9,310.1,1458,44.3,156,0,0,0,0,0,0,11.200000000000045,0,Medium,Medium,High,No
9735,9735,9736,L56915,L,299.0,310.1,1444,47.7,161,0,0,0,0,0,0,11.100000000000023,0,High,Medium,High,No
9736,9736,9737,M24596,M,298.9,310.0,1348,58.2,163,0,0,0,0,0,0,11.100000000000023,0,High,Medium,High,No
9737,9737,9738,L56917,L,298.9,310.0,1791,27.6,166,0,0,0,0,0,0,11.100000000000023,0,Medium,High,High,No
9738,9738,9739,L56918,L,299.0,310.0,1509,38.0,168,0,0,0,0,0,0,11.0,0,Medium,Medium,High,No
9739,9739,9740,L56919,L,298.9,310.0,1515,42.9,170,0,0,0,0,0,0,11.100000000000023,0,Medium,Medium,High,No
9740,9740,9741,M24600,M,298.9,310.1,1655,31.5,172,0,0,0,0,0,0,11.200000000000045,0,Medium,High,High,No
9741,9741,9742,L56921,L,298.9,310.1,1495,42.9,175,0,0,0,0,0,0,11.200000000000045,0,Medium,Medium,High,No
9742,9742,9743,L56922,L,298.9,310.2,1623,37.2,177,0,0,0,0,0,0,11.300000000000011,0,Medium,Medium,High,No
9743,9743,9744,L56923,L,298.9,310.2,1562,42.5,179,0,0,0,0,0,0,11.300000000000011,0,Medium,Medium,High,No
9744,9744,9745,L56924,L,298.8,310.1,1574,36.2,181,0,0,0,0,0,0,11.300000000000011,0,Medium,Medium,High,No
9745,9745,9746,L56925,L,298.8,310.0,1611,32.4,183,0,0,0,0,0,0,11.199999999999989,0,Medium,Medium,High,No
9746,9746,9747,L56926,L,298.8,310.0,1403,45.6,185,0,0,0,0,0,0,11.199999999999989,0,High,Medium,High,No
9747,9747,9748,L56927,L,298.8,310.1,1481,47.4,187,0,0,0,0,0,0,11.300000000000011,0,High,Medium,High,No
9748,9748,9749,M24608,M,298.9,310.1,1441,41.2,189,0,0,0,0,0,0,11.200000000000045,0,Medium,Medium,High,No
9749,9749,9750,H39163,H,298.8,310.1,1483,45.4,192,0,0,0,0,0,0,11.300000000000011,0,High,Medium,High,No
9750,9750,9751,L56930,L,298.7,310.0,1555,32.6,197,0,0,0,0,0,0,11.300000000000011,0,Medium,Medium,High,No
9751,9751,9752,L56931,L,298.6,309.9,1615,28.8,199,0,0,0,0,0,0,11.299999999999955,0,Medium,Medium,High,No
9752,9752,9753,L56932,L,298.6,309.8,1561,32.6,201,0,0,0,0,0,0,11.199999999999989,0,Medium,Medium,High,No
9753,9753,9754,L56933,L,298.5,309.8,1593,35.1,203,0,0,0,0,0,0,11.300000000000011,0,Medium,Medium,High,No
9754,9754,9755,M24614,M,298.5,309.7,1552,34.0,205,0,0,0,0,0,0,11.199999999999989,0,Medium,Medium,High,No
9755,9755,9756,H39169,H,298.5,309.7,1561,35.3,208,0,0,0,0,0,0,11.199999999999989,0,Medium,Medium,High,No
9756,9756,9757,L56936,L,298.6,309.8,1597,35.9,213,0,0,0,0,0,0,11.199999999999989,0,Medium,Medium,High,No
9757,9757,9758,M24617,M,298.6,309.9,1517,34.0,215,0,0,0,0,0,0,11.299999999999955,0,Medium,Medium,High,No
9758,9758,9759,L56938,L,298.6,309.8,2271,16.2,218,1,1,0,0,0,0,11.199999999999989,1,Low,High,High,No
9759,9759,9760,L56939,L,298.5,309.7,1613,36.7,0,0,0,0,0,0,0,11.199999999999989,0,Medium,Medium,Low,No
9760,9760,9761,M24620,M,298.5,309.6,1509,47.3,2,0,0,0,0,0,0,11.100000000000023,0,High,Medium,Low,No
9761,9761,9762,L56941,L,298.6,309.7,1703,26.1,5,0,0,0,0,0,0,11.099999999999966,0,Medium,High,Low,No
9762,9762,9763,L56942,L,298.6,309.7,1925,22.1,7,0,0,0,0,0,0,11.099999999999966,0,Low,High,Low,No
9763,9763,9764,M24623,M,298.6,309.6,1635,29.7,9,0,0,0,0,0,0,11.0,0,Medium,Medium,Low,No
9764,9764,9765,L56944,L,298.5,309.5,1294,66.7,12,1,0,0,1,0,0,11.0,1,High,Medium,Low,No
9765,9765,9766,L56945,L,298.6,309.6,1472,39.1,14,0,0,0,0,0,0,11.0,0,Medium,Medium,Low,No
9766,9766,9767,H39180,H,298.6,309.6,1449,42.5,16,0,0,0,0,0,0,11.0,0,Medium,Medium,Low,No
9767,9767,9768,L56947,L,298.6,309.6,1563,35.0,21,0,0,0,0,0,0,11.0,0,Medium,Medium,Low,No
9768,9768,9769,L56948,L,298.6,309.6,1611,35.7,23,0,0,0,0,0,0,11.0,0,Medium,Medium,Low,No
9769,9769,9770,L56949,L,298.6,309.6,1386,48.6,25,0,0,0,0,0,0,11.0,0,High,Medium,Low,No
9770,9770,9771,H39184,H,298.6,309.5,1584,31.8,27,0,0,0,0,0,0,10.899999999999977,0,Medium,Medium,Low,No
9771,9771,9772,M24631,M,298.7,309.6,1424,50.4,32,0,0,0,0,0,0,10.900000000000034,0,High,Medium,Low,No
9772,9772,9773,L56952,L,298.5,309.5,1561,34.8,35,0,0,0,0,0,0,11.0,0,Medium,Medium,Low,No
9773,9773,9774,L56953,L,298.5,309.4,1560,37.9,37,0,0,0,0,0,0,10.899999999999977,0,Medium,Medium,Low,No
9774,9774,9775,H39188,H,298.6,309.5,1375,41.0,39,0,0,0,0,0,0,10.899999999999977,0,Medium,Medium,Low,No
9775,9775,9776,M24635,M,298.6,309.5,1684,27.8,44,0,0,0,0,0,0,10.899999999999977,0,Medium,High,Low,No
9776,9776,9777,M24636,M,298.6,309.6,1397,54.1,47,0,0,0,0,0,0,11.0,0,High,Medium,Low,No
9777,9777,9778,L56957,L,298.6,309.6,1387,57.6,50,0,0,0,0,0,0,11.0,0,High,Medium,Low,No
9778,9778,9779,H39192,H,298.7,309.7,1311,54.5,52,0,0,0,0,0,0,11.0,0,High,Medium,Low,No
9779,9779,9780,L56959,L,298.8,309.8,1509,36.2,57,0,0,0,0,0,0,11.0,0,Medium,Medium,Low,No
9780,9780,9781,M24640,M,298.8,309.8,1477,46.7,59,0,0,0,0,0,0,11.0,0,High,Medium,Low,No
9781,9781,9782,L56961,L,298.8,309.9,1441,41.6,62,0,0,0,0,0,0,11.099999999999966,0,Medium,Medium,Low,No
9782,9782,9783,L56962,L,298.7,309.9,1404,47.1,64,0,0,0,0,0,0,11.199999999999989,0,High,Medium,Low,No
9783,9783,9784,H39197,H,298.8,309.9,1466,44.6,66,0,0,0,0,0,0,11.099999999999966,0,Medium,Medium,Low,No
9784,9784,9785,M24644,M,298.7,309.8,1435,48.8,71,0,0,0,0,0,0,11.100000000000023,0,High,Medium,Low,No
9785,9785,9786,H39199,H,298.7,309.7,1697,29.8,74,0,0,0,0,0,0,11.0,0,Medium,High,Low,No
9786,9786,9787,M24646,M,298.7,309.6,1738,27.3,79,0,0,0,0,0,0,10.900000000000034,0,Medium,High,Low,No
9787,9787,9788,H39201,H,298.6,309.5,1420,50.4,82,0,0,0,0,0,0,10.899999999999977,0,High,Medium,Medium,No
9788,9788,9789,M24648,M,298.5,309.5,1535,39.8,87,0,0,0,0,0,0,11.0,0,Medium,Medium,Medium,No
9789,9789,9790,L56969,L,298.6,309.6,1715,28.4,90,0,0,0,0,0,0,11.0,0,Medium,High,Medium,No
9790,9790,9791,L56970,L,298.6,309.5,1483,43.2,92,0,0,0,0,0,0,10.899999999999977,0,Medium,Medium,Medium,No
9791,9791,9792,M24651,M,298.5,309.4,1521,37.5,94,0,0,0,0,0,0,10.899999999999977,0,Medium,Medium,Medium,No
9792,9792,9793,H39206,H,298.5,309.4,1573,36.0,97,0,0,0,0,0,0,10.899999999999977,0,Medium,Medium,Medium,No
9793,9793,9794,H39207,H,298.5,309.4,1414,46.7,102,0,0,0,0,0,0,10.899999999999977,0,High,Medium,Medium,No
9794,9794,9795,L56974,L,298.5,309.3,1590,33.9,107,0,0,0,0,0,0,10.800000000000011,0,Medium,Medium,Medium,No
9795,9795,9796,L56975,L,298.5,309.3,1623,33.1,109,0,0,0,0,0,0,10.800000000000011,0,Medium,Medium,Medium,No
9796,9796,9797,H39210,H,298.4,309.3,1694,30.9,111,0,0,0,0,0,0,10.900000000000034,0,Medium,High,Medium,No
9797,9797,9798,M24657,M,298.4,309.2,1597,33.5,116,0,0,0,0,0,0,10.800000000000011,0,Medium,Medium,Medium,No
9798,9798,9799,L56978,L,298.5,309.3,1471,44.7,119,0,0,0,0,0,0,10.800000000000011,0,Medium,Medium,Medium,No
9799,9799,9800,M24659,M,298.5,309.3,1551,34.7,121,0,0,0,0,0,0,10.800000000000011,0,Medium,Medium,Medium,No
9800,9800,9801,H39214,H,298.5,309.3,1421,50.3,124,0,0,0,0,0,0,10.800000000000011,0,High,Medium,Medium,No
9801,9801,9802,M24661,M,298.4,309.3,1496,45.6,129,0,0,0,0,0,0,10.900000000000034,0,High,Medium,Medium,No
9802,9802,9803,H39216,H,298.4,309.3,1984,19.2,132,0,0,0,0,0,0,10.900000000000034,0,Low,High,High,No
9803,9803,9804,L56983,L,298.4,309.2,1692,29.8,137,0,0,0,0,0,0,10.800000000000011,0,Medium,High,High,No
9804,9804,9805,L56984,L,298.4,309.1,1467,42.5,139,0,0,0,0,0,0,10.700000000000045,0,Medium,Medium,High,No
9805,9805,9806,L56985,L,298.4,309.2,1651,28.5,141,0,0,0,0,0,0,10.800000000000011,0,Medium,High,High,No
9806,9806,9807,L56986,L,298.3,309.1,1417,60.5,143,0,0,0,0,0,0,10.800000000000011,0,High,Medium,High,No
9807,9807,9808,L56987,L,298.2,309.0,1413,55.0,145,0,0,0,0,0,0,10.800000000000011,0,High,Medium,High,No
9808,9808,9809,M24668,M,298.2,309.0,1441,44.2,147,0,0,0,0,0,0,10.800000000000011,0,Medium,Medium,High,No
9809,9809,9810,M24669,M,298.2,309.0,1353,50.3,150,0,0,0,0,0,0,10.800000000000011,0,High,Medium,High,No
9810,9810,9811,L56990,L,298.1,309.0,1502,40.9,153,0,0,0,0,0,0,10.899999999999977,0,Medium,Medium,High,No
9811,9811,9812,L56991,L,298.2,309.0,1610,31.7,155,0,0,0,0,0,0,10.800000000000011,0,Medium,Medium,High,No
9812,9812,9813,M24672,M,298.2,309.1,1411,45.8,157,0,0,0,0,0,0,10.900000000000034,0,High,Medium,High,No
9813,9813,9814,L56993,L,298.3,309.1,1387,52.3,160,0,0,0,0,0,0,10.800000000000011,0,High,Medium,High,No
9814,9814,9815,H39228,H,298.3,309.1,1430,40.9,162,0,0,0,0,0,0,10.800000000000011,0,Medium,Medium,High,No
9815,9815,9816,M24675,M,298.4,309.1,1576,38.8,167,0,0,0,0,0,0,10.700000000000045,0,Medium,Medium,High,No
9816,9816,9817,M24676,M,298.5,309.2,1721,29.4,170,0,0,0,0,0,0,10.699999999999989,0,Medium,High,High,No
9817,9817,9818,M24677,M,298.5,309.3,1465,42.4,173,0,0,0,0,0,0,10.800000000000011,0,Medium,Medium,High,No
9818,9818,9819,M24678,M,298.6,309.4,1407,45.1,176,0,0,0,0,0,0,10.799999999999955,0,High,Medium,High,No
9819,9819,9820,M24679,M,298.6,309.4,1464,36.9,179,0,0,0,0,0,0,10.799999999999955,0,Medium,Medium,High,No
9820,9820,9821,M24680,M,298.6,309.5,1568,36.7,182,0,0,0,0,0,0,10.899999999999977,0,Medium,Medium,High,No
9821,9821,9822,L57001,L,298.6,309.4,1667,35.6,185,0,0,0,0,0,0,10.799999999999955,0,Medium,High,High,No
9822,9822,9823,L57002,L,298.5,309.4,1360,60.9,187,1,0,0,0,1,0,10.899999999999977,1,High,Medium,High,No
9823,9823,9824,M24683,M,298.5,309.3,1488,43.7,189,0,0,0,0,0,0,10.800000000000011,0,Medium,Medium,High,No
9824,9824,9825,L57004,L,298.4,309.3,1504,39.3,192,0,0,0,0,0,0,10.900000000000034,0,Medium,Medium,High,No
9825,9825,9826,L57005,L,298.4,309.2,1610,32.4,194,0,0,0,0,0,0,10.800000000000011,0,Medium,Medium,High,No
9826,9826,9827,L57006,L,298.4,309.2,1345,52.7,196,0,0,0,0,0,0,10.800000000000011,0,High,Medium,High,No
9827,9827,9828,M24687,M,298.3,309.3,1376,57.0,198,0,0,0,0,0,0,11.0,0,High,Medium,High,No
9828,9828,9829,L57008,L,298.4,309.4,1385,50.0,201,0,0,0,0,0,0,11.0,0,High,Medium,High,No
9829,9829,9830,M24689,M,298.4,309.4,1429,41.8,203,0,0,0,0,0,0,11.0,0,Medium,Medium,High,No
9830,9830,9831,L57010,L,298.3,309.3,1337,56.1,206,1,0,0,0,1,0,11.0,1,High,Medium,High,No
9831,9831,9832,L57011,L,298.4,309.3,1542,35.4,208,0,0,0,0,0,0,10.900000000000034,0,Medium,Medium,High,No
9832,9832,9833,L57012,L,298.4,309.2,2118,17.7,210,0,0,0,0,0,0,10.800000000000011,0,Low,High,High,No
9833,9833,9834,L57013,L,298.3,309.1,1386,45.3,212,0,0,0,0,0,0,10.800000000000011,0,High,Medium,High,No
9834,9834,9835,M24694,M,298.3,309.1,1632,32.7,0,0,0,0,0,0,0,10.800000000000011,0,Medium,Medium,Low,No
9835,9835,9836,L57015,L,298.4,309.3,1545,36.9,3,0,0,0,0,0,0,10.900000000000034,0,Medium,Medium,Low,No
9836,9836,9837,M24696,M,298.4,309.3,1390,53.6,5,0,0,0,0,0,0,10.900000000000034,0,High,Medium,Low,No
9837,9837,9838,M24697,M,298.4,309.3,1355,50.6,8,0,0,0,0,0,0,10.900000000000034,0,High,Medium,Low,No
9838,9838,9839,L57018,L,298.4,309.2,1425,45.5,11,0,0,0,0,0,0,10.800000000000011,0,High,Medium,Low,No
9839,9839,9840,M24699,M,298.4,309.2,1491,51.2,13,0,0,0,0,0,0,10.800000000000011,0,High,Medium,Low,No
9840,9840,9841,H39254,H,298.3,309.2,1486,42.4,16,0,0,0,0,0,0,10.899999999999977,0,Medium,Medium,Low,No
9841,9841,9842,M24701,M,298.3,309.2,1359,51.4,21,0,0,0,0,0,0,10.899999999999977,0,High,Medium,Low,No
9842,9842,9843,L57022,L,298.4,309.3,1395,47.6,24,0,0,0,0,0,0,10.900000000000034,0,High,Medium,Low,No
9843,9843,9844,L57023,L,298.3,309.2,1383,52.1,26,0,0,0,0,0,0,10.899999999999977,0,High,Medium,Low,No
9844,9844,9845,H39258,H,298.3,309.1,1484,37.0,28,0,0,0,0,0,0,10.800000000000011,0,Medium,Medium,Low,No
9845,9845,9846,L57025,L,298.3,309.1,1421,47.4,33,0,0,0,0,0,0,10.800000000000011,0,High,Medium,Low,No
9846,9846,9847,L57026,L,298.3,309.0,1339,58.8,35,0,0,0,0,0,0,10.699999999999989,0,High,Medium,Low,No
9847,9847,9848,L57027,L,298.4,309.1,1362,46.1,37,0,0,0,0,0,0,10.700000000000045,0,High,Medium,Low,No
9848,9848,9849,H39262,H,298.5,309.2,1568,40.6,39,0,0,0,0,0,0,10.699999999999989,0,Medium,Medium,Low,No
9849,9849,9850,L57029,L,298.6,309.4,2312,15.5,44,0,0,0,0,0,0,10.799999999999955,0,Low,High,Low,No
9850,9850,9851,M24710,M,298.5,309.3,1498,34.6,46,0,0,0,0,0,0,10.800000000000011,0,Medium,Medium,Low,No
9851,9851,9852,M24711,M,298.5,309.3,1761,27.2,49,0,0,0,0,0,0,10.800000000000011,0,Medium,High,Low,No
9852,9852,9853,L57032,L,298.6,309.4,1316,51.4,52,0,0,0,0,0,0,10.799999999999955,0,High,Medium,Low,No
9853,9853,9854,L57033,L,298.6,309.4,1525,37.8,54,0,0,0,0,0,0,10.799999999999955,0,Medium,Medium,Low,No
9854,9854,9855,H39268,H,298.6,309.4,1362,45.3,56,0,0,0,0,0,0,10.799999999999955,0,High,Medium,Low,No
9855,9855,9856,L57035,L,298.7,309.6,1516,38.5,61,0,0,0,0,0,0,10.900000000000034,0,Medium,Medium,Low,No
9856,9856,9857,L57036,L,298.6,309.5,1450,44.2,63,0,0,0,0,0,0,10.899999999999977,0,Medium,Medium,Low,No
9857,9857,9858,M24717,M,298.6,309.5,1366,55.0,65,0,0,0,0,0,0,10.899999999999977,0,High,Medium,Low,No
9858,9858,9859,L57038,L,298.5,309.5,1547,33.1,68,0,0,0,0,0,0,11.0,0,Medium,Medium,Low,No
9859,9859,9860,M24719,M,298.6,309.5,1580,33.9,70,0,0,0,0,0,0,10.899999999999977,0,Medium,Medium,Low,No
9860,9860,9861,H39274,H,298.7,309.6,1755,26.9,73,0,0,0,0,0,0,10.900000000000034,0,Medium,High,Low,No
9861,9861,9862,M24721,M,298.7,309.6,1800,24.8,78,0,0,0,0,0,0,10.900000000000034,0,Low,High,Low,No
9862,9862,9863,M24722,M,298.8,309.7,1439,45.8,81,0,0,0,0,0,0,10.899999999999977,0,High,Medium,Medium,No
9863,9863,9864,L57043,L,298.9,309.8,1411,56.3,84,0,0,0,0,0,0,10.900000000000034,0,High,Medium,Medium,No
9864,9864,9865,M24724,M,298.9,309.9,1645,31.4,86,0,0,0,0,0,0,11.0,0,Medium,Medium,Medium,No
9865,9865,9866,M24725,M,298.9,309.8,2450,13.9,89,0,0,0,0,0,0,10.900000000000034,0,Low,High,Medium,No
9866,9866,9867,L57046,L,299.0,309.9,1630,34.0,92,0,0,0,0,0,0,10.899999999999977,0,Medium,Medium,Medium,No
9867,9867,9868,L57047,L,299.0,309.9,1411,44.7,94,0,0,0,0,0,0,10.899999999999977,0,Medium,Medium,Medium,No
9868,9868,9869,L57048,L,298.9,309.9,1526,35.4,96,0,0,0,0,0,0,11.0,0,Medium,Medium,Medium,No
9869,9869,9870,L57049,L,298.9,309.9,1590,31.3,98,0,0,0,0,0,0,11.0,0,Medium,Medium,Medium,No
9870,9870,9871,H39284,H,299.0,309.9,1884,25.6,100,0,0,0,0,0,0,10.899999999999977,0,High,High,Medium,No
9871,9871,9872,M24731,M,298.9,309.8,1947,21.7,105,0,0,0,0,0,0,10.900000000000034,0,Low,High,Medium,No
9872,9872,9873,L57052,L,298.9,309.9,1373,52.1,108,0,0,0,0,0,0,11.0,0,High,Medium,Medium,No
9873,9873,9874,L57053,L,298.9,309.8,1616,36.5,110,0,0,0,0,0,0,10.900000000000034,0,Medium,Medium,Medium,No
9874,9874,9875,M24734,M,298.9,309.9,1449,44.1,112,0,0,0,0,0,0,11.0,0,Medium,Medium,Medium,No
9875,9875,9876,M24735,M,298.9,309.8,1363,50.6,115,0,0,0,0,0,0,10.900000000000034,0,High,Medium,Medium,No
9876,9876,9877,H39290,H,298.8,309.7,1461,55.1,118,0,0,0,0,0,0,10.899999999999977,0,High,Medium,Medium,No
9877,9877,9878,L57057,L,298.8,309.7,1374,58.6,123,0,0,0,0,0,0,10.899999999999977,0,High,Medium,Medium,No
9878,9878,9879,L57058,L,298.7,309.7,1293,59.1,125,0,0,0,0,0,0,11.0,0,High,Medium,Medium,No
9879,9879,9880,M24739,M,298.8,309.8,1490,38.6,127,0,0,0,0,0,0,11.0,0,Medium,Medium,Medium,No
9880,9880,9881,L57060,L,298.8,309.8,1753,27.5,130,0,0,0,0,0,0,11.0,0,Medium,High,Medium,No
9881,9881,9882,L57061,L,298.8,309.8,1493,38.5,132,0,0,0,0,0,0,11.0,0,Medium,Medium,High,No
9882,9882,9883,L57062,L,298.8,309.8,1895,22.0,134,0,0,0,0,0,0,11.0,0,Low,High,High,No
9883,9883,9884,H39297,H,298.7,309.6,1654,34.3,136,0,0,0,0,0,0,10.900000000000034,0,Medium,High,High,No
9884,9884,9885,L57064,L,298.7,309.5,1673,30.8,141,0,0,0,0,0,0,10.800000000000011,0,Medium,High,High,No
9885,9885,9886,L57065,L,298.8,309.6,1613,27.7,143,0,0,0,0,0,0,10.800000000000011,0,Medium,Medium,High,No
9886,9886,9887,L57066,L,298.8,309.6,1903,22.3,145,0,0,0,0,0,0,10.800000000000011,0,Low,High,High,No
9887,9887,9888,L57067,L,298.8,309.5,1368,44.7,147,0,0,0,0,0,0,10.699999999999989,0,Medium,Medium,High,No
9888,9888,9889,M24748,M,298.8,309.6,1575,34.4,149,0,0,0,0,0,0,10.800000000000011,0,Medium,Medium,High,No
9889,9889,9890,H39303,H,298.8,309.6,1516,40.2,152,0,0,0,0,0,0,10.800000000000011,0,Medium,Medium,High,No
9890,9890,9891,L57070,L,298.8,309.5,1645,32.8,157,0,0,0,0,0,0,10.699999999999989,0,Medium,Medium,High,No
9891,9891,9892,L57071,L,298.8,309.5,1374,48.1,159,0,0,0,0,0,0,10.699999999999989,0,High,Medium,High,No
9892,9892,9893,H39306,H,298.9,309.7,1407,48.6,161,0,0,0,0,0,0,10.800000000000011,0,High,Medium,High,No
9893,9893,9894,M24753,M,298.9,309.6,1284,55.3,166,0,0,0,0,0,0,10.700000000000045,0,High,Medium,High,No
9894,9894,9895,L57074,L,298.9,309.5,1645,31.1,169,0,0,0,0,0,0,10.600000000000023,0,Medium,Medium,High,No
9895,9895,9896,L57075,L,298.8,309.4,1387,54.1,171,0,0,0,0,0,0,10.599999999999966,0,High,Medium,High,No
9896,9896,9897,M24756,M,298.8,309.3,1618,35.1,173,0,0,0,0,0,0,10.5,0,Medium,Medium,High,No
9897,9897,9898,L57077,L,298.8,309.3,1357,47.1,176,0,0,0,0,0,0,10.5,0,High,Medium,High,No
9898,9898,9899,L57078,L,298.7,309.2,1396,44.8,178,0,0,0,0,0,0,10.5,0,Medium,Medium,High,No
9899,9899,9900,L57079,L,298.7,309.2,1586,31.4,180,0,0,0,0,0,0,10.5,0,Medium,Medium,High,No
9900,9900,9901,H39314,H,298.7,309.2,1449,42.3,182,0,0,0,0,0,0,10.5,0,Medium,Medium,High,No
9901,9901,9902,M24761,M,298.7,309.2,1423,48.9,187,0,0,0,0,0,0,10.5,0,High,Medium,High,No
9902,9902,9903,H39316,H,298.7,309.3,1402,45.3,190,0,0,0,0,0,0,10.600000000000023,0,High,Medium,High,No
9903,9903,9904,M24763,M,298.7,309.2,1437,45.7,195,0,0,0,0,0,0,10.5,0,High,Medium,High,No
9904,9904,9905,L57084,L,298.6,309.1,1537,35.7,198,0,0,0,0,0,0,10.5,0,Medium,Medium,High,No
9905,9905,9906,M24765,M,298.7,309.1,1423,49.5,200,0,0,0,0,0,0,10.400000000000034,0,High,Medium,High,No
9906,9906,9907,M24766,M,298.6,309.1,1587,37.3,203,0,0,0,0,0,0,10.5,0,Medium,Medium,High,No
9907,9907,9908,M24767,M,298.6,309.1,1487,43.2,206,0,0,0,0,0,0,10.5,0,Medium,Medium,High,No
9908,9908,9909,L57088,L,298.6,309.0,1456,47.7,0,0,0,0,0,0,0,10.399999999999977,0,High,Medium,Low,No
9909,9909,9910,L57089,L,298.7,309.1,1607,32.7,2,0,0,0,0,0,0,10.400000000000034,0,Medium,Medium,Low,No
9910,9910,9911,L57090,L,298.6,309.0,1469,46.0,4,0,0,0,0,0,0,10.399999999999977,0,High,Medium,Low,No
9911,9911,9912,M24771,M,298.6,309.0,1481,40.8,6,0,0,0,0,0,0,10.399999999999977,0,Medium,Medium,Low,No
9912,9912,9913,L57092,L,298.6,308.9,1327,58.8,9,0,0,0,0,0,0,10.299999999999955,0,High,Medium,Low,No
9913,9913,9914,L57093,L,298.5,308.8,1589,30.6,11,0,0,0,0,0,0,10.300000000000011,0,Medium,Medium,Low,No
9914,9914,9915,L57094,L,298.5,308.8,1670,29.6,13,0,0,0,0,0,0,10.300000000000011,0,Medium,High,Low,No
9915,9915,9916,M24775,M,298.5,308.7,1662,28.3,15,0,0,0,0,0,0,10.199999999999989,0,Medium,High,Low,No
9916,9916,9917,M24776,M,298.5,308.8,1553,34.9,18,0,0,0,0,0,0,10.300000000000011,0,Medium,Medium,Low,No
9917,9917,9918,M24777,M,298.5,308.8,1557,36.0,21,0,0,0,0,0,0,10.300000000000011,0,Medium,Medium,Low,No
9918,9918,9919,L57098,L,298.4,308.8,1352,56.7,24,0,0,0,0,0,0,10.400000000000034,0,High,Medium,Low,No
9919,9919,9920,L57099,L,298.5,308.8,1305,58.7,26,0,0,0,0,0,0,10.300000000000011,0,High,Medium,Low,No
9920,9920,9921,H39334,H,298.5,308.7,1450,43.9,28,0,0,0,0,0,0,10.199999999999989,0,Medium,Medium,Low,No
9921,9921,9922,M24781,M,298.5,308.7,1347,48.5,33,0,0,0,0,0,0,10.199999999999989,0,High,Medium,Low,No
9922,9922,9923,H39336,H,298.6,308.8,1566,39.1,36,0,0,0,0,0,0,10.199999999999989,0,Medium,Medium,Low,No
9923,9923,9924,M24783,M,298.5,308.7,1615,33.3,41,0,0,0,0,0,0,10.199999999999989,0,Medium,Medium,Low,No
9924,9924,9925,M24784,M,298.5,308.6,1384,54.4,44,0,0,0,0,0,0,10.100000000000023,0,High,Medium,Low,No
9925,9925,9926,M24785,M,298.5,308.7,1367,47.3,47,0,0,0,0,0,0,10.199999999999989,0,High,Medium,Low,No
9926,9926,9927,M24786,M,298.5,308.6,1897,20.2,50,0,0,0,0,0,0,10.100000000000023,0,Low,High,Low,No
9927,9927,9928,L57107,L,298.5,308.6,1522,36.9,53,0,0,0,0,0,0,10.100000000000023,0,Medium,Medium,Low,No
9928,9928,9929,M24788,M,298.4,308.5,1576,27.4,55,0,0,0,0,0,0,10.100000000000023,0,Medium,Medium,Low,No
9929,9929,9930,H39343,H,298.4,308.4,1479,39.2,58,0,0,0,0,0,0,10.0,0,Medium,Medium,Low,No
9930,9930,9931,L57110,L,298.3,308.3,1452,45.5,63,0,0,0,0,0,0,10.0,0,High,Medium,Low,No
9931,9931,9932,L57111,L,298.3,308.3,1432,46.9,65,0,0,0,0,0,0,10.0,0,High,Medium,Low,No
9932,9932,9933,L57112,L,298.3,308.2,1663,28.4,67,0,0,0,0,0,0,9.899999999999977,0,Medium,High,Low,No
9933,9933,9934,L57113,L,298.3,308.3,1597,32.4,69,0,0,0,0,0,0,10.0,0,Medium,Medium,Low,No
9934,9934,9935,L57114,L,298.3,308.2,1472,44.3,71,0,0,0,0,0,0,9.899999999999977,0,Medium,Medium,Low,No
9935,9935,9936,L57115,L,298.4,308.3,1452,48.5,73,0,0,0,0,0,0,9.900000000000034,0,High,Medium,Low,No
9936,9936,9937,H39350,H,298.3,308.2,1534,33.2,75,0,0,0,0,0,0,9.899999999999977,0,Medium,Medium,Low,No
9937,9937,9938,L57117,L,298.3,308.1,1505,46.1,80,0,0,0,0,0,0,9.800000000000011,0,High,Medium,Low,No
9938,9938,9939,L57118,L,298.3,308.1,1528,33.9,82,0,0,0,0,0,0,9.800000000000011,0,Medium,Medium,Medium,No
9939,9939,9940,H39353,H,298.3,308.1,2636,12.8,84,0,0,0,0,0,0,9.800000000000011,0,Low,High,Medium,No
9940,9940,9941,M24800,M,298.3,308.1,1722,28.6,89,0,0,0,0,0,0,9.800000000000011,0,Medium,High,Medium,No
9941,9941,9942,L57121,L,298.4,308.1,1395,44.0,92,0,0,0,0,0,0,9.700000000000045,0,Medium,Medium,Medium,No
9942,9942,9943,L57122,L,298.4,308.1,1375,50.8,94,0,0,0,0,0,0,9.700000000000045,0,High,Medium,Medium,No
9943,9943,9944,M24803,M,298.3,308.0,1766,26.0,96,0,0,0,0,0,0,9.699999999999989,0,Medium,High,Medium,No
9944,9944,9945,L57124,L,298.3,307.9,1399,47.8,99,0,0,0,0,0,0,9.599999999999966,0,High,Medium,Medium,No
9945,9945,9946,L57125,L,298.3,308.0,1578,37.8,101,0,0,0,0,0,0,9.699999999999989,0,Medium,Medium,Medium,No
9946,9946,9947,L57126,L,298.3,307.9,1502,42.0,103,0,0,0,0,0,0,9.599999999999966,0,Medium,Medium,Medium,No
9947,9947,9948,M24807,M,298.2,307.9,1529,36.6,105,0,0,0,0,0,0,9.699999999999989,0,Medium,Medium,Medium,No
9948,9948,9949,L57128,L,298.2,307.8,1804,25.1,108,0,0,0,0,0,0,9.600000000000023,0,High,High,Medium,No
9949,9949,9950,M24809,M,298.2,307.8,1411,53.4,110,0,0,0,0,0,0,9.600000000000023,0,High,Medium,Medium,No
9950,9950,9951,L57130,L,298.1,307.8,1413,54.1,113,0,0,0,0,0,0,9.699999999999989,0,High,Medium,Medium,No
9951,9951,9952,L57131,L,298.2,307.8,1355,59.4,115,0,0,0,0,0,0,9.600000000000023,0,High,Medium,Medium,No
9952,9952,9953,L57132,L,298.2,307.8,1429,46.9,117,0,0,0,0,0,0,9.600000000000023,0,High,Medium,Medium,No
9953,9953,9954,L57133,L,298.1,307.8,1565,35.3,119,0,0,0,0,0,0,9.699999999999989,0,Medium,Medium,Medium,No
9954,9954,9955,M24814,M,298.1,307.9,1446,42.8,121,0,0,0,0,0,0,9.799999999999955,0,Medium,Medium,Medium,No
9955,9955,9956,M24815,M,298.2,307.9,1462,38.8,124,0,0,0,0,0,0,9.699999999999989,0,Medium,Medium,Medium,No
9956,9956,9957,M24816,M,298.2,307.8,1578,34.5,127,0,0,0,0,0,0,9.600000000000023,0,Medium,Medium,Medium,No
9957,9957,9958,L57137,L,298.1,307.8,1606,33.0,130,0,0,0,0,0,0,9.699999999999989,0,Medium,Medium,Medium,No
9958,9958,9959,M24818,M,298.1,307.8,1525,35.9,132,0,0,0,0,0,0,9.699999999999989,0,Medium,Medium,High,No
9959,9959,9960,L57139,L,298.1,307.8,1379,49.1,135,0,0,0,0,0,0,9.699999999999989,0,High,Medium,High,No
9960,9960,9961,L57140,L,298.2,307.8,1575,35.0,137,0,0,0,0,0,0,9.600000000000023,0,Medium,Medium,High,No
9961,9961,9962,L57141,L,298.2,307.9,1399,54.9,139,0,0,0,0,0,0,9.699999999999989,0,High,Medium,High,No
9962,9962,9963,L57142,L,298.2,307.9,1429,49.4,141,0,0,0,0,0,0,9.699999999999989,0,High,Medium,High,No
9963,9963,9964,L57143,L,298.3,307.9,1435,39.9,143,0,0,0,0,0,0,9.599999999999966,0,Medium,Medium,High,No
9964,9964,9965,L57144,L,298.3,307.9,1766,26.5,145,0,0,0,0,0,0,9.599999999999966,0,Medium,High,High,No
9965,9965,9966,L57145,L,298.3,307.9,1703,28.9,147,0,0,0,0,0,0,9.599999999999966,0,Medium,High,High,No
9966,9966,9967,L57146,L,298.3,307.9,1507,41.2,149,0,0,0,0,0,0,9.599999999999966,0,Medium,Medium,High,No
9967,9967,9968,M24827,M,298.3,307.9,1609,32.4,151,0,0,0,0,0,0,9.599999999999966,0,Medium,Medium,High,No
9968,9968,9969,L57148,L,298.4,308.0,1605,32.4,154,0,0,0,0,0,0,9.600000000000023,0,Medium,Medium,High,No
9969,9969,9970,L57149,L,298.4,308.1,1491,50.0,156,0,0,0,0,0,0,9.700000000000045,0,High,Medium,High,No
9970,9970,9971,H39384,H,298.4,308.1,1891,24.7,158,0,0,0,0,0,0,9.700000000000045,0,Low,High,High,No
9971,9971,9972,H39385,H,298.5,308.2,1563,44.6,163,0,0,0,0,0,0,9.699999999999989,0,Medium,Medium,High,No
9972,9972,9973,L57152,L,298.6,308.2,1390,51.4,168,0,0,0,0,0,0,9.599999999999966,0,High,Medium,High,No
9973,9973,9974,L57153,L,298.5,308.2,1444,40.5,170,0,0,0,0,0,0,9.699999999999989,0,Medium,Medium,High,No
9974,9974,9975,L57154,L,298.6,308.2,1361,68.2,172,1,0,0,1,1,0,9.599999999999966,2,High,Medium,High,No
9975,9975,9976,M24835,M,298.6,308.3,1589,34.1,174,0,0,0,0,0,0,9.699999999999989,0,Medium,Medium,High,No
9976,9976,9977,L57156,L,298.6,308.2,1705,26.3,177,0,0,0,0,0,0,9.599999999999966,0,Medium,High,High,No
9977,9977,9978,L57157,L,298.6,308.3,1422,40.4,179,0,0,0,0,0,0,9.699999999999989,0,Medium,Medium,High,No
9978,9978,9979,H39392,H,298.6,308.3,1377,52.1,181,0,0,0,0,0,0,9.699999999999989,0,High,Medium,High,No
9979,9979,9980,L57159,L,298.5,308.3,1334,49.8,186,0,0,0,0,0,0,9.800000000000011,0,High,Medium,High,No
9980,9980,9981,L57160,L,298.6,308.4,1559,36.6,188,0,0,0,0,0,0,9.799999999999955,0,Medium,Medium,High,No
9981,9981,9982,L57161,L,298.7,308.5,1353,47.0,190,0,0,0,0,0,0,9.800000000000011,0,High,Medium,High,No
9982,9982,9983,M24842,M,298.7,308.4,1507,45.7,192,0,0,0,0,0,0,9.699999999999989,0,High,Medium,High,No
9983,9983,9984,L57163,L,298.7,308.4,1694,28.7,195,0,0,0,0,0,0,9.699999999999989,0,Medium,High,High,No
9984,9984,9985,H39398,H,298.7,308.4,1432,42.8,197,0,0,0,0,0,0,9.699999999999989,0,Medium,Medium,High,No
9985,9985,9986,H39399,H,298.7,308.5,1572,35.6,202,0,0,0,0,0,0,9.800000000000011,0,Medium,Medium,High,No
9986,9986,9987,M24846,M,298.8,308.6,1507,42.3,207,0,0,0,0,0,0,9.800000000000011,0,Medium,Medium,High,No
9987,9987,9988,M24847,M,298.8,308.6,1500,37.1,210,0,0,0,0,0,0,9.800000000000011,0,Medium,Medium,High,No
9988,9988,9989,L57168,L,298.9,308.6,1771,24.1,213,0,0,0,0,0,0,9.700000000000045,0,Low,High,High,No
9989,9989,9990,M24849,M,298.8,308.5,1577,33.2,0,0,0,0,0,0,0,9.699999999999989,0,Medium,Medium,Low,No
9990,9990,9991,L57170,L,298.8,308.5,1527,36.2,3,0,0,0,0,0,0,9.699999999999989,0,Medium,Medium,Low,No
9991,9991,9992,M24851,M,298.9,308.4,1827,26.1,5,0,0,0,0,0,0,9.5,0,Medium,High,Low,No
9992,9992,9993,L57172,L,298.8,308.4,1484,39.2,8,0,0,0,0,0,0,9.599999999999966,0,Medium,Medium,Low,No
9993,9993,9994,L57173,L,298.8,308.4,1401,47.3,10,0,0,0,0,0,0,9.599999999999966,0,High,Medium,Low,No
9994,9994,9995,L57174,L,298.8,308.3,1634,27.9,12,0,0,0,0,0,0,9.5,0,Medium,Medium,Low,No
9995,9995,9996,M24855,M,298.8,308.4,1604,29.5,14,0,0,0,0,0,0,9.599999999999966,0,Medium,Medium,Low,No
9996,9996,9997,H39410,H,298.9,308.4,1632,31.8,17,0,0,0,0,0,0,9.5,0,Medium,Medium,Low,No
9997,9997,9998,M24857,M,299.0,308.6,1645,33.4,22,0,0,0,0,0,0,9.600000000000023,0,Medium,Medium,Low,No
9998,9998,9999,H39412,H,299.0,308.7,1408,48.5,25,0,0,0,0,0,0,9.699999999999989,0,High,Medium,Low,No
9999,9999,10000,M24859,M,299.0,308.7,1500,40.2,30,0,0,0,0,0,0,9.699999999999989,0,Medium,Medium,Low,No
